open,order,sym,type,vol,price,sl,tp,time,state,comment,strat,sl_pct,tp_pct
2025.01.01 23:05:02,3,XAUUSD,sell stop,0.01 / 0,2586.03,2665.54,2567.13,2025.01.03 10:15:01,canceled,The Gold Reaper_XAUUSD_1,1,3.0745969690993435,0.730849990139329
2025.01.01 23:05:02,2,XAUUSD,buy stop,0.01 / 0,2722.62,2643.11,2741.52,2025.01.03 10:15:01,canceled,The Gold Reaper_XAUUSD_1,1,2.9203487816882183,0.6941842783789178
2025.01.03 10:15:01,9,XAUUSD,sell stop,0.01 / 0,2586.04,2666.07,2567.02,2025.01.05 23:05:00,canceled,The Gold Reaper_XAUUSD_1,1,3.0946930441911262,0.7354874634576412
2025.01.03 10:15:01,8,XAUUSD,buy stop,0.01 / 0,2722.59,2642.56,2741.61,2025.01.05 23:05:00,canceled,The Gold Reaper_XAUUSD_1,1,2.9394804212165693,0.6985994953334869
2025.01.01 23:05:02,6,XAUUSD,buy stop,0.02 / 0,2724.51,2715.39,2767.52,2025.01.07 00:06:00,canceled,The Gold Reaper_XAUUSD_3,3,0.33473909069889063,1.5786324880437126
2025.01.05 23:05:00,11,XAUUSD,sell stop,0.01 / 0,2586.07,2667.15,2566.8,2025.01.07 10:15:00,canceled,The Gold Reaper_XAUUSD_1,1,3.135259293058576,0.7451461097340745
2025.01.05 23:05:00,10,XAUUSD,buy stop,0.01 / 0,2722.54,2641.46,2741.81,2025.01.07 10:15:00,canceled,The Gold Reaper_XAUUSD_1,1,2.978101331844525,0.7077949267962999
2025.01.07 00:05:01,12,XAUUSD,buy stop,0.02 / 0.02,2663.7,2654.46,2707.28,2025.01.07 13:57:53,filled,The Gold Reaper_XAUUSD_3,3,0.3468859105755071,1.6360701280174337
2025.01.01 23:05:02,4,XAUUSD,buy stop,0.02 / 0,2723.98,2710.95,2777.42,2025.01.08 00:06:00,canceled,The Gold Reaper_XAUUSD_2,2,0.4783441875491083,1.961835255765463
2025.01.08 00:05:00,17,XAUUSD,buy stop,0.02 / 0.02,2663.18,2650.01,2717.19,2025.01.08 14:03:39,filled,The Gold Reaper_XAUUSD_2,2,0.49452158697495546,2.028026644838134
2025.01.07 15:00:00,15,XAUUSD,buy stop,0.02 / 0.02,2663.7,2654.46,2707.28,2025.01.08 14:03:46,filled,The Gold Reaper_XAUUSD_3,3,0.3468859105755071,1.6360701280174337
2025.01.07 10:15:00,14,XAUUSD,sell stop,0.01 / 0,2586.05,2666.6,2566.9,2025.01.08 21:15:00,canceled,The Gold Reaper_XAUUSD_1,1,3.114788963863797,0.7405115910365263
2025.01.07 10:15:00,13,XAUUSD,buy stop,0.01 / 0,2722.57,2642.02,2741.72,2025.01.08 21:15:00,canceled,The Gold Reaper_XAUUSD_1,1,2.9586016153854695,0.7033795274317881
2025.01.08 21:15:00,22,XAUUSD,sell stop,0.01 / 0,2586.05,2666.41,2566.95,2025.01.10 08:15:00,canceled,The Gold Reaper_XAUUSD_1,1,3.1074418514723097,0.7385781404071987
2025.01.08 21:15:00,21,XAUUSD,buy stop,0.01 / 0,2722.58,2642.22,2741.68,2025.01.10 08:15:00,canceled,The Gold Reaper_XAUUSD_1,1,2.9516120738417286,0.7015404506019992
2025.01.10 08:15:00,23,XAUUSD,buy stop,0.01 / 0,2722.54,2641.33,2741.84,2025.01.10 13:50:00,canceled,The Gold Reaper_XAUUSD_1,1,2.982876284645957,0.7088968389812522
2025.01.10 08:15:00,24,XAUUSD,sell stop,0.01 / 0,2586.07,2667.28,2566.77,2025.01.10 13:50:00,canceled,The Gold Reaper_XAUUSD_1,1,3.1402862258175546,0.7463061711399993
2025.01.08 15:00:00,18,XAUUSD,buy stop,0.02 / 0,2723.96,2710.79,2777.97,2025.01.10 13:50:00,canceled,The Gold Reaper_XAUUSD_2,2,0.48348727587776885,1.982775077460747
2025.01.01 23:05:02,5,XAUUSD,sell stop,0.02 / 0,2584.85,2597.88,2531.41,2025.01.10 13:50:00,canceled,The Gold Reaper_XAUUSD_2,2,0.5040911464881985,2.0674313789968495
2025.01.01 23:05:02,7,XAUUSD,sell stop,0.02 / 0,2585.5,2594.62,2542.49,2025.01.10 13:50:00,canceled,The Gold Reaper_XAUUSD_3,3,0.35273641461999194,1.6635080255269856
2025.01.10 16:31:00,26,XAUUSD,sell stop,0.01 / 0,2586.07,2667.28,2566.77,2025.01.12 23:05:00,canceled,The Gold Reaper_XAUUSD_1,1,3.1402862258175546,0.7463061711399993
2025.01.10 16:31:00,25,XAUUSD,buy stop,0.01 / 0,2722.54,2641.33,2741.84,2025.01.12 23:05:00,canceled,The Gold Reaper_XAUUSD_1,1,2.982876284645957,0.7088968389812522
2025.01.12 23:05:00,31,XAUUSD,sell stop,0.01 / 0,2586.08,2667.52,2566.72,2025.01.14 10:15:00,canceled,The Gold Reaper_XAUUSD_1,1,3.1491678525026314,0.7486233991214551
2025.01.12 23:05:00,30,XAUUSD,buy stop,0.01 / 0,2722.53,2641.09,2741.89,2025.01.14 10:15:00,canceled,The Gold Reaper_XAUUSD_1,1,2.9913352653597958,0.7111032752623359
2025.01.10 16:31:00,27,XAUUSD,buy stop,0.02 / 0,2723.94,2710.63,2778.52,2025.01.15 00:06:00,canceled,The Gold Reaper_XAUUSD_2,2,0.4886304397306822,2.0037152066491895
2025.01.15 00:05:00,35,XAUUSD,buy stop,0.01 / 0.01,2694.26,2612.88,2713.6,2025.01.15 14:00:10,filled,The Gold Reaper_XAUUSD_1,1,3.0204954236042587,0.7178223334050793
2025.01.15 00:05:00,36,XAUUSD,buy stop,0.02 / 0.02,2695.66,2682.32,2750.36,2025.01.15 14:00:59,filled,The Gold Reaper_XAUUSD_2,2,0.4948695310239308,2.0291876571971343
2025.01.15 14:15:00,38,XAUUSD,buy stop,0.01 / 0.01,2694.26,2612.88,2713.6,2025.01.15 18:11:42,filled,The Gold Reaper_XAUUSD_1,1,3.0204954236042587,0.7178223334050793
2025.01.15 18:15:00,41,XAUUSD,buy stop,0.01 / 0.01,2694.26,2612.88,2713.6,2025.01.15 18:20:02,filled,The Gold Reaper_XAUUSD_1,1,3.0204954236042587,0.7178223334050793
2025.01.15 18:30:00,43,XAUUSD,buy stop,0.01 / 0.01,2694.26,2612.88,2713.6,2025.01.15 18:30:44,filled,The Gold Reaper_XAUUSD_1,1,3.0204954236042587,0.7178223334050793
2025.01.15 18:45:00,45,XAUUSD,buy stop,0.01 / 0.01,2694.26,2612.88,2713.6,2025.01.15 18:58:38,filled,The Gold Reaper_XAUUSD_1,1,3.0204954236042587,0.7178223334050793
2025.01.15 19:00:00,46,XAUUSD,buy stop,0.01 / 0.01,2694.26,2612.88,2713.6,2025.01.15 19:00:04,filled,The Gold Reaper_XAUUSD_1,1,3.0204954236042587,0.7178223334050793
2025.01.15 19:15:00,48,XAUUSD,buy stop,0.01 / 0.01,2694.26,2612.88,2713.6,2025.01.15 19:20:35,filled,The Gold Reaper_XAUUSD_1,1,3.0204954236042587,0.7178223334050793
2025.01.15 19:30:00,50,XAUUSD,buy stop,0.01 / 0.01,2694.26,2612.88,2713.6,2025.01.15 19:37:11,filled,The Gold Reaper_XAUUSD_1,1,3.0204954236042587,0.7178223334050793
2025.01.15 19:45:00,51,XAUUSD,buy stop,0.01 / 0.01,2694.26,2612.88,2713.6,2025.01.15 19:47:43,filled,The Gold Reaper_XAUUSD_1,1,3.0204954236042587,0.7178223334050793
2025.01.15 20:00:00,52,XAUUSD,buy stop,0.01 / 0.01,2694.26,2612.88,2713.6,2025.01.15 20:01:17,filled,The Gold Reaper_XAUUSD_1,1,3.0204954236042587,0.7178223334050793
2025.01.15 15:00:00,40,XAUUSD,buy stop,0.02 / 0.02,2695.66,2682.32,2750.36,2025.01.15 20:12:30,filled,The Gold Reaper_XAUUSD_2,2,0.4948695310239308,2.0291876571971343
2025.01.14 00:05:01,32,XAUUSD,buy stop,0.02 / 0.02,2696.18,2686.76,2740.58,2025.01.15 20:54:01,filled,The Gold Reaper_XAUUSD_3,3,0.3493832014182888,1.6467743251563356
2025.01.14 10:15:00,34,XAUUSD,sell stop,0.01 / 0,2586.09,2668.17,2566.58,2025.01.15 21:15:00,canceled,The Gold Reaper_XAUUSD_1,1,3.1739034604364087,0.7544207664853202
2025.01.14 10:15:00,33,XAUUSD,buy stop,0.01 / 0,2722.5,2640.42,2742.01,2025.01.15 21:15:00,canceled,The Gold Reaper_XAUUSD_1,1,3.0148760330578486,0.7166207529843973
2025.01.16 00:15:00,58,XAUUSD,buy stop,0.01 / 0.01,2694.25,2612.64,2713.65,2025.01.16 00:15:55,filled,The Gold Reaper_XAUUSD_1,1,3.0290433330240374,0.720051962512762
2025.01.16 00:05:00,57,XAUUSD,buy stop,0.02 / 0.02,2696.19,2686.83,2740.34,2025.01.16 00:16:58,filled,The Gold Reaper_XAUUSD_3,3,0.3471565431219657,1.6374958738071161
2025.01.16 13:45:00,65,XAUUSD,buy stop,0.01 / 0.01,2722.52,2640.91,2741.92,2025.01.16 17:05:33,filled,The Gold Reaper_XAUUSD_1,1,2.9975904676549714,0.7125751142324057
2025.01.16 17:15:00,67,XAUUSD,buy stop,0.01 / 0.01,2722.52,2640.91,2741.92,2025.01.16 17:18:31,filled,The Gold Reaper_XAUUSD_1,1,2.9975904676549714,0.7125751142324057
2025.01.16 17:30:00,68,XAUUSD,buy stop,0.01 / 0.01,2722.52,2640.91,2741.92,2025.01.16 17:30:05,filled,The Gold Reaper_XAUUSD_1,1,2.9975904676549714,0.7125751142324057
2025.01.15 21:00:00,55,XAUUSD,buy stop,0.02 / 0.02,2723.93,2710.59,2778.63,2025.01.16 17:36:44,filled,The Gold Reaper_XAUUSD_2,2,0.4897335834621187,2.0081279621723125
2025.01.16 18:00:00,69,XAUUSD,buy stop,0.01 / 0.01,2722.52,2640.91,2741.92,2025.01.16 18:05:24,filled,The Gold Reaper_XAUUSD_1,1,2.9975904676549714,0.7125751142324057
2025.01.16 18:00:00,70,XAUUSD,buy stop,0.02 / 0,2787.85,2774.47,2842.7,2025.01.16 19:01:00,canceled,The Gold Reaper_XAUUSD_2,2,0.47993973850817334,1.9674659683985833
2025.01.15 21:15:00,56,XAUUSD,sell stop,0.01 / 0,2586.07,2667.45,2566.73,2025.01.17 08:15:00,canceled,The Gold Reaper_XAUUSD_1,1,3.146859907117736,0.7478529196812207
2025.01.17 08:15:00,75,XAUUSD,sell stop,0.01 / 0,2586.1,2668.3,2566.56,2025.01.19 23:05:00,canceled,The Gold Reaper_XAUUSD_1,1,3.1785313792970213,0.7555778972197504
2025.01.16 18:15:00,72,XAUUSD,buy stop,0.01 / 0,2722.52,2640.91,2741.92,2025.01.19 23:05:00,canceled,The Gold Reaper_XAUUSD_1,1,2.9975904676549714,0.7125751142324057
2025.01.21 00:05:02,82,XAUUSD,buy stop,0.01 / 0.01,2721.09,2638.84,2740.64,2025.01.21 02:05:45,filled,The Gold Reaper_XAUUSD_1,1,3.0226857619556866,0.7184620868842899
2025.01.19 23:05:00,76,XAUUSD,buy stop,0.01 / 0.01,2722.47,2639.67,2742.15,2025.01.21 02:13:09,filled,The Gold Reaper_XAUUSD_1,1,3.0413558276124157,0.7228729793165872
2025.01.21 02:15:00,84,XAUUSD,buy stop,0.01 / 0.01,2721.09,2638.84,2740.64,2025.01.21 02:19:49,filled,The Gold Reaper_XAUUSD_1,1,3.0226857619556866,0.7184620868842899
2025.01.20 00:05:00,78,XAUUSD,buy stop,0.02 / 0.02,2723.04,2713.59,2767.61,2025.01.21 02:32:37,filled,The Gold Reaper_XAUUSD_3,3,0.34703860391326674,1.6367736059698046
2025.01.16 19:00:00,73,XAUUSD,buy stop,0.02 / 0.02,2723.93,2710.55,2778.78,2025.01.21 02:39:14,filled,The Gold Reaper_XAUUSD_2,2,0.49120204997924527,2.0136347116115454
2025.01.19 23:05:00,77,XAUUSD,sell stop,0.01 / 0,2586.11,2668.91,2566.43,2025.01.21 10:15:00,canceled,The Gold Reaper_XAUUSD_1,1,3.201719957774407,0.7609885117029164
2025.01.21 03:15:00,86,XAUUSD,buy stop,0.01 / 0,2786.41,2704.16,2805.96,2025.01.22 14:15:00,canceled,The Gold Reaper_XAUUSD_1,1,2.9518269027171162,0.7016196467856555
2025.01.21 10:15:00,89,XAUUSD,sell stop,0.01 / 0,2586.1,2668.35,2566.55,2025.01.22 21:15:00,canceled,The Gold Reaper_XAUUSD_1,1,3.1804647925447584,0.7559645798692907
2025.01.22 14:15:00,92,XAUUSD,buy stop,0.01 / 0,2786.39,2703.72,2806.04,2025.01.24 01:15:00,canceled,The Gold Reaper_XAUUSD_1,1,2.9669213570246837,0.7052135558913178
2025.01.22 21:15:00,93,XAUUSD,sell stop,0.01 / 0,2586.11,2668.78,2566.46,2025.01.24 08:15:00,canceled,The Gold Reaper_XAUUSD_1,1,3.1966931027682532,0.7598284682399469
2025.01.24 08:15:00,95,XAUUSD,sell stop,0.01 / 0,2586.14,2670.18,2566.16,2025.01.26 23:05:00,canceled,The Gold Reaper_XAUUSD_1,1,3.2496307237813875,0.772579984068922
2025.01.24 01:15:00,94,XAUUSD,buy stop,0.01 / 0,2786.33,2702.29,2806.31,2025.01.26 23:05:00,canceled,The Gold Reaper_XAUUSD_1,1,3.016153865478962,0.7170722778708918
2025.01.26 23:05:00,97,XAUUSD,sell stop,0.01 / 0,2586.14,2670.15,2566.17,2025.01.28 10:15:00,canceled,The Gold Reaper_XAUUSD_1,1,3.2484706937752876,0.7721933074002104
2025.01.26 23:05:00,96,XAUUSD,buy stop,0.01 / 0,2786.33,2702.32,2806.3,2025.01.28 10:15:00,canceled,The Gold Reaper_XAUUSD_1,1,3.015077180377047,0.7167133828369308
2025.01.10 16:31:00,29,XAUUSD,sell stop,0.02 / 0,2597.72,2607.04,2553.79,2025.01.28 17:00:00,canceled,The Gold Reaper_XAUUSD_3,3,0.3587761575535533,1.6910983477818948
2025.01.28 10:15:00,100,XAUUSD,sell stop,0.01 / 0,2586.15,2670.56,2566.09,2025.01.29 21:15:00,canceled,The Gold Reaper_XAUUSD_1,1,3.2639251396864006,0.775670398082089
2025.01.28 10:15:00,99,XAUUSD,buy stop,0.01 / 0,2786.31,2701.9,2806.37,2025.01.29 21:15:00,canceled,The Gold Reaper_XAUUSD_1,1,3.0294547268609686,0.7199486058622316
2025.01.29 00:05:06,101,XAUUSD,buy stop,0.01 / 0,2782.21,2698.59,2802.09,2025.01.30 11:15:00,canceled,The Gold Reaper_XAUUSD_1,1,3.005524385290826,0.7145398801672092
2025.01.30 11:15:00,103,XAUUSD,buy stop,0.01 / 0.01,2782.18,2697.92,2802.21,2025.01.30 13:02:21,filled,The Gold Reaper_XAUUSD_1,1,3.028560337577,0.7199390406084509
2025.01.30 13:15:00,104,XAUUSD,buy stop,0.01 / 0.01,2782.18,2697.92,2802.21,2025.01.30 13:20:33,filled,The Gold Reaper_XAUUSD_1,1,3.028560337577,0.7199390406084509
2025.01.30 13:30:00,106,XAUUSD,buy stop,0.01 / 0.01,2782.18,2697.92,2802.21,2025.01.30 13:31:34,filled,The Gold Reaper_XAUUSD_1,1,3.028560337577,0.7199390406084509
2025.01.28 00:05:01,98,XAUUSD,buy stop,0.02 / 0.02,2784.18,2774.49,2829.84,2025.01.30 13:42:26,filled,The Gold Reaper_XAUUSD_3,3,0.34803784238088253,1.6399801736956776
2025.01.30 14:00:00,108,XAUUSD,buy stop,0.01 / 0.01,2786.32,2702.06,2806.35,2025.01.30 14:25:57,filled,The Gold Reaper_XAUUSD_1,1,3.0240604094289316,0.7188693330270659
2025.01.21 03:00:00,85,XAUUSD,buy stop,0.02 / 0.02,2787.83,2774.35,2843.11,2025.01.30 14:28:24,filled,The Gold Reaper_XAUUSD_2,2,0.4835302009089514,1.9829042660420542
2025.01.30 14:45:00,109,XAUUSD,buy stop,0.01 / 0.01,2786.32,2702.06,2806.35,2025.01.30 14:50:38,filled,The Gold Reaper_XAUUSD_1,1,3.0240604094289316,0.7188693330270659
2025.01.10 16:31:00,28,XAUUSD,sell stop,0.02 / 0,2584.87,2598.18,2530.29,2025.01.30 17:00:00,canceled,The Gold Reaper_XAUUSD_2,2,0.514919512393271,2.111518180798258
2025.01.29 21:15:00,102,XAUUSD,sell stop,0.01 / 0,2586.13,2669.75,2566.25,2025.01.31 08:15:00,canceled,The Gold Reaper_XAUUSD_1,1,3.2334028065101093,0.7687161898280485
2025.01.31 08:15:00,113,XAUUSD,sell stop,0.01 / 0,2586.15,2670.34,2566.14,2025.02.02 23:05:00,canceled,The Gold Reaper_XAUUSD_1,1,3.255418285868958,0.7737370222144971
2025.02.02 23:05:00,117,XAUUSD,sell stop,0.01 / 0,2586.18,2671.47,2565.91,2025.02.04 10:15:00,canceled,The Gold Reaper_XAUUSD_1,1,3.297914298308701,0.7837814846607732
2025.02.04 10:15:00,118,XAUUSD,sell stop,0.01 / 0,2586.18,2671.44,2565.91,2025.02.05 21:15:00,canceled,The Gold Reaper_XAUUSD_1,1,3.2967542862445853,0.7837814846607732
2025.02.05 21:15:00,119,XAUUSD,sell stop,0.01 / 0,2586.19,2672.01,2565.79,2025.02.07 08:15:00,canceled,The Gold Reaper_XAUUSD_1,1,3.3183950135140945,0.7888051535270066
2025.02.07 08:15:00,120,XAUUSD,sell stop,0.01 / 0,2586.24,2673.76,2565.44,2025.02.07 13:50:00,canceled,The Gold Reaper_XAUUSD_1,1,3.3840633506557958,0.8042563721850922
2025.01.30 17:00:00,111,XAUUSD,sell stop,0.02 / 0,2584.91,2598.72,2528.27,2025.02.07 13:50:00,canceled,The Gold Reaper_XAUUSD_2,2,0.5342545775288093,2.1911788031304718
2025.02.07 16:31:00,121,XAUUSD,sell stop,0.01 / 0,2586.24,2673.76,2565.44,2025.02.09 23:05:00,canceled,The Gold Reaper_XAUUSD_1,1,3.3840633506557958,0.8042563721850922
2025.02.09 23:05:00,123,XAUUSD,sell stop,0.01 / 0,2586.23,2673.4,2565.51,2025.02.11 10:15:00,canceled,The Gold Reaper_XAUUSD_1,1,3.370543223147209,0.8011661762488178
2025.02.11 10:15:00,124,XAUUSD,sell stop,0.01 / 0,2586.23,2673.7,2565.44,2025.02.12 21:15:00,canceled,The Gold Reaper_XAUUSD_1,1,3.3821431195214577,0.8038728187361512
2025.02.12 21:15:00,125,XAUUSD,sell stop,0.01 / 0,2586.27,2675.26,2565.12,2025.02.14 08:15:00,canceled,The Gold Reaper_XAUUSD_1,1,3.4408627096165616,0.8177800461668769
2025.02.14 08:15:00,127,XAUUSD,sell stop,0.01 / 0,2586.26,2674.89,2565.19,2025.02.16 23:05:00,canceled,The Gold Reaper_XAUUSD_1,1,3.4269562998306293,0.8146899383666051
2025.02.16 23:05:00,129,XAUUSD,sell stop,0.01 / 0,2586.28,2675.68,2565.03,2025.02.18 10:15:00,canceled,The Gold Reaper_XAUUSD_1,1,3.456702290548573,0.8216434415453855
2025.02.16 23:05:00,128,XAUUSD,buy stop,0.01 / 0,2938.83,2849.43,2960.08,2025.02.18 10:15:00,canceled,The Gold Reaper_XAUUSD_1,1,3.0420269290840265,0.7230768707274664
2025.02.18 10:15:00,131,XAUUSD,buy stop,0.01 / 0.01,2938.9,2851.07,2959.78,2025.02.19 01:50:42,filled,The Gold Reaper_XAUUSD_1,1,2.988533124638468,0.7104699037054717
2025.02.19 02:00:00,133,XAUUSD,buy stop,0.01 / 0.01,2938.87,2850.44,2959.89,2025.02.19 02:00:03,filled,The Gold Reaper_XAUUSD_1,1,3.0089796418351216,0.7152408919074332
2025.02.19 02:15:00,135,XAUUSD,buy stop,0.01 / 0.01,2938.87,2850.44,2959.89,2025.02.19 08:26:22,filled,The Gold Reaper_XAUUSD_1,1,3.0089796418351216,0.7152408919074332
2025.02.19 08:45:00,136,XAUUSD,buy stop,0.01 / 0.01,2938.87,2850.44,2959.89,2025.02.19 09:00:09,filled,The Gold Reaper_XAUUSD_1,1,3.0089796418351216,0.7152408919074332
2025.02.16 23:05:00,130,XAUUSD,buy stop,0.02 / 0.02,2940.37,2925.71,3000.46,2025.02.19 09:15:11,filled,The Gold Reaper_XAUUSD_2,2,0.4985767097338041,2.0436203607029095
2025.02.14 00:05:00,126,XAUUSD,buy stop,0.02 / 0.02,2940.97,2930.8,2988.92,2025.02.19 09:15:14,filled,The Gold Reaper_XAUUSD_3,3,0.3458042754601243,1.6304144550947572
2025.02.18 10:15:00,132,XAUUSD,sell stop,0.01 / 0,2586.24,2674.07,2565.36,2025.02.19 21:15:00,canceled,The Gold Reaper_XAUUSD_1,1,3.3960498638950907,0.8073496659242628
2025.02.19 21:15:00,139,XAUUSD,sell stop,0.01 / 0,2586.26,2674.69,2565.24,2025.02.21 08:15:00,canceled,The Gold Reaper_XAUUSD_1,1,3.4192231252851544,0.812756644730245
2025.02.21 08:15:00,143,XAUUSD,sell stop,0.01 / 0,2586.29,2675.82,2565.01,2025.02.23 23:05:00,canceled,The Gold Reaper_XAUUSD_1,1,3.4617154302108504,0.8228002273526845
2025.02.24 00:05:00,145,XAUUSD,buy stop,0.02 / 0.02,2952.98,2942.69,3001.49,2025.02.24 13:52:42,filled,The Gold Reaper_XAUUSD_3,3,0.3484615540911203,1.642747326429565
2025.02.23 23:05:00,144,XAUUSD,sell stop,0.01 / 0,2586.29,2676.01,2564.96,2025.02.25 10:15:00,canceled,The Gold Reaper_XAUUSD_1,1,3.4690618608122157,0.8247334985635768
2025.02.25 10:15:00,147,XAUUSD,sell stop,0.01 / 0,2586.29,2675.87,2565.0,2025.02.26 21:15:00,canceled,The Gold Reaper_XAUUSD_1,1,3.4636487014217248,0.8231868815948701
2025.02.07 16:31:00,122,XAUUSD,sell stop,0.02 / 0,2584.94,2599.29,2526.12,2025.02.27 17:00:00,canceled,The Gold Reaper_XAUUSD_2,2,0.5551386105673598,2.2754880190642783
2025.02.26 21:15:00,148,XAUUSD,sell stop,0.01 / 0,2586.3,2676.28,2564.91,2025.02.28 08:15:00,canceled,The Gold Reaper_XAUUSD_1,1,3.4791014190155822,0.8270502261918697
2025.02.28 08:15:00,153,XAUUSD,sell stop,0.01 / 0,2586.28,2675.32,2565.11,2025.03.02 23:05:00,canceled,The Gold Reaper_XAUUSD_1,1,3.4427826840094635,0.8185501956478057
2025.02.28 00:05:01,151,XAUUSD,buy stop,0.01 / 0,2952.24,2863.2,2973.41,2025.03.02 23:05:00,canceled,The Gold Reaper_XAUUSD_1,1,3.0160149581334843,0.7170826220090533
2025.03.02 23:05:00,155,XAUUSD,sell stop,0.01 / 0,2586.24,2673.95,2565.39,2025.03.04 10:15:00,canceled,The Gold Reaper_XAUUSD_1,1,3.391409923286317,0.8061896807720826
2025.03.02 23:05:00,154,XAUUSD,buy stop,0.01 / 0,2952.3,2864.59,2973.15,2025.03.04 10:15:00,canceled,The Gold Reaper_XAUUSD_1,1,2.9709040409172522,0.7062290417640452
2025.02.27 17:00:00,150,XAUUSD,sell stop,0.02 / 0,2584.96,2599.55,2525.13,2025.03.05 00:06:01,canceled,The Gold Reaper_XAUUSD_2,2,0.5644187917801492,2.3145425847982146
2025.03.04 10:15:00,158,XAUUSD,sell stop,0.01 / 0,2586.24,2673.81,2565.43,2025.03.05 21:15:00,canceled,The Gold Reaper_XAUUSD_1,1,3.3859966592427684,0.8046430339024974
2025.03.04 10:15:00,157,XAUUSD,buy stop,0.01 / 0,2952.3,2864.73,2973.11,2025.03.05 21:15:00,canceled,The Gold Reaper_XAUUSD_1,1,2.9661619754090087,0.7048741659045471
2025.03.05 21:15:00,161,XAUUSD,sell stop,0.01 / 0,2586.25,2674.42,2565.29,2025.03.07 08:15:00,canceled,The Gold Reaper_XAUUSD_1,1,3.409183180280331,0.8104398260029014
2025.03.05 21:15:00,160,XAUUSD,buy stop,0.01 / 0,2952.28,2864.11,2973.24,2025.03.07 08:15:00,canceled,The Gold Reaper_XAUUSD_1,1,2.986505345021477,0.7099597599143571
2025.03.07 08:15:00,162,XAUUSD,buy stop,0.01 / 0,2952.24,2863.23,2973.4,2025.03.07 13:50:00,canceled,The Gold Reaper_XAUUSD_1,1,3.0149987805869363,0.7167438961602144
2025.03.07 08:15:01,163,XAUUSD,sell stop,0.01 / 0,2586.27,2675.28,2565.11,2025.03.07 13:50:00,canceled,The Gold Reaper_XAUUSD_1,1,3.441636024081021,0.818166703399098
2025.02.28 00:05:01,152,XAUUSD,buy stop,0.02 / 0,2953.77,2939.17,3013.62,2025.03.07 13:50:00,canceled,The Gold Reaper_XAUUSD_2,2,0.49428357658178906,2.0262241135904255
2025.03.05 00:05:02,159,XAUUSD,sell stop,0.02 / 0,2833.72,2848.17,2774.46,2025.03.07 13:50:00,canceled,The Gold Reaper_XAUUSD_2,2,0.5099304094970666,2.0912440184633545
2025.02.27 00:05:01,149,XAUUSD,buy stop,0.02 / 0,2954.35,2944.14,3002.51,2025.03.07 13:50:00,canceled,The Gold Reaper_XAUUSD_3,3,0.3455920930153853,1.6301386091695402
2025.03.04 00:05:01,156,XAUUSD,sell stop,0.02 / 0,2834.43,2844.48,2787.06,2025.03.07 13:50:00,canceled,The Gold Reaper_XAUUSD_3,3,0.3545686434309608,1.6712354864999275
2025.03.07 16:31:00,165,XAUUSD,sell stop,0.01 / 0,2586.27,2675.28,2565.11,2025.03.09 23:15:01,canceled,The Gold Reaper_XAUUSD_1,1,3.441636024081021,0.818166703399098
2025.03.07 16:31:00,164,XAUUSD,buy stop,0.01 / 0,2952.24,2863.23,2973.4,2025.03.09 23:15:01,canceled,The Gold Reaper_XAUUSD_1,1,3.0149987805869363,0.7167438961602144
2025.03.07 16:31:00,168,XAUUSD,buy stop,0.02 / 0,2954.35,2944.14,3002.5,2025.03.11 00:06:00,canceled,The Gold Reaper_XAUUSD_3,3,0.3455920930153853,1.6298001252390573
2025.03.09 23:15:01,171,XAUUSD,sell stop,0.01 / 0,2586.27,2675.04,2565.17,2025.03.11 10:30:01,canceled,The Gold Reaper_XAUUSD_1,1,3.432356250507487,0.8158467600057191
2025.03.09 23:15:01,170,XAUUSD,buy stop,0.01 / 0,2952.25,2863.48,2973.35,2025.03.11 10:30:01,canceled,The Gold Reaper_XAUUSD_1,1,3.006859175205351,0.7147091201625847
2025.03.11 00:05:00,172,XAUUSD,buy stop,0.02 / 0.02,2928.38,2918.17,2976.5,2025.03.12 15:51:10,filled,The Gold Reaper_XAUUSD_3,3,0.3486569365997595,1.6432293623095326
2025.03.11 10:30:01,174,XAUUSD,sell stop,0.01 / 0,2586.27,2675.22,2565.13,2025.03.12 23:02:00,canceled,The Gold Reaper_XAUUSD_1,1,3.4393160806876244,0.8173933889346384
2025.03.11 10:30:01,173,XAUUSD,buy stop,0.01 / 0,2952.24,2863.29,2973.38,2025.03.12 23:02:00,canceled,The Gold Reaper_XAUUSD_1,1,3.012966425493856,0.716066444462521
2025.03.12 23:02:00,177,XAUUSD,buy stop,0.01 / 0.01,2952.28,2864.29,2973.2,2025.03.13 13:45:01,filled,The Gold Reaper_XAUUSD_1,1,2.9804083623504627,0.7086048748763537
2025.03.13 14:00:00,180,XAUUSD,buy stop,0.01 / 0.01,2952.24,2863.32,2973.38,2025.03.13 14:01:31,filled,The Gold Reaper_XAUUSD_1,1,3.0119502479473086,0.716066444462521
2025.03.07 16:31:00,166,XAUUSD,buy stop,0.02 / 0.02,2953.77,2939.18,3013.59,2025.03.13 14:17:07,filled,The Gold Reaper_XAUUSD_2,2,0.49394502618687797,2.025208462405677
2025.03.12 16:00:00,176,XAUUSD,buy stop,0.02 / 0.02,2954.37,2944.27,3001.97,2025.03.13 14:30:55,filled,The Gold Reaper_XAUUSD_3,3,0.3418664554541208,1.6111726019422048
2025.03.12 23:02:00,178,XAUUSD,sell stop,0.01 / 0,2586.25,2674.24,2565.33,2025.03.14 10:15:03,canceled,The Gold Reaper_XAUUSD_1,1,3.4022232962783865,0.8088931851135843
2025.03.14 10:15:03,184,XAUUSD,sell stop,0.01 / 0,2586.29,2675.91,2564.99,2025.03.16 23:15:02,canceled,The Gold Reaper_XAUUSD_1,1,3.4651953183904314,0.8235735358370555
2025.03.18 00:05:01,186,XAUUSD,buy stop,0.02 / 0.02,3003.07,2992.61,3052.4,2025.03.18 00:31:22,filled,The Gold Reaper_XAUUSD_3,3,0.34831022919878774,1.6426523524260148
2025.03.16 23:15:02,185,XAUUSD,sell stop,0.01 / 0,2586.33,2677.41,2564.68,2025.03.18 10:30:00,canceled,The Gold Reaper_XAUUSD_1,1,3.521592372203081,0.8370934876833231
2025.03.18 10:30:00,188,XAUUSD,sell stop,0.01 / 0,2586.33,2677.52,2564.65,2025.03.19 23:02:01,canceled,The Gold Reaper_XAUUSD_1,1,3.525845503087389,0.8382534324699416
2025.03.19 23:02:01,189,XAUUSD,sell stop,0.01 / 0,2586.34,2677.83,2564.59,2025.03.21 10:15:00,canceled,The Gold Reaper_XAUUSD_1,1,3.537431273537113,0.8409567187608744
2025.03.21 10:15:00,190,XAUUSD,sell stop,0.01 / 0,2586.38,2679.41,2564.27,2025.03.23 23:15:01,canceled,The Gold Reaper_XAUUSD_1,1,3.596919246205111,0.8548627811845175
2025.03.23 23:15:01,191,XAUUSD,sell stop,0.01 / 0,2586.38,2679.3,2564.29,2025.03.25 10:30:00,canceled,The Gold Reaper_XAUUSD_1,1,3.5926661975425134,0.8540894996094984
2025.03.07 16:31:00,169,XAUUSD,sell stop,0.02 / 0,2834.46,2844.67,2786.31,2025.03.25 17:00:00,canceled,The Gold Reaper_XAUUSD_3,3,0.3602097048467799,1.6987362672255064
2025.03.25 00:05:07,193,XAUUSD,buy stop,0.01 / 0,3053.28,2961.03,3075.21,2025.03.26 11:15:00,canceled,The Gold Reaper_XAUUSD_1,1,3.021340984121993,0.7182439867945238
2025.03.25 10:30:00,195,XAUUSD,sell stop,0.01 / 0,2586.36,2678.61,2564.43,2025.03.26 23:02:14,canceled,The Gold Reaper_XAUUSD_1,1,3.5667888461003106,0.8479098037396299
2025.03.26 11:15:00,196,XAUUSD,buy stop,0.01 / 0.01,3053.3,2961.49,3075.12,2025.03.27 10:26:21,filled,The Gold Reaper_XAUUSD_1,1,3.0069105557921065,0.7146366226705436
2025.03.27 10:30:00,198,XAUUSD,buy stop,0.01 / 0.01,3053.29,2961.15,3075.19,2025.03.27 10:30:25,filled,The Gold Reaper_XAUUSD_1,1,3.0177284175430397,0.7172590877381477
2025.03.25 00:05:07,194,XAUUSD,buy stop,0.02 / 0.02,3054.87,3039.75,3116.88,2025.03.27 10:36:13,filled,The Gold Reaper_XAUUSD_2,2,0.4949474118374887,2.0298736116430556
2025.03.24 00:05:01,192,XAUUSD,buy stop,0.01 / 0.01,3055.48,3044.91,3105.33,2025.03.27 10:36:51,filled,The Gold Reaper_XAUUSD_3,3,0.34593582677681295,1.6314948878735882
2025.03.27 10:45:00,199,XAUUSD,buy stop,0.01 / 0.01,3053.29,2961.15,3075.19,2025.03.27 10:46:03,filled,The Gold Reaper_XAUUSD_1,1,3.0177284175430397,0.7172590877381477
2025.03.27 11:00:00,201,XAUUSD,buy stop,0.01 / 0.01,3053.29,2961.15,3075.19,2025.03.27 11:09:09,filled,The Gold Reaper_XAUUSD_1,1,3.0177284175430397,0.7172590877381477
2025.03.27 11:00:00,202,XAUUSD,buy stop,0.01 / 0.01,3055.48,3044.91,3105.33,2025.03.27 11:17:02,filled,The Gold Reaper_XAUUSD_3,3,0.34593582677681295,1.6314948878735882
2025.03.27 11:30:00,205,XAUUSD,buy stop,0.01 / 0.01,3053.29,2961.15,3075.19,2025.03.27 11:43:47,filled,The Gold Reaper_XAUUSD_1,1,3.0177284175430397,0.7172590877381477
2025.03.27 11:45:01,206,XAUUSD,buy stop,0.01 / 0.01,3053.29,2961.15,3075.19,2025.03.27 11:52:07,filled,The Gold Reaper_XAUUSD_1,1,3.0177284175430397,0.7172590877381477
2025.03.27 12:30:00,207,XAUUSD,buy stop,0.01 / 0.01,3053.29,2961.15,3075.19,2025.03.27 14:38:41,filled,The Gold Reaper_XAUUSD_1,1,3.0177284175430397,0.7172590877381477
2025.03.27 14:00:00,211,XAUUSD,buy stop,0.02 / 0.02,3054.87,3039.76,3116.8,2025.03.27 14:39:32,filled,The Gold Reaper_XAUUSD_2,2,0.4946200656656314,2.0272548422682566
2025.03.27 13:00:00,208,XAUUSD,buy stop,0.01 / 0.01,3055.48,3044.91,3105.33,2025.03.27 14:39:33,filled,The Gold Reaper_XAUUSD_3,3,0.34593582677681295,1.6314948878735882
2025.03.07 16:31:00,167,XAUUSD,sell stop,0.02 / 0,2833.73,2848.32,2773.91,2025.03.27 17:00:00,canceled,The Gold Reaper_XAUUSD_2,2,0.5148690947973217,2.110998577846166
2025.03.26 23:02:14,197,XAUUSD,sell stop,0.01 / 0,2586.35,2678.16,2564.53,2025.03.28 10:15:00,canceled,The Gold Reaper_XAUUSD_1,1,3.549790244939778,0.8436599841475326
2025.03.28 10:15:00,220,XAUUSD,sell stop,0.01 / 0,2586.36,2678.52,2564.45,2025.03.30 23:05:00,canceled,The Gold Reaper_XAUUSD_1,1,3.5633090521041098,0.8471365161849204
2025.03.30 23:05:00,221,XAUUSD,sell stop,0.01 / 0,2586.38,2679.58,2564.23,2025.04.01 10:15:00,canceled,The Gold Reaper_XAUUSD_1,1,3.603492139592783,0.856409344334556
2025.04.01 10:15:00,222,XAUUSD,sell stop,0.01 / 0,2586.41,2680.66,2564.01,2025.04.02 23:05:00,canceled,The Gold Reaper_XAUUSD_1,1,3.644047154163493,0.866065318336986
2025.04.02 23:05:00,223,XAUUSD,sell stop,0.01 / 0,2586.44,2681.69,2563.8,2025.04.04 10:15:00,canceled,The Gold Reaper_XAUUSD_1,1,3.682668068851394,0.8753344365227832
2025.04.04 10:15:00,224,XAUUSD,sell stop,0.01 / 0,2586.46,2682.41,2563.65,2025.04.04 13:50:00,canceled,The Gold Reaper_XAUUSD_1,1,3.7097036103399943,0.8819003580182931
2025.03.27 17:00:00,212,XAUUSD,sell stop,0.02 / 0,2833.77,2848.88,2771.84,2025.04.04 13:50:00,canceled,The Gold Reaper_XAUUSD_2,2,0.5332119402774441,2.18542789287768
2025.04.04 16:31:00,225,XAUUSD,sell stop,0.01 / 0,2586.46,2682.41,2563.65,2025.04.06 23:05:00,canceled,The Gold Reaper_XAUUSD_1,1,3.7097036103399943,0.8819003580182931
2025.04.06 23:05:00,227,XAUUSD,sell stop,0.01 / 0,2586.43,2681.45,2563.84,2025.04.08 10:15:00,canceled,The Gold Reaper_XAUUSD_1,1,3.6737897410716696,0.8734046542918112
2025.04.08 00:05:03,229,XAUUSD,buy stop,0.01 / 0,3163.72,3071.92,3185.54,2025.04.09 11:15:00,canceled,The Gold Reaper_XAUUSD_1,1,2.9016474277116724,0.6896944103776619
2025.04.08 10:15:00,231,XAUUSD,sell stop,0.01 / 0,2586.35,2678.15,2564.53,2025.04.09 21:15:00,canceled,The Gold Reaper_XAUUSD_1,1,3.5494035996674924,0.8436599841475326
2025.04.09 11:15:00,232,XAUUSD,buy stop,0.01 / 0.01,3163.75,3072.66,3185.4,2025.04.10 16:15:10,filled,The Gold Reaper_XAUUSD_1,1,2.8791781904385667,0.6843145001975532
2025.04.08 00:05:03,230,XAUUSD,buy stop,0.02 / 0.02,3165.3,3150.25,3227.0,2025.04.10 16:15:51,filled,The Gold Reaper_XAUUSD_2,2,0.4754683600290709,1.949262313208853
2025.04.07 00:05:00,228,XAUUSD,buy stop,0.01 / 0.01,3165.89,3155.29,3215.87,2025.04.10 16:25:07,filled,The Gold Reaper_XAUUSD_3,3,0.3348189608609241,1.578702987153692
2025.04.04 16:31:00,226,XAUUSD,sell stop,0.02 / 0,2833.81,2849.54,2769.32,2025.04.11 00:06:00,canceled,The Gold Reaper_XAUUSD_2,2,0.5550830860219993,2.275734788147398
2025.04.09 21:15:00,233,XAUUSD,sell stop,0.01 / 0,2586.33,2677.42,2564.68,2025.04.11 08:15:00,canceled,The Gold Reaper_XAUUSD_1,1,3.5219790204652983,0.8370934876833231
2025.04.11 08:15:00,239,XAUUSD,sell stop,0.01 / 0,2586.4,2680.35,2564.07,2025.04.13 23:05:00,canceled,The Gold Reaper_XAUUSD_1,1,3.6324621094958176,0.8633622022888929
2025.04.13 23:05:00,240,XAUUSD,sell stop,0.01 / 0,2586.49,2683.76,2563.37,2025.04.15 10:15:01,canceled,The Gold Reaper_XAUUSD_1,1,3.76069499592113,0.8938754837637066
2025.04.15 10:15:01,241,XAUUSD,sell stop,0.01 / 0,2586.52,2684.85,2563.15,2025.04.16 23:05:00,canceled,The Gold Reaper_XAUUSD_1,1,3.801633082288168,0.9035306125605017
2025.04.16 23:05:00,242,XAUUSD,sell stop,0.01 / 0,2586.51,2684.5,2563.22,2025.04.20 23:05:00,canceled,The Gold Reaper_XAUUSD_1,1,3.788502654155591,0.9004411349656648
2025.04.20 23:05:00,243,XAUUSD,sell stop,0.01 / 0,2586.62,2688.8,2562.33,2025.04.22 10:15:00,canceled,The Gold Reaper_XAUUSD_1,1,3.9503290007809535,0.9390633336168421
2025.04.10 00:05:00,234,XAUUSD,sell stop,0.02 / 0,2958.46,2968.9,2909.26,2025.04.28 00:05:00,canceled,The Gold Reaper_XAUUSD_3,3,0.3528862989528354,1.6630273858696691
2025.04.27 23:05:02,245,XAUUSD,buy stop,0.01 / 0,3495.54,3393.4,3519.82,2025.04.29 10:15:00,canceled,The Gold Reaper_XAUUSD_1,1,2.9220091888520763,0.69459940381172
2025.04.29 10:15:00,248,XAUUSD,buy stop,0.01 / 0,3495.6,3394.86,3519.55,2025.04.30 23:05:01,canceled,The Gold Reaper_XAUUSD_1,1,2.881908685204251,0.6851470419956595
2025.04.11 00:05:00,238,XAUUSD,sell stop,0.02 / 0,2957.75,2973.15,2894.6,2025.05.01 00:05:00,canceled,The Gold Reaper_XAUUSD_2,2,0.5206660468261378,2.135068886822757
2025.04.30 23:05:01,249,XAUUSD,buy stop,0.01 / 0,3495.55,3393.75,3519.75,2025.05.02 10:15:00,canceled,The Gold Reaper_XAUUSD_1,1,2.912274177168119,0.6923087926077389
2025.05.02 10:15:00,251,XAUUSD,buy stop,0.01 / 0,3495.64,3395.81,3519.37,2025.05.02 13:50:00,canceled,The Gold Reaper_XAUUSD_1,1,2.855843279056194,0.6788456477211617
2025.04.27 23:05:02,246,XAUUSD,buy stop,0.02 / 0,3497.29,3480.55,3565.94,2025.05.02 13:50:00,canceled,The Gold Reaper_XAUUSD_2,2,0.47865633104488853,1.9629484543746756
2025.05.01 00:05:00,250,XAUUSD,sell stop,0.02 / 0,2957.83,2974.42,2889.83,2025.05.02 13:50:00,canceled,The Gold Reaper_XAUUSD_2,2,0.5608841616996293,2.2989827001551815
2025.04.25 00:05:00,244,XAUUSD,buy stop,0.01 / 0,3497.98,3486.37,3552.7,2025.05.02 13:50:00,canceled,The Gold Reaper_XAUUSD_3,3,0.33190584280070573,1.5643314141304352
2025.04.28 00:05:00,247,XAUUSD,sell stop,0.01 / 0,2958.66,2970.25,2904.01,2025.05.02 13:50:00,canceled,The Gold Reaper_XAUUSD_3,3,0.39173139191391193,1.8471199799909295
2025.05.02 16:31:00,252,XAUUSD,buy stop,0.01 / 0,3495.64,3395.81,3519.37,2025.05.04 23:05:00,canceled,The Gold Reaper_XAUUSD_1,1,2.855843279056194,0.6788456477211617
2025.05.04 23:05:00,256,XAUUSD,buy stop,0.01 / 0,3495.69,3396.95,3519.16,2025.05.06 10:15:01,canceled,The Gold Reaper_XAUUSD_1,1,2.8246211763628994,0.6713982075069528
2025.05.06 10:15:01,258,XAUUSD,buy stop,0.01 / 0,3495.67,3396.6,3519.22,2025.05.07 23:05:00,canceled,The Gold Reaper_XAUUSD_1,1,2.8340775874152926,0.6736905943638767
2025.05.02 16:31:00,255,XAUUSD,buy stop,0.01 / 0,3498.01,3486.55,3552.02,2025.05.09 00:06:00,canceled,The Gold Reaper_XAUUSD_3,3,0.3276148438683719,1.5440207432225683
2025.05.07 23:05:00,259,XAUUSD,buy stop,0.01 / 0,3495.56,3393.87,3519.73,2025.05.09 10:15:00,canceled,The Gold Reaper_XAUUSD_1,1,2.909118996670063,0.6914485804849602
2025.05.09 10:15:01,261,XAUUSD,buy stop,0.01 / 0,3495.5,3392.52,3519.98,2025.05.11 23:05:00,canceled,The Gold Reaper_XAUUSD_1,1,2.9460735231011306,0.7003289944213995
2025.05.11 23:05:01,262,XAUUSD,buy stop,0.01 / 0,3495.58,3394.43,3519.62,2025.05.13 10:15:00,canceled,The Gold Reaper_XAUUSD_1,1,2.8936542719663145,0.6877256420965895
2025.05.05 00:05:00,257,XAUUSD,sell stop,0.01 / 0.01,3203.93,3215.28,3150.44,2025.05.14 12:36:57,filled,The Gold Reaper_XAUUSD_3,3,0.35425243372983695,1.6695121304148277
2025.05.13 10:15:00,263,XAUUSD,buy stop,0.01 / 0,3495.62,3395.35,3519.46,2025.05.14 23:05:01,canceled,The Gold Reaper_XAUUSD_1,1,2.8684467991372053,0.6819963268318681
2025.05.14 23:05:01,265,XAUUSD,buy stop,0.01 / 0,3495.69,3396.97,3519.16,2025.05.16 10:15:00,canceled,The Gold Reaper_XAUUSD_1,1,2.82404904325041,0.6713982075069528
2025.05.16 10:15:00,266,XAUUSD,buy stop,0.01 / 0,3495.76,3398.58,3518.86,2025.05.18 23:05:00,canceled,The Gold Reaper_XAUUSD_1,1,2.7799391262558153,0.660800512621001
2025.05.02 16:31:00,254,XAUUSD,sell stop,0.02 / 0,2957.82,2974.19,2890.72,2025.05.20 00:06:01,canceled,The Gold Reaper_XAUUSD_2,2,0.5534481476222316,2.268562657632999
2025.05.18 23:05:00,267,XAUUSD,buy stop,0.01 / 0,3495.69,3396.96,3519.16,2025.05.20 10:15:00,canceled,The Gold Reaper_XAUUSD_1,1,2.8243351098066483,0.6713982075069528
2025.05.20 00:05:00,269,XAUUSD,sell stop,0.01 / 0,3123.46,3222.13,3100.01,2025.05.21 11:15:00,canceled,The Gold Reaper_XAUUSD_1,1,3.1589967536001766,0.7507699794458651
2025.05.20 10:15:00,271,XAUUSD,buy stop,0.01 / 0,3495.69,3397.02,3519.14,2025.05.21 23:05:00,canceled,The Gold Reaper_XAUUSD_1,1,2.82261871046918,0.6708260743944634
2025.05.02 16:31:00,253,XAUUSD,buy stop,0.02 / 0,3497.36,3480.99,3564.46,2025.05.22 17:00:00,canceled,The Gold Reaper_XAUUSD_2,2,0.46806734222385865,1.918590022188162
2025.05.21 11:15:00,272,XAUUSD,sell stop,0.01 / 0,3123.45,3221.74,3100.09,2025.05.22 23:05:00,canceled,The Gold Reaper_XAUUSD_1,1,3.146840833053193,0.7478909539131304
2025.05.21 23:05:00,273,XAUUSD,buy stop,0.01 / 0,3495.71,3397.42,3519.07,2025.05.23 10:15:00,canceled,The Gold Reaper_XAUUSD_1,1,2.8117320944815205,0.6682476521221763
2025.05.23 10:15:00,276,XAUUSD,buy stop,0.01 / 0,3495.57,3394.31,3519.64,2025.05.25 23:05:01,canceled,The Gold Reaper_XAUUSD_1,1,2.896809390170994,0.6885858386471937
2025.05.22 23:05:00,275,XAUUSD,sell stop,0.01 / 0,3123.5,3223.87,3099.64,2025.05.25 23:05:01,canceled,The Gold Reaper_XAUUSD_1,1,3.213382423563307,0.7638866655994918
2025.05.09 00:05:00,260,XAUUSD,buy stop,0.01 / 0,3432.79,3420.97,3488.5,2025.05.27 00:05:01,canceled,The Gold Reaper_XAUUSD_3,3,0.34432633513847816,1.622878183634887
2025.05.25 23:05:01,278,XAUUSD,sell stop,0.01 / 0,3123.51,3224.16,3099.58,2025.05.27 10:15:00,canceled,The Gold Reaper_XAUUSD_1,1,3.222336410000276,0.766125288537584
2025.05.25 23:05:01,277,XAUUSD,buy stop,0.01 / 0,3495.6,3394.95,3519.53,2025.05.27 10:15:00,canceled,The Gold Reaper_XAUUSD_1,1,2.8793340199107478,0.6845748941526574
2025.05.27 10:15:00,281,XAUUSD,sell stop,0.01 / 0,3123.54,3225.49,3099.31,2025.05.28 23:05:00,canceled,The Gold Reaper_XAUUSD_1,1,3.2639249057159447,0.7757224175134629
2025.05.27 10:15:00,280,XAUUSD,buy stop,0.01 / 0,3495.54,3393.59,3519.77,2025.05.28 23:05:00,canceled,The Gold Reaper_XAUUSD_1,1,2.9165736910462994,0.6931690096523003
2025.05.28 23:05:00,283,XAUUSD,sell stop,0.01 / 0,3123.55,3225.61,3099.29,2025.05.30 10:15:00,canceled,The Gold Reaper_XAUUSD_1,1,3.2674360903459188,0.776680379696186
2025.05.28 23:05:00,282,XAUUSD,buy stop,0.01 / 0,3495.54,3393.48,3519.8,2025.05.30 10:15:00,canceled,The Gold Reaper_XAUUSD_1,1,2.919720558197015,0.6940272461479549
2025.05.30 10:15:00,285,XAUUSD,sell stop,0.01 / 0,3123.48,3222.91,3099.85,2025.06.01 23:05:00,canceled,The Gold Reaper_XAUUSD_1,1,3.183308361186876,0.7565279752071443
2025.05.30 10:15:00,284,XAUUSD,buy stop,0.01 / 0,3495.66,3396.23,3519.29,2025.06.01 23:05:01,canceled,The Gold Reaper_XAUUSD_1,1,2.844384179239395,0.6759810736742163
2025.05.19 00:05:00,268,XAUUSD,sell stop,0.01 / 0,3122.81,3134.15,3069.34,2025.06.02 00:06:00,canceled,The Gold Reaper_XAUUSD_3,3,0.36313448464684517,1.7122399377483677
2025.05.27 00:05:01,279,XAUUSD,buy stop,0.01 / 0.01,3363.77,3352.07,3418.92,2025.06.02 13:41:39,filled,The Gold Reaper_XAUUSD_3,3,0.3478240188835687,1.6395294565324052
2025.06.01 23:05:01,287,XAUUSD,sell stop,0.01 / 0,3123.52,3224.65,3099.48,2025.06.03 10:15:00,canceled,The Gold Reaper_XAUUSD_1,1,3.237693371580784,0.7696445036369213
2025.06.01 23:05:01,286,XAUUSD,buy stop,0.01 / 0,3495.58,3394.45,3519.62,2025.06.03 10:15:00,canceled,The Gold Reaper_XAUUSD_1,1,2.893082120849762,0.6877256420965895
2025.06.03 10:15:00,291,XAUUSD,sell stop,0.01 / 0,3123.52,3224.48,3099.52,2025.06.04 23:05:00,canceled,The Gold Reaper_XAUUSD_1,1,3.2322507939760285,0.7683638971416863
2025.06.03 10:15:00,290,XAUUSD,buy stop,0.01 / 0,3495.59,3394.63,3519.59,2025.06.04 23:05:00,canceled,The Gold Reaper_XAUUSD_1,1,2.8882105738945363,0.6865793757277026
2025.06.05 00:05:00,294,XAUUSD,buy stop,0.02 / 0.02,3389.97,3378.21,3445.41,2025.06.05 09:30:14,filled,The Gold Reaper_XAUUSD_3,3,0.34690572482941634,1.635412702767283
2025.06.04 23:05:00,293,XAUUSD,sell stop,0.01 / 0,3123.58,3226.9,3099.02,2025.06.06 10:15:01,canceled,The Gold Reaper_XAUUSD_1,1,3.307743038436671,0.7862772843980287
2025.06.04 23:05:00,292,XAUUSD,buy stop,0.01 / 0,3495.48,3392.16,3520.04,2025.06.06 10:15:01,canceled,The Gold Reaper_XAUUSD_1,1,2.955817226818639,0.7026216714156552
2025.06.06 10:15:01,296,XAUUSD,buy stop,0.01 / 0,3495.5,3392.47,3519.99,2025.06.06 13:50:00,canceled,The Gold Reaper_XAUUSD_1,1,2.9475039336289575,0.700615076526957
2025.06.06 10:15:01,297,XAUUSD,sell stop,0.01 / 0,3123.57,3226.6,3099.08,2025.06.06 13:50:00,canceled,The Gold Reaper_XAUUSD_1,1,3.298469379588091,0.7840387761439711
2025.05.22 17:00:00,274,XAUUSD,buy stop,0.02 / 0,3497.34,3480.89,3564.8,2025.06.06 13:50:00,canceled,The Gold Reaper_XAUUSD_2,2,0.4703574716784834,1.9288945312723393
2025.05.20 00:05:00,270,XAUUSD,sell stop,0.02 / 0,3122.0,3138.17,3055.68,2025.06.06 13:50:00,canceled,The Gold Reaper_XAUUSD_2,2,0.517937219730944,2.1242793081358156
2025.06.02 00:05:00,288,XAUUSD,sell stop,0.01 / 0,3247.5,3259.1,3192.8,2025.06.06 13:50:00,canceled,The Gold Reaper_XAUUSD_3,3,0.3571978444957632,1.6843725943033048
2025.06.06 16:31:00,299,XAUUSD,sell stop,0.01 / 0,3123.57,3226.6,3099.08,2025.06.08 23:05:00,canceled,The Gold Reaper_XAUUSD_1,1,3.298469379588091,0.7840387761439711
2025.06.06 16:31:00,298,XAUUSD,buy stop,0.01 / 0,3495.5,3392.47,3519.99,2025.06.08 23:05:00,canceled,The Gold Reaper_XAUUSD_1,1,2.9475039336289575,0.700615076526957
2025.06.06 16:31:00,300,XAUUSD,buy stop,0.02 / 0,3497.27,3480.38,3566.52,2025.06.10 00:06:00,canceled,The Gold Reaper_XAUUSD_2,2,0.4829481281113518,1.9801159189882394
2025.06.08 23:05:00,304,XAUUSD,sell stop,0.01 / 0,3123.56,3226.1,3099.19,2025.06.10 10:15:00,canceled,The Gold Reaper_XAUUSD_1,1,3.282792710881173,0.7801995159369403
2025.06.08 23:05:00,303,XAUUSD,buy stop,0.01 / 0,3495.52,3392.98,3519.89,2025.06.10 10:15:00,canceled,The Gold Reaper_XAUUSD_1,1,2.9334691261958152,0.6971781022565996
2025.06.10 10:15:00,308,XAUUSD,sell stop,0.01 / 0,3123.52,3224.68,3099.47,2025.06.11 23:05:00,canceled,The Gold Reaper_XAUUSD_1,1,3.238653826452203,0.7699646552607373
2025.06.10 10:15:00,307,XAUUSD,buy stop,0.01 / 0,3495.58,3394.42,3519.63,2025.06.11 23:05:00,canceled,The Gold Reaper_XAUUSD_1,1,2.893940347524584,0.6880117176548722
2025.06.06 16:31:00,302,XAUUSD,sell stop,0.02 / 0,3247.54,3259.36,3191.8,2025.06.12 00:06:00,canceled,The Gold Reaper_XAUUSD_3,3,0.3639678033219041,1.7163760877464105
2025.06.10 00:05:00,306,XAUUSD,buy stop,0.02 / 0.02,3400.69,3384.11,3468.68,2025.06.13 00:02:29,filled,The Gold Reaper_XAUUSD_2,2,0.4875481152354354,1.9993001420299934
2025.06.09 00:05:00,305,XAUUSD,buy stop,0.02 / 0.02,3401.35,3389.74,3456.09,2025.06.13 00:02:47,filled,The Gold Reaper_XAUUSD_3,3,0.341335058138684,1.6093609890190728
2025.06.11 23:05:00,310,XAUUSD,sell stop,0.01 / 0,3123.53,3225.0,3099.41,2025.06.13 10:15:00,canceled,The Gold Reaper_XAUUSD_1,1,3.2485681264466737,0.7722032444061797
2025.06.11 23:05:00,309,XAUUSD,buy stop,0.01 / 0,3495.57,3394.1,3519.69,2025.06.13 10:15:00,canceled,The Gold Reaper_XAUUSD_1,1,2.902816994081087,0.6900162205305541
2025.06.13 10:15:00,316,XAUUSD,sell stop,0.01 / 0,3123.56,3226.21,3099.16,2025.06.15 23:05:01,canceled,The Gold Reaper_XAUUSD_1,1,3.2863143336449463,0.7811599585088839
2025.06.13 10:15:00,315,XAUUSD,buy stop,0.01 / 0,3495.51,3392.86,3519.91,2025.06.15 23:05:01,canceled,The Gold Reaper_XAUUSD_1,1,2.936624412460559,0.6980383406140916
2025.06.15 23:05:01,318,XAUUSD,sell stop,0.01 / 0,3123.59,3227.16,3098.97,2025.06.17 10:15:00,canceled,The Gold Reaper_XAUUSD_1,1,3.315736060110312,0.7881956338700131
2025.06.15 23:05:01,317,XAUUSD,buy stop,0.01 / 0,3495.47,3391.9,3520.09,2025.06.17 10:15:00,canceled,The Gold Reaper_XAUUSD_1,1,2.9629777969772224,0.704340188873037
2025.06.17 10:15:00,320,XAUUSD,sell stop,0.01 / 0,3123.63,3228.68,3098.66,2025.06.18 23:05:00,canceled,The Gold Reaper_XAUUSD_1,1,3.3630743718045903,0.7993904527745045
2025.06.17 10:15:00,319,XAUUSD,buy stop,0.01 / 0,3495.4,3390.35,3520.37,2025.06.18 23:05:00,canceled,The Gold Reaper_XAUUSD_1,1,3.0053784974538016,0.714367454368593
2025.06.13 00:05:00,312,XAUUSD,buy stop,0.02 / 0,3497.28,3480.45,3566.28,2025.06.20 00:06:00,canceled,The Gold Reaper_XAUUSD_2,2,0.48123112819106223,1.9729618446335437
2025.06.18 23:05:00,322,XAUUSD,sell stop,0.01 / 0,3123.59,3227.38,3098.92,2025.06.20 10:15:00,canceled,The Gold Reaper_XAUUSD_1,1,3.322779237992181,0.7897963561158818
2025.06.18 23:05:00,321,XAUUSD,buy stop,0.01 / 0,3495.46,3391.67,3520.13,2025.06.20 10:15:00,canceled,The Gold Reaper_XAUUSD_1,1,2.9692801519685523,0.7057726307839333
2025.06.20 10:15:00,326,XAUUSD,sell stop,0.01 / 0,3123.57,3226.51,3099.1,2025.06.22 23:05:00,canceled,The Gold Reaper_XAUUSD_1,1,3.2955880610967596,0.7833984831458956
2025.06.20 00:05:01,324,XAUUSD,buy stop,0.01 / 0,3446.66,3343.72,3471.13,2025.06.22 23:05:00,canceled,The Gold Reaper_XAUUSD_1,1,2.9866595486645062,0.7099626885158459
2025.06.22 23:05:00,328,XAUUSD,sell stop,0.01 / 0,3123.57,3226.32,3099.15,2025.06.24 10:15:00,canceled,The Gold Reaper_XAUUSD_1,1,3.289505277615037,0.7817977506507
2025.06.22 23:05:00,327,XAUUSD,buy stop,0.01 / 0,3446.67,3343.92,3471.09,2025.06.24 10:15:00,canceled,The Gold Reaper_XAUUSD_1,1,2.9811383161138143,0.7085099530851539
2025.06.12 00:05:00,311,XAUUSD,sell stop,0.02 / 0.02,3295.7,3307.35,3240.79,2025.06.24 13:41:22,filled,The Gold Reaper_XAUUSD_3,3,0.35349091240101016,1.666110386260881
2025.06.24 10:15:00,330,XAUUSD,sell stop,0.01 / 0,3123.57,3226.44,3099.12,2025.06.25 23:05:00,canceled,The Gold Reaper_XAUUSD_1,1,3.293347035603488,0.7827581901478203
2025.06.24 10:15:00,329,XAUUSD,buy stop,0.01 / 0,3446.66,3343.79,3471.11,2025.06.25 23:05:00,canceled,The Gold Reaper_XAUUSD_1,1,2.984628596960533,0.7093824166004269
2025.06.06 16:31:00,301,XAUUSD,sell stop,0.02 / 0,3122.05,3138.94,3052.8,2025.06.26 17:00:00,canceled,The Gold Reaper_XAUUSD_2,2,0.5409906952162801,2.218093880623308
2025.06.24 14:00:00,332,XAUUSD,sell stop,0.02 / 0.02,3295.72,3307.53,3240.07,2025.06.27 03:50:11,filled,The Gold Reaper_XAUUSD_3,3,0.358343548602442,1.6885536392654605
2025.06.25 23:05:00,334,XAUUSD,sell stop,0.01 / 0,3123.55,3225.55,3099.3,2025.06.27 10:15:00,canceled,The Gold Reaper_XAUUSD_1,1,3.26551519905236,0.7763602311472523
2025.06.25 23:05:00,333,XAUUSD,buy stop,0.01 / 0,3446.7,3344.7,3470.95,2025.06.27 10:15:00,canceled,The Gold Reaper_XAUUSD_1,1,2.9593524240577946,0.703571532190211
2025.06.27 10:15:00,338,XAUUSD,sell stop,0.01 / 0,3123.54,3225.38,3099.33,2025.06.29 23:05:00,canceled,The Gold Reaper_XAUUSD_1,1,3.260403260403265,0.7750821183657016
2025.06.27 10:15:00,337,XAUUSD,buy stop,0.01 / 0,3446.71,3344.87,3470.92,2025.06.29 23:05:00,canceled,The Gold Reaper_XAUUSD_1,1,2.954701730055622,0.7024089639105128
2025.06.29 23:05:00,340,XAUUSD,sell stop,0.01 / 0,3123.53,3224.75,3099.47,2025.07.01 10:15:00,canceled,The Gold Reaper_XAUUSD_1,1,3.240564361475631,0.7702823408131313
2025.06.29 23:05:00,339,XAUUSD,buy stop,0.01 / 0,3446.74,3345.52,3470.8,2025.07.01 10:15:00,canceled,The Gold Reaper_XAUUSD_1,1,2.9366880008355665,0.6980509118761613
2025.06.26 17:00:00,335,XAUUSD,sell stop,0.02 / 0,3122.03,3138.65,3053.88,2025.07.02 00:06:00,canceled,The Gold Reaper_XAUUSD_2,2,0.5323459415828768,2.1828746040236666
2025.07.01 10:15:00,343,XAUUSD,sell stop,0.01 / 0,3123.48,3223.03,3099.82,2025.07.02 23:02:00,canceled,The Gold Reaper_XAUUSD_1,1,3.1871502298718157,0.7574884423783681
2025.07.01 10:15:00,342,XAUUSD,buy stop,0.01 / 0,3446.81,3347.26,3470.47,2025.07.02 23:02:00,canceled,The Gold Reaper_XAUUSD_1,1,2.888177764367625,0.6864318021590936
2025.07.02 00:05:00,344,XAUUSD,sell stop,0.01 / 0,3258.41,3359.44,3234.39,2025.07.03 11:15:00,canceled,The Gold Reaper_XAUUSD_1,1,3.100592006530799,0.7371693556059545
2025.07.02 23:02:00,346,XAUUSD,buy stop,0.01 / 0,3446.75,3345.72,3470.77,2025.07.03 13:50:00,canceled,The Gold Reaper_XAUUSD_1,1,2.9311670414158324,0.6968883731050984
2025.07.03 11:15:00,347,XAUUSD,sell stop,0.01 / 0,3258.43,3360.25,3234.23,2025.07.03 13:50:00,canceled,The Gold Reaper_XAUUSD_1,1,3.1248177803420716,0.742688963703373
2025.06.20 00:05:01,325,XAUUSD,buy stop,0.02 / 0,3448.43,3431.55,3517.62,2025.07.03 13:50:00,canceled,The Gold Reaper_XAUUSD_2,2,0.4894981194340513,2.00642031301201
2025.07.02 00:05:00,345,XAUUSD,sell stop,0.02 / 0,3256.92,3273.48,3189.01,2025.07.03 13:50:00,canceled,The Gold Reaper_XAUUSD_2,2,0.5084558417154841,2.085098805005952
2025.06.19 00:05:00,323,XAUUSD,buy stop,0.02 / 0,3449.1,3437.24,3504.99,2025.07.03 13:50:00,canceled,The Gold Reaper_XAUUSD_3,3,0.3438578179815061,1.6204227189701623
2025.07.01 00:05:00,341,XAUUSD,sell stop,0.02 / 0,3257.72,3269.14,3203.87,2025.07.03 13:50:00,canceled,The Gold Reaper_XAUUSD_3,3,0.35055191974755573,1.6529965742912194
2025.07.03 16:31:00,349,XAUUSD,sell stop,0.01 / 0,3258.43,3360.25,3234.23,2025.07.06 23:05:00,canceled,The Gold Reaper_XAUUSD_1,1,3.1248177803420716,0.742688963703373
2025.07.03 16:31:00,348,XAUUSD,buy stop,0.01 / 0,3446.71,3344.89,3470.91,2025.07.06 23:05:00,canceled,The Gold Reaper_XAUUSD_1,1,2.954121466557969,0.7021188321616794
2025.07.03 16:31:00,352,XAUUSD,buy stop,0.02 / 0,3449.13,3437.45,3504.21,2025.07.07 00:06:00,canceled,The Gold Reaper_XAUUSD_3,3,0.33863611983312575,1.59692444181576
2025.07.06 23:05:00,355,XAUUSD,sell stop,0.01 / 0,3258.42,3360.01,3234.27,2025.07.08 10:15:00,canceled,The Gold Reaper_XAUUSD_1,1,3.1177687345400575,0.7411567569558279
2025.07.06 23:05:00,354,XAUUSD,buy stop,0.01 / 0,3446.72,3345.13,3470.87,2025.07.08 10:15:00,canceled,The Gold Reaper_XAUUSD_1,1,2.9474398848760472,0.7006661405626246
2025.07.08 10:15:00,358,XAUUSD,sell stop,0.01 / 0,3258.43,3360.1,3234.26,2025.07.09 21:15:00,canceled,The Gold Reaper_XAUUSD_1,1,3.120214336352172,0.7417682749053875
2025.07.08 10:15:00,357,XAUUSD,buy stop,0.01 / 0,3446.72,3345.05,3470.89,2025.07.09 21:15:00,canceled,The Gold Reaper_XAUUSD_1,1,2.949760932132567,0.7012464023767545
2025.07.09 21:15:00,360,XAUUSD,sell stop,0.01 / 0,3258.43,3360.3,3234.22,2025.07.11 08:15:00,canceled,The Gold Reaper_XAUUSD_1,1,3.1263522616720425,0.7429958599693729
2025.07.09 21:15:00,359,XAUUSD,buy stop,0.01 / 0,3446.71,3344.84,3470.92,2025.07.11 08:15:00,canceled,The Gold Reaper_XAUUSD_1,1,2.9555721253020963,0.7024089639105128
2025.07.07 00:05:00,356,XAUUSD,buy stop,0.02 / 0.02,3361.55,3349.86,3416.68,2025.07.11 15:53:07,filled,The Gold Reaper_XAUUSD_3,3,0.3477562433996238,1.6400172539453421
2025.07.11 08:15:00,362,XAUUSD,sell stop,0.01 / 0,3258.42,3359.67,3234.35,2025.07.13 23:05:00,canceled,The Gold Reaper_XAUUSD_1,1,3.1073342294731803,0.7387015792930366
2025.07.11 08:15:00,361,XAUUSD,buy stop,0.01 / 0,3446.74,3345.49,3470.81,2025.07.13 23:05:00,canceled,The Gold Reaper_XAUUSD_1,1,2.937558388506241,0.6983410410997106
2025.07.03 16:31:00,353,XAUUSD,sell stop,0.02 / 0,3257.76,3269.44,3202.68,2025.07.13 23:06:00,canceled,The Gold Reaper_XAUUSD_3,3,0.3585285595010018,1.690732282304417
2025.07.13 23:05:00,365,XAUUSD,sell stop,0.01 / 0,3258.42,3359.78,3234.33,2025.07.15 10:15:00,canceled,The Gold Reaper_XAUUSD_1,1,3.1107100987595255,0.7393153737087345
2025.07.13 23:05:00,364,XAUUSD,buy stop,0.01 / 0,3446.73,3345.37,3470.82,2025.07.15 10:15:00,canceled,The Gold Reaper_XAUUSD_1,1,2.9407583419647065,0.6989233273276452
2025.07.15 10:15:00,368,XAUUSD,sell stop,0.01 / 0,3258.46,3361.23,3234.03,2025.07.16 21:15:00,canceled,The Gold Reaper_XAUUSD_1,1,3.153943887603346,0.7497406750428066
2025.07.15 10:15:00,367,XAUUSD,buy stop,0.01 / 0,3446.67,3343.9,3471.1,2025.07.16 21:15:00,canceled,The Gold Reaper_XAUUSD_1,1,2.9817185863456603,0.7088000882010704
2025.07.16 21:15:00,370,XAUUSD,sell stop,0.01 / 0,3258.44,3360.48,3234.19,2025.07.18 08:15:00,canceled,The Gold Reaper_XAUUSD_1,1,3.1315598875535517,0.7442211610463904
2025.07.16 21:15:00,369,XAUUSD,buy stop,0.01 / 0,3446.7,3344.66,3470.95,2025.07.18 08:15:00,canceled,The Gold Reaper_XAUUSD_1,1,2.960512954420169,0.703571532190211
2025.07.18 08:15:00,372,XAUUSD,sell stop,0.01 / 0,3258.44,3360.6,3234.15,2025.07.20 23:05:00,canceled,The Gold Reaper_XAUUSD_1,1,3.135242631443263,0.7454487423429605
2025.07.18 08:15:00,371,XAUUSD,buy stop,0.01 / 0,3446.69,3344.53,3470.98,2025.07.20 23:05:00,canceled,The Gold Reaper_XAUUSD_1,1,2.9640031450464024,0.7047341072159075
2025.07.03 16:31:00,350,XAUUSD,buy stop,0.02 / 0,3448.46,3431.77,3516.89,2025.07.21 00:06:00,canceled,The Gold Reaper_XAUUSD_2,2,0.48398415524611144,1.9843640349605285
2025.07.21 00:05:00,376,XAUUSD,buy stop,0.02 / 0.02,3374.63,3357.89,3443.28,2025.07.21 12:46:29,filled,The Gold Reaper_XAUUSD_2,2,0.4960543822582101,2.034297093310973
2025.07.20 23:05:00,375,XAUUSD,buy stop,0.02 / 0.02,3375.31,3363.61,3430.47,2025.07.21 12:58:42,filled,The Gold Reaper_XAUUSD_3,3,0.3466348276158284,1.6342202642127643
2025.07.20 23:05:00,374,XAUUSD,sell stop,0.01 / 0,3258.43,3360.4,3234.19,2025.07.22 10:15:00,canceled,The Gold Reaper_XAUUSD_1,1,3.1294212243319715,0.7439165487673445
2025.07.20 23:05:00,373,XAUUSD,buy stop,0.01 / 0,3446.7,3344.73,3470.94,2025.07.22 10:15:00,canceled,The Gold Reaper_XAUUSD_1,1,2.958482026286007,0.7032813995996239
2025.07.03 16:31:00,351,XAUUSD,sell stop,0.02 / 0,3256.93,3273.62,3188.5,2025.07.23 17:00:00,canceled,The Gold Reaper_XAUUSD_2,2,0.5124457694823056,2.101058358638345
2025.07.22 10:15:00,381,XAUUSD,sell stop,0.01 / 0,3258.44,3360.55,3234.17,2025.07.23 21:15:00,canceled,The Gold Reaper_XAUUSD_1,1,3.1337081548225574,0.7448349516946754
2025.07.22 10:15:00,380,XAUUSD,buy stop,0.01 / 0,3446.7,3344.59,3470.97,2025.07.23 21:15:00,canceled,The Gold Reaper_XAUUSD_1,1,2.9625438825543178,0.7041517973713982
2025.07.23 21:15:00,384,XAUUSD,sell stop,0.01 / 0,3258.48,3362.17,3233.83,2025.07.25 08:15:00,canceled,The Gold Reaper_XAUUSD_1,1,3.1821585524539064,0.7564876875107439
2025.07.23 21:15:00,383,XAUUSD,buy stop,0.01 / 0,3446.63,3342.94,3471.28,2025.07.25 08:15:00,canceled,The Gold Reaper_XAUUSD_1,1,3.0084459312429837,0.7151913608365299
2025.07.25 08:15:00,386,XAUUSD,sell stop,0.01 / 0,3258.47,3361.77,3233.91,2025.07.27 23:05:00,canceled,The Gold Reaper_XAUUSD_1,1,3.170199510813363,0.7537279766270656
2025.07.25 08:15:00,385,XAUUSD,buy stop,0.01 / 0,3446.64,3343.34,3471.2,2025.07.27 23:05:00,canceled,The Gold Reaper_XAUUSD_1,1,2.9971218345983255,0.7125780470255073
2025.07.21 13:00:00,377,XAUUSD,buy stop,0.02 / 0,3448.45,3431.71,3517.1,2025.07.28 00:06:00,canceled,The Gold Reaper_XAUUSD_2,2,0.48543548550797555,1.9907494671519115
2025.07.27 23:05:00,388,XAUUSD,sell stop,0.01 / 0,3258.45,3361.19,3234.03,2025.07.29 10:15:00,canceled,The Gold Reaper_XAUUSD_1,1,3.153032883733071,0.7494360815725152
2025.07.27 23:05:00,387,XAUUSD,buy stop,0.01 / 0,3446.67,3343.93,3471.09,2025.07.29 10:15:00,canceled,The Gold Reaper_XAUUSD_1,1,2.9808481809978975,0.7085099530851539
2025.07.28 00:05:00,390,XAUUSD,buy stop,0.01 / 0,3434.42,3332.89,3458.55,2025.07.29 11:15:00,canceled,The Gold Reaper_XAUUSD_1,1,2.9562487989238417,0.7025931598348516
2025.07.13 23:05:00,366,XAUUSD,sell stop,0.02 / 0.02,3284.72,3296.35,3229.89,2025.07.30 19:50:01,filled,The Gold Reaper_XAUUSD_3,3,0.35406366448282073,1.6692442582624982
2025.07.29 10:15:00,392,XAUUSD,sell stop,0.01 / 0,3258.42,3359.98,3234.28,2025.07.30 21:15:00,canceled,The Gold Reaper_XAUUSD_1,1,3.1168480429165037,0.740849859747972
2025.07.29 11:15:00,393,XAUUSD,buy stop,0.01 / 0,3434.42,3332.86,3458.56,2025.07.30 23:05:00,canceled,The Gold Reaper_XAUUSD_1,1,2.9571223088614653,0.7028843298140551
2025.07.30 21:15:00,394,XAUUSD,sell stop,0.01 / 0,3258.41,3359.51,3234.38,2025.08.01 08:15:00,canceled,The Gold Reaper_XAUUSD_1,1,3.1027402935787816,0.7374762537556584
2025.07.30 23:05:00,396,XAUUSD,buy stop,0.01 / 0,3434.44,3333.34,3458.47,2025.08.01 10:15:00,canceled,The Gold Reaper_XAUUSD_1,1,2.9437113474103467,0.6996773855417403
2025.08.01 10:15:00,398,XAUUSD,buy stop,0.01 / 0,3434.49,3334.48,3458.26,2025.08.01 13:50:00,canceled,The Gold Reaper_XAUUSD_1,1,2.911931611389166,0.6920969343337857
2025.08.01 08:15:00,397,XAUUSD,sell stop,0.01 / 0,3258.38,3358.39,3234.61,2025.08.01 13:50:00,canceled,The Gold Reaper_XAUUSD_1,1,3.06931665428832,0.7295036183624986
2025.07.28 00:05:00,391,XAUUSD,buy stop,0.02 / 0,3436.17,3419.53,3504.41,2025.08.01 13:50:00,canceled,The Gold Reaper_XAUUSD_2,2,0.4842600919046459,1.9859320115128116
2025.07.23 17:00:00,382,XAUUSD,sell stop,0.02 / 0,3256.95,3273.95,3187.26,2025.08.01 13:50:00,canceled,The Gold Reaper_XAUUSD_2,2,0.5219607301309508,2.139731957813279
2025.07.27 23:05:00,389,XAUUSD,buy stop,0.02 / 0,3436.81,3425.02,3492.39,2025.08.01 13:50:00,canceled,The Gold Reaper_XAUUSD_3,3,0.34305067780878096,1.617197342884824
2025.08.01 16:31:00,400,XAUUSD,sell stop,0.01 / 0,3258.38,3358.39,3234.61,2025.08.03 23:05:00,canceled,The Gold Reaper_XAUUSD_1,1,3.06931665428832,0.7295036183624986
2025.08.01 16:31:00,399,XAUUSD,buy stop,0.01 / 0,3434.49,3334.48,3458.26,2025.08.03 23:05:00,canceled,The Gold Reaper_XAUUSD_1,1,2.911931611389166,0.6920969343337857
2025.08.01 16:31:00,402,XAUUSD,sell stop,0.02 / 0,3256.91,3273.31,3189.69,2025.08.04 00:06:00,canceled,The Gold Reaper_XAUUSD_2,2,0.5035447709638919,2.063919481962959
2025.08.03 23:05:00,405,XAUUSD,sell stop,0.01 / 0,3258.4,3358.9,3234.51,2025.08.05 10:15:00,canceled,The Gold Reaper_XAUUSD_1,1,3.0843358703658237,0.733181929781484
2025.08.03 23:05:00,404,XAUUSD,buy stop,0.01 / 0,3434.47,3333.97,3458.36,2025.08.05 10:15:00,canceled,The Gold Reaper_XAUUSD_1,1,2.926215689757081,0.6955949535153991
2025.08.04 00:05:01,407,XAUUSD,sell stop,0.01 / 0,3270.8,3373.41,3246.41,2025.08.05 11:15:00,canceled,The Gold Reaper_XAUUSD_1,1,3.137152990094157,0.7456891280420792
2025.08.05 10:15:00,409,XAUUSD,buy stop,0.01 / 0,3434.38,3331.92,3458.73,2025.08.06 21:15:00,canceled,The Gold Reaper_XAUUSD_1,1,2.983362353612589,0.7090071570414429
2025.08.05 11:15:00,410,XAUUSD,sell stop,0.01 / 0,3270.8,3373.26,3246.45,2025.08.06 23:05:00,canceled,The Gold Reaper_XAUUSD_1,1,3.1325669560963685,0.7444661856426673
2025.08.06 21:15:00,411,XAUUSD,buy stop,0.01 / 0,3434.36,3331.43,3458.83,2025.08.08 08:15:00,canceled,The Gold Reaper_XAUUSD_1,1,2.997064955333753,0.7125053867387169
2025.08.06 23:05:00,412,XAUUSD,sell stop,0.01 / 0,3270.81,3373.74,3246.34,2025.08.08 10:15:00,canceled,The Gold Reaper_XAUUSD_1,1,3.1469269080136066,0.748132725532813
2025.08.08 10:15:00,414,XAUUSD,sell stop,0.01 / 0,3270.81,3373.66,3246.36,2025.08.10 23:05:00,canceled,The Gold Reaper_XAUUSD_1,1,3.1444810306927002,0.7475212562025865
2025.08.08 08:15:00,413,XAUUSD,buy stop,0.01 / 0,3434.36,3331.51,3458.81,2025.08.10 23:05:00,canceled,The Gold Reaper_XAUUSD_1,1,2.994735554804968,0.711923036606524
2025.08.01 16:31:00,403,XAUUSD,buy stop,0.02 / 0,3436.87,3425.39,3490.97,2025.08.11 00:06:00,canceled,The Gold Reaper_XAUUSD_3,3,0.33402485400960813,1.5741066726410922
2025.08.10 23:05:00,416,XAUUSD,sell stop,0.01 / 0,3270.83,3374.66,3246.15,2025.08.12 10:15:00,canceled,The Gold Reaper_XAUUSD_1,1,3.1744236172469966,0.7545485396672965
2025.08.10 23:05:00,415,XAUUSD,buy stop,0.01 / 0,3434.32,3330.49,3459.0,2025.08.12 10:15:00,canceled,The Gold Reaper_XAUUSD_1,1,3.0233059237345494,0.7186284329940086
2025.08.12 10:15:00,419,XAUUSD,sell stop,0.01 / 0,3270.83,3374.39,3246.21,2025.08.13 21:15:00,canceled,The Gold Reaper_XAUUSD_1,1,3.1661688317644128,0.7527141428933907
2025.08.12 10:15:00,418,XAUUSD,buy stop,0.01 / 0,3434.33,3330.77,3458.95,2025.08.13 21:15:00,canceled,The Gold Reaper_XAUUSD_1,1,3.0154353250852406,0.7168792748512779
2025.08.13 21:15:00,421,XAUUSD,sell stop,0.01 / 0,3270.79,3372.88,3246.52,2025.08.15 08:15:00,canceled,The Gold Reaper_XAUUSD_1,1,3.1212642817178766,0.7420225694709836
2025.08.13 21:15:00,420,XAUUSD,buy stop,0.01 / 0,3434.4,3332.31,3458.67,2025.08.15 08:15:00,canceled,The Gold Reaper_XAUUSD_1,1,2.97257162823201,0.7066736547868618
2025.08.15 08:15:00,423,XAUUSD,sell stop,0.01 / 0,3270.8,3373.21,3246.46,2025.08.17 23:05:00,canceled,The Gold Reaper_XAUUSD_1,1,3.131038278097097,0.7441604500428074
2025.08.15 08:15:00,422,XAUUSD,buy stop,0.01 / 0,3434.38,3331.97,3458.72,2025.08.17 23:05:00,canceled,The Gold Reaper_XAUUSD_1,1,2.981906486760356,0.7087159836709883
2025.08.17 23:05:00,425,XAUUSD,sell stop,0.01 / 0,3270.78,3372.45,3246.61,2025.08.19 10:15:00,canceled,The Gold Reaper_XAUUSD_1,1,3.108432850879595,0.7389674634185139
2025.08.17 23:05:00,424,XAUUSD,buy stop,0.01 / 0,3434.42,3332.75,3458.59,2025.08.19 10:15:00,canceled,The Gold Reaper_XAUUSD_1,1,2.960325178632784,0.7037578397516923
2025.08.19 10:15:00,427,XAUUSD,sell stop,0.01 / 0,3270.78,3372.48,3246.61,2025.08.20 21:15:00,canceled,The Gold Reaper_XAUUSD_1,1,3.1093500632876503,0.7389674634185139
2025.08.19 10:15:00,426,XAUUSD,buy stop,0.01 / 0,3434.42,3332.72,3458.59,2025.08.20 21:15:00,canceled,The Gold Reaper_XAUUSD_1,1,2.9611986885704216,0.7037578397516923
2025.08.01 16:31:00,401,XAUUSD,buy stop,0.02 / 0,3436.21,3419.81,3503.43,2025.08.21 17:00:00,canceled,The Gold Reaper_XAUUSD_2,2,0.4772700155112781,1.9562250269919417
2025.08.03 23:05:00,406,XAUUSD,sell stop,0.02 / 0,3270.09,3281.62,3215.72,2025.08.21 23:05:00,canceled,The Gold Reaper_XAUUSD_3,3,0.35258968407596564,1.6626453706167215
2025.08.20 21:15:00,429,XAUUSD,sell stop,0.01 / 0,3270.78,3372.48,3246.61,2025.08.22 08:15:00,canceled,The Gold Reaper_XAUUSD_1,1,3.1093500632876503,0.7389674634185139
2025.08.20 21:15:00,428,XAUUSD,buy stop,0.01 / 0,3434.42,3332.72,3458.59,2025.08.22 08:15:00,canceled,The Gold Reaper_XAUUSD_1,1,2.9611986885704216,0.7037578397516923
2025.08.22 08:15:00,433,XAUUSD,sell stop,0.01 / 0,3270.79,3372.96,3246.5,2025.08.24 23:05:00,canceled,The Gold Reaper_XAUUSD_1,1,3.123710173994664,0.7426340425401803
2025.08.22 08:15:00,432,XAUUSD,buy stop,0.01 / 0,3434.39,3332.22,3458.68,2025.08.24 23:05:00,canceled,The Gold Reaper_XAUUSD_1,1,2.9749096637248558,0.7072580574716315
2025.08.04 00:05:01,408,XAUUSD,sell stop,0.02 / 0,3269.29,3286.11,3200.32,2025.08.24 23:05:00,canceled,The Gold Reaper_XAUUSD_2,2,0.5144847963931056,2.109632366660645
2025.08.21 23:05:00,431,XAUUSD,sell stop,0.02 / 0,3270.1,3281.71,3215.37,2025.08.24 23:06:00,canceled,The Gold Reaper_XAUUSD_3,3,0.35503501421975253,1.6736491238800042
2025.08.24 23:05:00,436,XAUUSD,sell stop,0.02 / 0,3269.28,3285.97,3200.83,2025.08.25 00:06:00,canceled,The Gold Reaper_XAUUSD_2,2,0.5105099593794229,2.0937331767239353
2025.08.11 00:05:00,417,XAUUSD,buy stop,0.02 / 0,3406.6,3394.7,3462.71,2025.08.26 00:06:03,canceled,The Gold Reaper_XAUUSD_3,3,0.34932190453825196,1.6470968120706901
2025.08.26 00:05:00,439,XAUUSD,buy stop,0.02 / 0.02,3376.66,3364.87,3432.22,2025.08.26 01:22:45,filled,The Gold Reaper_XAUUSD_3,3,0.3491615975549793,1.6454129228290661
2025.08.24 23:05:00,435,XAUUSD,sell stop,0.01 / 0,3270.78,3372.62,3246.57,2025.08.26 10:15:00,canceled,The Gold Reaper_XAUUSD_1,1,3.113630387858544,0.7401904132959121
2025.08.24 23:05:00,434,XAUUSD,buy stop,0.01 / 0,3434.41,3332.57,3458.62,2025.08.26 10:15:01,canceled,The Gold Reaper_XAUUSD_1,1,2.9652837022952907,0.7049245721972636
2025.08.26 10:15:01,443,XAUUSD,sell stop,0.01 / 0,3270.8,3373.5,3246.39,2025.08.27 21:30:00,canceled,The Gold Reaper_XAUUSD_1,1,3.13990461049284,0.746300599241785
2025.08.26 10:15:01,442,XAUUSD,buy stop,0.01 / 0,3434.37,3331.67,3458.78,2025.08.27 21:30:00,canceled,The Gold Reaper_XAUUSD_1,1,2.9903592216330743,0.7107562667971218
2025.08.26 02:00:00,440,XAUUSD,buy stop,0.02 / 0.02,3406.62,3394.83,3462.18,2025.08.28 12:32:49,filled,The Gold Reaper_XAUUSD_3,3,0.3460908466456477,1.6309421068390353
2025.08.28 13:00:00,446,XAUUSD,buy stop,0.02 / 0.02,3406.61,3394.74,3462.57,2025.08.28 13:07:01,filled,The Gold Reaper_XAUUSD_3,3,0.34844023824272063,1.6426887727095274
2025.08.28 14:00:00,447,XAUUSD,buy stop,0.02 / 0.02,3406.61,3394.74,3462.57,2025.08.28 14:33:20,filled,The Gold Reaper_XAUUSD_3,3,0.34844023824272063,1.6426887727095274
2025.08.27 21:30:00,445,XAUUSD,sell stop,0.01 / 0,3270.8,3373.41,3246.41,2025.08.29 08:30:00,canceled,The Gold Reaper_XAUUSD_1,1,3.137152990094157,0.7456891280420792
2025.08.27 21:30:00,444,XAUUSD,buy stop,0.01 / 0,3434.37,3331.76,3458.76,2025.08.29 08:30:00,canceled,The Gold Reaper_XAUUSD_1,1,2.9877386536686403,0.7101739183605823
2025.08.29 08:30:00,451,XAUUSD,buy stop,0.01 / 0.01,3434.33,3330.76,3458.95,2025.08.29 15:10:25,filled,The Gold Reaper_XAUUSD_1,1,3.0157265026948403,0.7168792748512779
2025.08.21 17:00:00,430,XAUUSD,buy stop,0.02 / 0.02,3436.18,3419.6,3504.18,2025.08.29 15:13:35,filled,The Gold Reaper_XAUUSD_2,2,0.48251255754936956,1.978941731806832
2025.08.29 15:45:00,453,XAUUSD,buy stop,0.01 / 0.01,3446.63,3343.06,3471.25,2025.08.29 16:43:05,filled,The Gold Reaper_XAUUSD_1,1,3.004964269445811,0.7143209453872301
2025.08.29 17:00:00,455,XAUUSD,buy stop,0.01 / 0.01,3446.63,3343.06,3471.25,2025.08.29 17:01:17,filled,The Gold Reaper_XAUUSD_1,1,3.004964269445811,0.7143209453872301
2025.08.29 16:00:00,454,XAUUSD,buy stop,0.02 / 0.02,3448.41,3431.43,3518.02,2025.08.29 17:08:09,filled,The Gold Reaper_XAUUSD_2,2,0.49240084560710645,2.0186114760135867
2025.08.29 17:15:00,458,XAUUSD,buy stop,0.01 / 0.01,3446.63,3343.06,3471.25,2025.08.29 17:31:55,filled,The Gold Reaper_XAUUSD_1,1,3.004964269445811,0.7143209453872301
2025.08.29 18:45:00,460,XAUUSD,buy stop,0.01 / 0.01,3446.63,3343.06,3471.25,2025.08.29 20:35:38,filled,The Gold Reaper_XAUUSD_1,1,3.004964269445811,0.7143209453872301
2025.08.29 08:30:00,452,XAUUSD,sell stop,0.01 / 0,3270.83,3374.4,3246.21,2025.08.31 23:05:00,canceled,The Gold Reaper_XAUUSD_1,1,3.1664745645600707,0.7527141428933907
2025.08.29 18:00:00,459,XAUUSD,buy stop,0.02 / 0.02,3497.25,3480.27,3566.86,2025.09.02 02:29:33,filled,The Gold Reaper_XAUUSD_2,2,0.48552434055329236,1.9904210451068733
2025.08.31 23:05:00,461,XAUUSD,sell stop,0.01 / 0,3270.84,3375.05,3246.07,2025.09.02 10:15:00,canceled,The Gold Reaper_XAUUSD_1,1,3.1860317227378907,0.7572978195203672
2025.09.02 10:15:00,468,XAUUSD,sell stop,0.01 / 0,3270.87,3376.11,3245.85,2025.09.03 21:15:00,canceled,The Gold Reaper_XAUUSD_1,1,3.2174925937136063,0.7649341001018073
2025.09.03 21:15:00,469,XAUUSD,sell stop,0.01 / 0,3270.89,3376.89,3245.69,2025.09.05 08:15:00,canceled,The Gold Reaper_XAUUSD_1,1,3.2407081864568967,0.7704325122520115
2025.09.05 08:15:00,470,XAUUSD,sell stop,0.01 / 0,3270.96,3379.59,3245.14,2025.09.05 13:50:00,canceled,The Gold Reaper_XAUUSD_1,1,3.3210433634162486,0.789370704624947
2025.08.25 00:05:00,438,XAUUSD,sell stop,0.02 / 0,3312.79,3329.63,3243.73,2025.09.05 13:50:00,canceled,The Gold Reaper_XAUUSD_2,2,0.5083328553877591,2.0846476836744845
2025.08.24 23:05:00,437,XAUUSD,sell stop,0.02 / 0,3313.61,3325.3,3258.52,2025.09.05 13:50:00,canceled,The Gold Reaper_XAUUSD_3,3,0.35278744330201967,1.6625372328065207
2025.09.05 16:31:00,471,XAUUSD,sell stop,0.01 / 0,3270.96,3379.59,3245.14,2025.09.07 23:05:00,canceled,The Gold Reaper_XAUUSD_1,1,3.3210433634162486,0.789370704624947
2025.09.07 23:05:00,474,XAUUSD,sell stop,0.01 / 0,3270.94,3378.94,3245.27,2025.09.09 10:15:00,canceled,The Gold Reaper_XAUUSD_1,1,3.3018031513876744,0.7847896934826096
2025.09.09 10:15:00,475,XAUUSD,sell stop,0.01 / 0,3270.98,3380.54,3244.94,2025.09.10 21:15:00,canceled,The Gold Reaper_XAUUSD_1,1,3.349454903423437,0.7960916911751208
2025.09.10 21:15:00,476,XAUUSD,sell stop,0.01 / 0,3271.01,3381.71,3244.7,2025.09.12 08:15:00,canceled,The Gold Reaper_XAUUSD_1,1,3.3842758047208608,0.8043387210678168
2025.09.12 08:15:00,478,XAUUSD,sell stop,0.01 / 0,3271.02,3382.04,3244.63,2025.09.14 23:05:00,canceled,The Gold Reaper_XAUUSD_1,1,3.3940483396616337,0.8067819823785815
2025.09.14 23:05:00,479,XAUUSD,buy stop,0.01 / 0.01,3669.64,3558.77,3695.99,2025.09.15 16:47:21,filled,The Gold Reaper_XAUUSD_1,1,3.021277291505431,0.7180540870494084
2025.09.14 23:05:00,481,XAUUSD,buy stop,0.02 / 0.02,3671.55,3653.38,3746.07,2025.09.15 16:49:28,filled,The Gold Reaper_XAUUSD_2,2,0.4948863558987368,2.0296604976100006
2025.09.12 00:05:00,477,XAUUSD,buy stop,0.02 / 0.02,3672.27,3659.53,3732.33,2025.09.15 16:49:36,filled,The Gold Reaper_XAUUSD_3,3,0.34692438192180264,1.6355006576313817
2025.09.14 23:05:00,480,XAUUSD,sell stop,0.01 / 0,3271.02,3381.89,3244.67,2025.09.16 10:15:00,canceled,The Gold Reaper_XAUUSD_1,1,3.3894626141081345,0.8055591222309832
2025.09.16 10:15:00,485,XAUUSD,sell stop,0.01 / 0,3271.02,3382.11,3244.61,2025.09.17 21:15:00,canceled,The Gold Reaper_XAUUSD_1,1,3.396188344919938,0.8073934124523804
2025.09.17 21:15:00,486,XAUUSD,sell stop,0.01 / 0,3271.05,3383.26,3244.38,2025.09.19 08:15:00,canceled,The Gold Reaper_XAUUSD_1,1,3.430396967334649,0.8153345256110445
2025.09.19 08:15:00,487,XAUUSD,sell stop,0.01 / 0,3271.04,3382.76,3244.48,2025.09.21 23:05:00,canceled,The Gold Reaper_XAUUSD_1,1,3.415427509293688,0.811974173351593
2025.09.22 00:05:02,490,XAUUSD,buy stop,0.01 / 0.01,3702.54,3590.06,3729.28,2025.09.22 07:22:59,filled,The Gold Reaper_XAUUSD_1,1,3.0379145127399036,0.7222069174134577
2025.09.22 00:05:02,491,XAUUSD,buy stop,0.02 / 0.02,3704.48,3686.04,3780.08,2025.09.22 07:25:40,filled,The Gold Reaper_XAUUSD_2,2,0.4977756662203616,2.040772254135531
2025.09.21 23:05:00,489,XAUUSD,buy stop,0.02 / 0.02,3705.24,3692.5,3765.31,2025.09.22 07:25:52,filled,The Gold Reaper_XAUUSD_3,3,0.34383737625632305,1.6212175189731344
2025.09.21 23:05:00,488,XAUUSD,sell stop,0.01 / 0,3271.02,3382.05,3244.63,2025.09.23 10:15:00,canceled,The Gold Reaper_XAUUSD_1,1,3.3943540546985402,0.8067819823785815
2025.09.05 16:31:00,473,XAUUSD,sell stop,0.02 / 0,3313.75,3326.22,3254.98,2025.09.23 17:00:00,canceled,The Gold Reaper_XAUUSD_3,3,0.3763108261033512,1.7735194266314591
2025.09.23 10:15:00,495,XAUUSD,sell stop,0.01 / 0,3271.06,3383.56,3244.32,2025.09.24 21:15:00,canceled,The Gold Reaper_XAUUSD_1,1,3.439252107879403,0.8174720121306177
2025.09.05 16:31:00,472,XAUUSD,sell stop,0.02 / 0,3312.86,3330.67,3239.84,2025.09.25 17:00:00,canceled,The Gold Reaper_XAUUSD_2,2,0.5376019511841715,2.2041378144563906
2025.09.24 21:15:00,496,XAUUSD,sell stop,0.01 / 0,3271.1,3385.17,3243.98,2025.09.26 08:15:00,canceled,The Gold Reaper_XAUUSD_1,1,3.4872061386078133,0.829078903121271
2025.09.26 08:15:00,499,XAUUSD,sell stop,0.01 / 0,3271.1,3385.2,3243.98,2025.09.28 23:05:00,canceled,The Gold Reaper_XAUUSD_1,1,3.488123261288249,0.829078903121271
2025.09.28 23:05:00,500,XAUUSD,buy stop,0.01 / 0.01,3785.99,3671.65,3813.17,2025.09.29 01:46:33,filled,The Gold Reaper_XAUUSD_1,1,3.02008193365539,0.7179099786317527
2025.09.28 23:05:00,502,XAUUSD,buy stop,0.02 / 0.02,3787.95,3769.21,3864.8,2025.09.29 02:00:04,filled,The Gold Reaper_XAUUSD_2,2,0.49472669913805045,2.0288018585250693
2025.09.26 00:05:00,498,XAUUSD,buy stop,0.02 / 0.02,3788.71,3775.62,3850.44,2025.09.29 02:01:43,filled,The Gold Reaper_XAUUSD_3,3,0.3455001834397498,1.6293144632341883
2025.09.29 02:15:00,505,XAUUSD,buy stop,0.01 / 0.01,3785.96,3671.13,3813.26,2025.09.29 03:12:19,filled,The Gold Reaper_XAUUSD_1,1,3.033048421008144,0.7210852729558733
2025.09.29 03:15:00,508,XAUUSD,buy stop,0.01 / 0.01,3785.96,3671.13,3813.26,2025.09.29 03:15:01,filled,The Gold Reaper_XAUUSD_1,1,3.033048421008144,0.7210852729558733
2025.09.29 03:00:00,506,XAUUSD,buy stop,0.02 / 0.02,3787.94,3769.12,3865.12,2025.09.29 03:15:21,filled,The Gold Reaper_XAUUSD_2,2,0.49683997106607186,2.0375190736917648
2025.09.29 03:00:00,507,XAUUSD,buy stop,0.02 / 0.02,3788.69,3775.51,3850.81,2025.09.29 03:18:59,filled,The Gold Reaper_XAUUSD_3,3,0.3478774985549052,1.6396168596533336
2025.09.28 23:05:00,501,XAUUSD,sell stop,0.01 / 0,3271.11,3385.45,3243.93,2025.09.30 10:15:00,canceled,The Gold Reaper_XAUUSD_1,1,3.495449556878236,0.8309106083256232
2025.09.30 10:15:00,514,XAUUSD,sell stop,0.01 / 0,3271.13,3386.13,3243.79,2025.10.01 21:15:00,canceled,The Gold Reaper_XAUUSD_1,1,3.515604699293516,0.8357968041624805
2025.10.01 21:15:00,515,XAUUSD,sell stop,0.01 / 0,3271.17,3388.0,3243.4,2025.10.03 08:15:00,canceled,The Gold Reaper_XAUUSD_1,1,3.571504996683142,0.8489317277915847
2025.10.03 08:15:00,516,XAUUSD,sell stop,0.01 / 0,3271.2,3389.0,3243.2,2025.10.03 13:50:00,canceled,The Gold Reaper_XAUUSD_1,1,3.601124969430184,0.855955001222793
2025.09.25 17:00:00,497,XAUUSD,sell stop,0.02 / 0,3312.93,3331.76,3235.74,2025.10.03 13:50:00,canceled,The Gold Reaper_XAUUSD_2,2,0.5683790481537607,2.329961695538392
2025.10.03 16:31:00,517,XAUUSD,sell stop,0.01 / 0,3271.2,3389.0,3243.2,2025.10.05 23:05:00,canceled,The Gold Reaper_XAUUSD_1,1,3.601124969430184,0.855955001222793
2025.10.05 23:05:00,519,XAUUSD,sell stop,0.01 / 0,3271.2,3388.84,3243.24,2025.10.07 10:15:02,canceled,The Gold Reaper_XAUUSD_1,1,3.59623379799463,0.8547322083639043
2025.10.07 10:15:02,520,XAUUSD,sell stop,0.01 / 0,3271.23,3390.21,3242.95,2025.10.08 21:30:00,canceled,The Gold Reaper_XAUUSD_1,1,3.6371640025311582,0.8645066228910899
2025.10.08 21:30:00,521,XAUUSD,sell stop,0.01 / 0,3271.28,3392.16,3242.55,2025.10.10 08:30:00,canceled,The Gold Reaper_XAUUSD_1,1,3.695189650534337,0.8782494925533741
2025.10.10 08:30:00,522,XAUUSD,sell stop,0.01 / 0,3271.33,3393.98,3242.18,2025.10.12 23:05:00,canceled,The Gold Reaper_XAUUSD_1,1,3.749239605909526,0.8910748839157191
2025.10.13 00:05:00,525,XAUUSD,buy stop,0.01 / 0.01,4053.77,3931.37,4082.86,2025.10.13 00:06:49,filled,The Gold Reaper_XAUUSD_1,1,3.0194115601033134,0.7176036134265177
2025.10.12 23:05:01,524,XAUUSD,buy stop,0.02 / 0.02,4056.71,4042.8,4122.3,2025.10.13 00:08:24,filled,The Gold Reaper_XAUUSD_3,3,0.34288869551927187,1.6168274291236038
2025.10.12 23:05:00,523,XAUUSD,sell stop,0.01 / 0,3271.29,3392.54,3242.47,2025.10.14 10:15:00,canceled,The Gold Reaper_XAUUSD_1,1,3.7064888774764695,0.880998016073175
2025.10.14 10:15:00,528,XAUUSD,sell stop,0.01 / 0,3271.34,3394.63,3242.03,2025.10.15 21:15:00,canceled,The Gold Reaper_XAUUSD_1,1,3.7687919934950194,0.8959631221456633
2025.10.15 21:15:00,529,XAUUSD,sell stop,0.01 / 0,3271.4,3396.91,3241.57,2025.10.17 08:15:00,canceled,The Gold Reaper_XAUUSD_1,1,3.8365837256220505,0.9118420248211752
2025.10.17 08:15:00,530,XAUUSD,sell stop,0.01 / 0,3271.48,3399.99,3240.93,2025.10.19 23:10:41,canceled,The Gold Reaper_XAUUSD_1,1,3.928191521879998,0.9338281144925288
2025.10.20 00:05:01,532,XAUUSD,buy stop,0.02 / 0.02,4376.83,4361.92,4447.1,2025.10.20 20:55:48,filled,The Gold Reaper_XAUUSD_3,3,0.3406575078310068,1.605499870911149
2025.10.19 23:10:41,531,XAUUSD,sell stop,0.01 / 0,3271.59,3404.17,3240.08,2025.10.21 10:15:00,canceled,The Gold Reaper_XAUUSD_1,1,4.052463786721439,0.9631402467913222
2025.10.21 10:15:00,534,XAUUSD,sell stop,0.01 / 0,3271.51,3401.32,3240.65,2025.10.22 21:15:00,canceled,The Gold Reaper_XAUUSD_1,1,3.9678925022390255,0.943295297889969
2025.10.03 16:31:00,518,XAUUSD,sell stop,0.02 / 0,3312.96,3332.27,3233.79,2025.10.23 17:00:00,canceled,The Gold Reaper_XAUUSD_2,2,0.5828624553269568,2.3897058823529433
2025.10.22 21:15:00,535,XAUUSD,sell stop,0.01 / 0,3271.6,3404.81,3239.94,2025.10.24 08:15:00,canceled,The Gold Reaper_XAUUSD_1,1,4.071708032766843,0.9677222154297548
2025.10.24 08:15:00,540,XAUUSD,sell stop,0.01 / 0,3271.39,3396.51,3241.65,2025.10.26 23:05:00,canceled,The Gold Reaper_XAUUSD_1,1,3.8246739153693183,0.909093688004175
2025.10.24 00:05:00,538,XAUUSD,buy stop,0.01 / 0,4376.13,4251.01,4405.87,2025.10.26 23:05:00,canceled,The Gold Reaper_XAUUSD_1,1,2.859147237399252,0.6795958986593127
2025.10.26 23:05:00,541,XAUUSD,sell stop,0.02 / 0.02,4006.86,4021.27,3938.94,2025.10.27 14:07:16,filled,The Gold Reaper_XAUUSD_3,3,0.3596332290122404,1.6950929156496626
2025.10.26 23:05:01,543,XAUUSD,sell stop,0.01 / 0,3271.4,3396.94,3241.56,2025.10.28 10:15:00,canceled,The Gold Reaper_XAUUSD_1,1,3.8375007641988126,0.9121477043467673
2025.10.26 23:05:00,542,XAUUSD,buy stop,0.01 / 0,4376.11,4250.57,4405.95,2025.10.28 10:15:00,canceled,The Gold Reaper_XAUUSD_1,1,2.8687578694319837,0.681884139109852
2025.10.28 10:15:00,546,XAUUSD,sell stop,0.01 / 0,3271.36,3395.33,3241.89,2025.10.29 23:02:00,canceled,The Gold Reaper_XAUUSD_1,1,3.789555414261952,0.9008485767387341
2025.10.28 10:15:00,545,XAUUSD,buy stop,0.01 / 0,4376.18,4252.21,4405.65,2025.10.29 23:02:00,canceled,The Gold Reaper_XAUUSD_1,1,2.832835943676911,0.6734183694454831
2025.10.29 23:02:00,548,XAUUSD,sell stop,0.01 / 0,3271.31,3393.27,3242.32,2025.10.31 10:15:00,canceled,The Gold Reaper_XAUUSD_1,1,3.728170060312231,0.8861893247659128
2025.10.29 23:02:00,547,XAUUSD,buy stop,0.01 / 0,4376.27,4254.31,4405.26,2025.10.31 10:15:00,canceled,The Gold Reaper_XAUUSD_1,1,2.7868481606482236,0.6624362756411232
2025.10.31 10:15:00,551,XAUUSD,sell stop,0.01 / 0,3271.27,3391.83,3242.61,2025.11.02 23:05:02,canceled,The Gold Reaper_XAUUSD_1,1,3.6854188128769545,0.8761123355760868
2025.10.31 10:15:00,550,XAUUSD,buy stop,0.01 / 0,4376.33,4255.77,4404.99,2025.11.02 23:05:02,canceled,The Gold Reaper_XAUUSD_1,1,2.754819677675118,0.6548866287505708
2025.10.23 17:00:00,537,XAUUSD,sell stop,0.02 / 0,3313.05,3333.67,3228.52,2025.11.02 23:06:00,canceled,The Gold Reaper_XAUUSD_2,2,0.622387226271861,2.55142542370324
2025.11.02 23:05:02,553,XAUUSD,sell stop,0.01 / 0,3271.34,3394.46,3242.07,2025.11.04 10:15:00,canceled,The Gold Reaper_XAUUSD_1,1,3.763595346249546,0.8947403816173183
2025.11.02 23:05:02,552,XAUUSD,buy stop,0.01 / 0,4376.22,4253.1,4405.49,2025.11.04 10:15:00,canceled,The Gold Reaper_XAUUSD_1,1,2.813386895539984,0.6688420600426743
2025.11.04 10:15:00,556,XAUUSD,sell stop,0.01 / 0,3271.29,3392.69,3242.43,2025.11.05 21:15:00,canceled,The Gold Reaper_XAUUSD_1,1,3.7110742245413912,0.8822207752904857
2025.11.04 10:15:00,555,XAUUSD,buy stop,0.01 / 0,4376.3,4254.9,4405.16,2025.11.05 21:15:00,canceled,The Gold Reaper_XAUUSD_1,1,2.7740328588076806,0.6594611886753575
2025.11.05 21:15:00,558,XAUUSD,sell stop,0.01 / 0,3271.31,3393.24,3242.33,2025.11.07 08:15:00,canceled,The Gold Reaper_XAUUSD_1,1,3.727252996505982,0.8858836368305059
2025.11.05 21:15:00,557,XAUUSD,buy stop,0.01 / 0,4376.27,4254.34,4405.25,2025.11.07 08:15:00,canceled,The Gold Reaper_XAUUSD_1,1,2.7861626453578108,0.6622077705443119
2025.11.07 08:15:00,559,XAUUSD,buy stop,0.01 / 0,4376.31,4255.11,4405.12,2025.11.07 13:50:00,canceled,The Gold Reaper_XAUUSD_1,1,2.769456459894311,0.6583171667454886
2025.11.07 08:15:00,560,XAUUSD,sell stop,0.01 / 0,3271.29,3392.49,3242.48,2025.11.07 13:50:00,canceled,The Gold Reaper_XAUUSD_1,1,3.704960428454824,0.8806923262688403
2025.10.24 00:05:00,539,XAUUSD,buy stop,0.02 / 0,4378.28,4357.77,4462.38,2025.11.07 13:50:00,canceled,The Gold Reaper_XAUUSD_2,2,0.46844879724456434,1.9208456288771016
2025.11.02 23:05:02,554,XAUUSD,sell stop,0.02 / 0,3888.09,3908.27,3805.34,2025.11.07 13:50:00,canceled,The Gold Reaper_XAUUSD_2,2,0.519020907437838,2.128294355326137
2025.10.23 00:05:01,536,XAUUSD,buy stop,0.02 / 0,4379.09,4364.66,4447.12,2025.11.07 13:50:00,canceled,The Gold Reaper_XAUUSD_3,3,0.3295205168197112,1.553519110134748
2025.10.31 00:05:00,549,XAUUSD,sell stop,0.02 / 0,3889.05,3902.89,3823.83,2025.11.07 13:50:00,canceled,The Gold Reaper_XAUUSD_3,3,0.35587097105976245,1.6770162378987221
2025.11.07 16:31:00,562,XAUUSD,sell stop,0.01 / 0,3271.29,3392.49,3242.48,2025.11.09 23:05:00,canceled,The Gold Reaper_XAUUSD_1,1,3.704960428454824,0.8806923262688403
2025.11.07 16:31:00,561,XAUUSD,buy stop,0.01 / 0,4376.31,4255.11,4405.12,2025.11.09 23:05:00,canceled,The Gold Reaper_XAUUSD_1,1,2.769456459894311,0.6583171667454886
2025.11.09 23:05:00,568,XAUUSD,sell stop,0.01 / 0,3271.3,3392.97,3242.38,2025.11.11 10:15:02,canceled,The Gold Reaper_XAUUSD_1,1,3.7193164796869627,0.8840522116589757
2025.11.09 23:05:00,567,XAUUSD,buy stop,0.01 / 0,4376.28,4254.61,4405.2,2025.11.11 10:15:02,canceled,The Gold Reaper_XAUUSD_1,1,2.7802151599075033,0.6608352299213047
2025.11.11 10:15:02,570,XAUUSD,sell stop,0.01 / 0,3271.32,3393.68,3242.23,2025.11.12 21:30:00,canceled,The Gold Reaper_XAUUSD_1,1,3.74038614381961,0.8892434858100139
2025.11.11 10:15:02,569,XAUUSD,buy stop,0.01 / 0,4376.25,4253.89,4405.34,2025.11.12 21:30:00,canceled,The Gold Reaper_XAUUSD_1,1,2.796001142530698,0.6647243644672984
2025.11.12 21:30:00,572,XAUUSD,sell stop,0.01 / 0,3271.41,3397.07,3241.54,2025.11.14 08:30:00,canceled,The Gold Reaper_XAUUSD_1,1,3.8411571768748125,0.9130619518800729
2025.11.12 21:30:00,571,XAUUSD,buy stop,0.01 / 0,4376.1,4250.44,4405.97,2025.11.14 08:30:00,canceled,The Gold Reaper_XAUUSD_1,1,2.8715065926281564,0.6825712392312764
2025.11.14 08:30:00,574,XAUUSD,sell stop,0.01 / 0,3271.46,3399.29,3241.07,2025.11.16 23:05:00,canceled,The Gold Reaper_XAUUSD_1,1,3.907429710282257,0.9289430407218756
2025.11.14 08:30:00,573,XAUUSD,buy stop,0.01 / 0,4376.01,4248.18,4406.4,2025.11.16 23:05:00,canceled,The Gold Reaper_XAUUSD_1,1,2.921154202115624,0.6944682484729107
2025.11.07 16:31:00,565,XAUUSD,buy stop,0.02 / 0,4379.19,4365.28,4444.76,2025.11.17 00:06:00,canceled,The Gold Reaper_XAUUSD_3,3,0.3176386500699868,1.4973088630545974
2025.11.07 16:31:00,563,XAUUSD,buy stop,0.02 / 0,4378.39,4358.52,4459.85,2025.11.18 00:06:00,canceled,The Gold Reaper_XAUUSD_2,2,0.4538197830709436,1.8605012344720326
2025.11.16 23:05:00,576,XAUUSD,sell stop,0.01 / 0,3271.46,3399.14,3241.11,2025.11.18 10:15:00,canceled,The Gold Reaper_XAUUSD_1,1,3.9028446014929066,0.9277203450447173
2025.11.16 23:05:00,575,XAUUSD,buy stop,0.01 / 0,4376.01,4248.33,4406.36,2025.11.18 10:15:00,canceled,The Gold Reaper_XAUUSD_1,1,2.917726422014581,0.6935541737792978
2025.11.18 10:15:00,580,XAUUSD,sell stop,0.01 / 0,3271.39,3396.33,3241.69,2025.11.19 21:15:00,canceled,The Gold Reaper_XAUUSD_1,1,3.819171667089526,0.9078709661642244
2025.11.18 10:15:00,579,XAUUSD,buy stop,0.01 / 0,4376.14,4251.2,4405.84,2025.11.19 21:15:00,canceled,The Gold Reaper_XAUUSD_1,1,2.8550274899797654,0.6786802981623031
2025.11.07 16:31:00,566,XAUUSD,sell stop,0.02 / 0,3889.06,3902.97,3823.49,2025.11.21 00:06:00,canceled,The Gold Reaper_XAUUSD_3,3,0.35766997680673107,1.6860115297784084
2025.11.19 21:15:00,582,XAUUSD,sell stop,0.01 / 0,3271.34,3394.46,3242.07,2025.11.21 08:15:00,canceled,The Gold Reaper_XAUUSD_1,1,3.763595346249546,0.8947403816173183
2025.11.19 21:15:00,581,XAUUSD,buy stop,0.01 / 0,4376.22,4253.1,4405.49,2025.11.21 08:15:00,canceled,The Gold Reaper_XAUUSD_1,1,2.813386895539984,0.6688420600426743
2025.11.21 08:15:00,585,XAUUSD,sell stop,0.01 / 0,3271.39,3396.58,3241.63,2025.11.23 23:05:00,canceled,The Gold Reaper_XAUUSD_1,1,3.8268136785892257,0.9097050489241504
2025.11.21 08:15:00,584,XAUUSD,buy stop,0.01 / 0,4376.13,4250.94,4405.89,2025.11.23 23:05:00,canceled,The Gold Reaper_XAUUSD_1,1,2.8607468242488343,0.6800529234734849
2025.11.23 23:05:00,587,XAUUSD,sell stop,0.01 / 0,3271.37,3395.79,3241.8,2025.11.25 10:15:00,canceled,The Gold Reaper_XAUUSD_1,1,3.80329953505718,0.9039026462919116
2025.11.23 23:05:00,586,XAUUSD,buy stop,0.01 / 0,4376.16,4251.74,4405.73,2025.11.25 10:15:00,canceled,The Gold Reaper_XAUUSD_1,1,2.8431318781763024,0.6757065555189872
2025.11.25 10:15:00,589,XAUUSD,sell stop,0.01 / 0,3271.37,3395.66,3241.83,2025.11.26 21:15:00,canceled,The Gold Reaper_XAUUSD_1,1,3.7993256647826437,0.9029855993054886
2025.11.25 10:15:00,588,XAUUSD,buy stop,0.01 / 0,4376.17,4251.88,4405.71,2025.11.26 21:15:00,canceled,The Gold Reaper_XAUUSD_1,1,2.8401547471876083,0.6750194805046413
2025.11.07 16:31:00,564,XAUUSD,sell stop,0.02 / 0,3888.07,3907.94,3806.61,2025.11.27 17:00:00,canceled,The Gold Reaper_XAUUSD_2,2,0.511050469770346,2.0951268881475906
2025.11.26 21:15:00,591,XAUUSD,sell stop,0.01 / 0,3271.43,3397.81,3241.39,2025.11.28 08:15:02,canceled,The Gold Reaper_XAUUSD_1,1,3.8631424178417424,0.9182528741253814
2025.11.26 21:15:00,590,XAUUSD,buy stop,0.01 / 0,4376.07,4249.69,4406.11,2025.11.28 08:15:02,canceled,The Gold Reaper_XAUUSD_1,1,2.8879793970388983,0.6864606827587302
2025.11.28 08:15:02,594,XAUUSD,sell stop,0.01 / 0,3271.44,3398.47,3241.24,2025.11.30 23:15:00,canceled,The Gold Reaper_XAUUSD_1,1,3.882999535372794,0.9231408798571965
2025.11.28 08:15:02,593,XAUUSD,buy stop,0.01 / 0,4376.04,4249.01,4406.24,2025.11.30 23:15:00,canceled,The Gold Reaper_XAUUSD_1,1,2.9028528075611684,0.6901216625076512
2025.11.18 00:05:00,578,XAUUSD,buy stop,0.02 / 0.02,4241.71,4221.23,4325.69,2025.12.01 01:39:33,filled,The Gold Reaper_XAUUSD_2,2,0.4828241440362607,1.9798618953205092
2025.11.17 00:05:01,577,XAUUSD,buy stop,0.02 / 0.02,4242.54,4228.27,4309.82,2025.12.01 01:39:35,filled,The Gold Reaper_XAUUSD_3,3,0.3363551080248985,1.5858424434418945
2025.11.30 23:15:00,596,XAUUSD,sell stop,0.01 / 0,3271.44,3398.42,3241.26,2025.12.02 10:15:00,canceled,The Gold Reaper_XAUUSD_1,1,3.8814711564326423,0.9225295282811189
2025.11.30 23:15:00,595,XAUUSD,buy stop,0.01 / 0,4376.05,4249.07,4406.23,2025.12.02 10:15:00,canceled,The Gold Reaper_XAUUSD_1,1,2.9017035911381375,0.6896630522960062
2025.12.02 10:15:00,600,XAUUSD,buy stop,0.01 / 0,4375.96,4247.19,4406.57,2025.12.03 21:15:00,canceled,The Gold Reaper_XAUUSD_1,1,2.9426685801515653,0.6995036517701183
2025.12.01 02:00:00,597,XAUUSD,buy stop,0.02 / 0,4378.17,4357.02,4464.89,2025.12.05 00:06:00,canceled,The Gold Reaper_XAUUSD_2,2,0.4830785465160018,1.9807362436817268
2025.12.03 21:15:00,601,XAUUSD,buy stop,0.01 / 0,4375.96,4247.02,4406.61,2025.12.05 08:15:00,canceled,The Gold Reaper_XAUUSD_1,1,2.9465534419875774,0.7004177369080073
2025.12.05 00:05:00,603,XAUUSD,buy stop,0.01 / 0.01,4258.84,4130.52,4289.34,2025.12.05 15:39:27,filled,The Gold Reaper_XAUUSD_1,1,3.0130270214424515,0.7161574513247739
2025.12.05 15:45:00,605,XAUUSD,buy stop,0.01 / 0,4258.84,4130.52,4289.34,2025.12.07 23:15:00,canceled,The Gold Reaper_XAUUSD_1,1,3.0130270214424515,0.7161574513247739
2025.11.21 00:05:00,583,XAUUSD,sell stop,0.02 / 0,4000.47,4014.84,3932.74,2025.12.09 00:05:01,canceled,The Gold Reaper_XAUUSD_3,3,0.3592077930843212,1.693051066499687
2025.12.07 23:15:00,607,XAUUSD,buy stop,0.01 / 0,4258.85,4130.56,4289.35,2025.12.09 10:15:00,canceled,The Gold Reaper_XAUUSD_1,1,3.012315531187996,0.7161557697500498
2025.12.09 10:15:00,609,XAUUSD,buy stop,0.01 / 0,4258.85,4130.7,4289.31,2025.12.10 21:15:00,canceled,The Gold Reaper_XAUUSD_1,1,3.0090282588022714,0.7152165490684113
2025.12.10 21:15:00,610,XAUUSD,buy stop,0.01 / 0.01,4258.86,4130.92,4289.27,2025.12.11 15:50:19,filled,The Gold Reaper_XAUUSD_1,1,3.004090296464303,0.7140408466115525
2025.12.05 00:05:00,604,XAUUSD,buy stop,0.02 / 0.02,4261.05,4240.01,4347.3,2025.12.11 15:51:36,filled,The Gold Reaper_XAUUSD_2,2,0.49377500850729195,2.024148977364734
2025.12.11 16:00:00,611,XAUUSD,buy stop,0.01 / 0.01,4258.84,4130.41,4289.37,2025.12.11 16:19:31,filled,The Gold Reaper_XAUUSD_1,1,3.015609884381669,0.7168618684900053
2025.12.11 16:30:00,613,XAUUSD,buy stop,0.01 / 0.01,4258.84,4130.41,4289.37,2025.12.11 16:30:03,filled,The Gold Reaper_XAUUSD_1,1,3.015609884381669,0.7168618684900053
2025.12.04 00:05:00,602,XAUUSD,buy stop,0.02 / 0.02,4261.89,4247.14,4331.4,2025.12.11 16:43:50,filled,The Gold Reaper_XAUUSD_3,3,0.3460905842243699,1.6309665430125908
2025.12.11 17:00:00,615,XAUUSD,buy stop,0.01 / 0,4375.98,4247.55,4406.51,2025.12.14 23:15:00,canceled,The Gold Reaper_XAUUSD_1,1,2.934885442803655,0.6976722928349914
2025.12.14 23:15:00,620,XAUUSD,buy stop,0.01 / 0,4375.89,4245.46,4406.89,2025.12.16 10:15:00,canceled,The Gold Reaper_XAUUSD_1,1,2.9806507933243362,0.7084273142149368
2025.12.16 10:15:00,622,XAUUSD,buy stop,0.01 / 0,4375.85,4244.63,4407.04,2025.12.16 13:50:00,canceled,The Gold Reaper_XAUUSD_1,1,2.9987316749888646,0.7127758035581566
2025.12.11 16:00:00,612,XAUUSD,buy stop,0.02 / 0,4378.19,4357.14,4464.51,2025.12.16 13:50:00,canceled,The Gold Reaper_XAUUSD_2,2,0.4807922908781774,1.9715909999337768
2025.11.27 17:00:00,592,XAUUSD,sell stop,0.02 / 0,3888.13,3908.8,3803.39,2025.12.16 13:50:00,canceled,The Gold Reaper_XAUUSD_2,2,0.5316180271750192,2.179453876285007
2025.12.16 00:05:00,621,XAUUSD,buy stop,0.02 / 0,4350.79,4335.73,4421.78,2025.12.16 13:50:00,canceled,The Gold Reaper_XAUUSD_3,3,0.34614403361229573,1.631657698946623
2025.12.09 00:05:01,608,XAUUSD,sell stop,0.02 / 0,4000.53,4015.24,3931.2,2025.12.16 13:50:00,canceled,The Gold Reaper_XAUUSD_3,3,0.36770127958044513,1.7330203748003485
2025.12.16 16:31:00,624,XAUUSD,buy stop,0.02 / 0,4378.11,4356.6,4466.31,2025.12.17 00:06:00,canceled,The Gold Reaper_XAUUSD_2,2,0.49130789313195217,2.0145679299972077
2025.12.17 00:05:00,627,XAUUSD,buy stop,0.01 / 0.01,4347.67,4216.39,4378.88,2025.12.17 15:33:14,filled,The Gold Reaper_XAUUSD_1,1,3.019548401787618,0.7178557710221806
2025.12.16 16:31:00,623,XAUUSD,buy stop,0.01 / 0,4375.85,4244.63,4407.04,2025.12.18 03:45:00,canceled,The Gold Reaper_XAUUSD_1,1,2.9987316749888646,0.7127758035581566
2025.12.17 15:45:00,630,XAUUSD,buy stop,0.01 / 0.01,4347.67,4216.39,4378.88,2025.12.18 16:10:14,filled,The Gold Reaper_XAUUSD_1,1,3.019548401787618,0.7178557710221806
2025.12.17 00:05:00,628,XAUUSD,buy stop,0.02 / 0.02,4349.93,4328.41,4438.17,2025.12.18 16:10:26,filled,The Gold Reaper_XAUUSD_2,2,0.494720604699396,2.0285383902729417
2025.12.16 16:31:00,626,XAUUSD,buy stop,0.02 / 0.02,4350.79,4335.73,4421.78,2025.12.18 16:10:26,filled,The Gold Reaper_XAUUSD_3,3,0.34614403361229573,1.631657698946623
2025.12.18 16:15:00,631,XAUUSD,buy stop,0.01 / 0,4375.85,4244.46,4407.08,2025.12.21 23:15:00,canceled,The Gold Reaper_XAUUSD_1,1,3.0026166344824508,0.7136899116742933
2025.12.22 00:05:00,637,XAUUSD,buy stop,0.02 / 0.02,4371.8,4356.62,4443.38,2025.12.22 01:00:30,filled,The Gold Reaper_XAUUSD_3,3,0.34722539914909856,1.6373118623907754
2025.12.21 23:15:00,636,XAUUSD,buy stop,0.01 / 0.01,4375.81,4243.59,4407.24,2025.12.22 01:39:07,filled,The Gold Reaper_XAUUSD_1,1,3.021611998692819,0.7182670179920833
2025.12.18 17:00:00,633,XAUUSD,buy stop,0.02 / 0.02,4378.11,4356.57,4466.42,2025.12.22 01:40:01,filled,The Gold Reaper_XAUUSD_2,2,0.49199312031904097,2.017080429683137
2025.12.31 00:05:00,642,XAUUSD,buy stop,0.01 / 0,4544.03,4411.48,4575.54,2026.01.01 23:10:00,canceled,The Gold Reaper_XAUUSD_1,1,2.9170141922478545,0.6934373232571136
2026.01.01 23:10:00,644,XAUUSD,buy stop,0.01 / 0,4544.04,4411.7,4575.5,2026.01.04 23:15:00,canceled,The Gold Reaper_XAUUSD_1,1,2.9123863346273393,0.6923354547935325
2025.12.16 16:31:00,625,XAUUSD,sell stop,0.02 / 0,3888.19,3909.7,3799.99,2026.01.05 17:00:00,canceled,The Gold Reaper_XAUUSD_2,2,0.5532137061203224,2.2684076652632785
2026.01.04 23:15:00,646,XAUUSD,buy stop,0.01 / 0,4544.03,4411.4,4575.56,2026.01.06 10:15:00,canceled,The Gold Reaper_XAUUSD_1,1,2.9187747440047738,0.6938774611963534
2026.01.06 10:15:00,648,XAUUSD,buy stop,0.01 / 0,4544.0,4410.63,4575.7,2026.01.07 21:15:00,canceled,The Gold Reaper_XAUUSD_1,1,2.9350792253521103,0.6976232394366157
2026.01.07 21:15:00,649,XAUUSD,buy stop,0.01 / 0,4543.9,4408.46,4576.09,2026.01.09 08:15:00,canceled,The Gold Reaper_XAUUSD_1,1,2.9806993991945157,0.7084222804199148
2026.01.09 08:15:00,650,XAUUSD,buy stop,0.01 / 0,4543.87,4407.73,4576.23,2026.01.09 13:50:00,canceled,The Gold Reaper_XAUUSD_1,1,2.996124448982923,0.7121682618560758
2025.12.31 00:05:00,643,XAUUSD,buy stop,0.02 / 0,4546.32,4524.59,4635.41,2026.01.09 13:50:00,canceled,The Gold Reaper_XAUUSD_2,2,0.4779689947033989,1.9596068908479858
2026.01.05 17:00:00,647,XAUUSD,sell stop,0.02 / 0,3888.2,3909.96,3798.97,2026.01.09 13:50:00,canceled,The Gold Reaper_XAUUSD_2,2,0.5596419937246083,2.2948922380535985
2025.12.30 00:05:00,641,XAUUSD,buy stop,0.02 / 0,4547.07,4531.22,4621.77,2026.01.09 13:50:00,canceled,The Gold Reaper_XAUUSD_3,3,0.34857611604834443,1.6428161431427433
2026.01.04 23:05:01,645,XAUUSD,sell stop,0.02 / 0,4277.23,4292.45,4205.48,2026.01.09 13:50:00,canceled,The Gold Reaper_XAUUSD_3,3,0.3558377735123025,1.6774875328191379
2026.01.09 16:31:00,651,XAUUSD,buy stop,0.01 / 0,4543.87,4407.73,4576.23,2026.01.11 23:15:00,canceled,The Gold Reaper_XAUUSD_1,1,2.996124448982923,0.7121682618560758
2026.01.11 23:15:00,656,XAUUSD,buy stop,0.01 / 0.01,4543.86,4407.35,4576.31,2026.01.11 23:42:39,filled,The Gold Reaper_XAUUSD_1,1,3.0042738992838536,0.7141505240038366
2026.01.11 23:45:00,657,XAUUSD,buy stop,0.01 / 0.01,4543.86,4407.35,4576.31,2026.01.11 23:46:56,filled,The Gold Reaper_XAUUSD_1,1,3.0042738992838536,0.7141505240038366
2026.01.09 16:31:00,652,XAUUSD,buy stop,0.02 / 0.02,4546.22,4523.9,4637.72,2026.01.12 00:05:38,filled,The Gold Reaper_XAUUSD_2,2,0.4909573227868563,2.0126610678761696
2026.01.09 16:31:00,654,XAUUSD,buy stop,0.02 / 0.02,4547.11,4531.49,4620.76,2026.01.12 00:05:48,filled,The Gold Reaper_XAUUSD_3,3,0.34351489187637624,1.6197101015810165
2026.01.09 16:31:00,655,XAUUSD,sell stop,0.02 / 0,4277.3,4292.92,4203.65,2026.01.27 17:00:00,canceled,The Gold Reaper_XAUUSD_3,3,0.3651836438874966,1.7218806256283297
2026.01.09 16:31:00,653,XAUUSD,sell stop,0.02 / 0,3888.24,3910.56,3796.74,2026.01.29 17:00:00,canceled,The Gold Reaper_XAUUSD_2,2,0.574038639590153,2.353249799395099
2026.02.02 00:05:00,664,XAUUSD,buy stop,0.01 / 0,5592.05,5444.79,5627.06,2026.02.03 11:15:00,canceled,The Gold Reaper_XAUUSD_1,1,2.6333813181212653,0.6260673634892431
2026.02.03 11:15:00,666,XAUUSD,buy stop,0.01 / 0,5592.17,5447.57,5626.54,2026.02.04 23:02:01,canceled,The Gold Reaper_XAUUSD_1,1,2.5857583013392005,0.6146093555811052
2026.01.29 17:00:00,662,XAUUSD,sell stop,0.02 / 0,3888.49,3914.35,3782.46,2026.02.06 00:06:00,canceled,The Gold Reaper_XAUUSD_2,2,0.6650396426376338,2.726765402508422
2026.02.04 23:02:01,667,XAUUSD,buy stop,0.01 / 0,5592.13,5446.51,5626.74,2026.02.06 10:15:01,canceled,The Gold Reaper_XAUUSD_1,1,2.604016716349582,0.6189054975474403
2026.02.06 10:15:01,670,XAUUSD,buy stop,0.01 / 0,5591.8,5438.92,5628.14,2026.02.06 13:50:00,canceled,The Gold Reaper_XAUUSD_1,1,2.734003362065884,0.6498801816946269
2026.02.02 00:05:00,665,XAUUSD,buy stop,0.02 / 0,5594.59,5570.45,5693.57,2026.02.06 13:50:00,canceled,The Gold Reaper_XAUUSD_2,2,0.431488277067673,1.7692091824423157
2026.02.06 00:05:00,669,XAUUSD,sell stop,0.02 / 0,4404.73,4429.79,4301.98,2026.02.06 13:50:00,canceled,The Gold Reaper_XAUUSD_2,2,0.5689338506560085,2.332719599158178
2026.02.01 23:05:00,663,XAUUSD,buy stop,0.01 / 0,5595.15,5576.12,5684.88,2026.02.06 13:50:00,canceled,The Gold Reaper_XAUUSD_3,3,0.3401159933156349,1.6037103562907244
2026.02.05 00:05:00,668,XAUUSD,sell stop,0.02 / 0,4405.95,4423.27,4324.32,2026.02.06 13:50:00,canceled,The Gold Reaper_XAUUSD_3,3,0.3931047787650931,1.8527218874476588
2026.02.06 16:31:00,671,XAUUSD,buy stop,0.01 / 0,5591.8,5438.92,5628.14,2026.02.08 23:05:00,canceled,The Gold Reaper_XAUUSD_1,1,2.734003362065884,0.6498801816946269
2026.02.08 23:05:00,676,XAUUSD,buy stop,0.01 / 0,5592.22,5448.75,5626.32,2026.02.10 10:15:00,canceled,The Gold Reaper_XAUUSD_1,1,2.5655285378615336,0.6097757241310151
2026.02.10 10:15:00,677,XAUUSD,buy stop,0.01 / 0,5591.77,5438.17,5628.28,2026.02.11 21:15:04,canceled,The Gold Reaper_XAUUSD_1,1,2.7468940961448767,0.6529238505875475
2026.02.11 21:15:04,678,XAUUSD,buy stop,0.01 / 0,5591.77,5438.3,5628.25,2026.02.13 08:30:00,canceled,The Gold Reaper_XAUUSD_1,1,2.7445692508812103,0.6523873478343988
2026.02.13 08:30:00,679,XAUUSD,buy stop,0.01 / 0,5591.73,5437.36,5628.42,2026.02.15 23:05:00,canceled,The Gold Reaper_XAUUSD_1,1,2.760684081670608,0.6561475607727932
2026.02.06 16:31:00,674,XAUUSD,buy stop,0.01 / 0,5595.43,5577.89,5678.13,2026.02.15 23:06:00,canceled,The Gold Reaper_XAUUSD_3,3,0.31347009970636686,1.4779918612153098
2026.02.15 23:05:00,680,XAUUSD,buy stop,0.01 / 0,5591.92,5441.85,5627.59,2026.02.17 10:15:00,canceled,The Gold Reaper_XAUUSD_1,1,2.683693615073172,0.637884662155397
2026.02.17 10:15:00,682,XAUUSD,buy stop,0.01 / 0,5591.79,5438.67,5628.19,2026.02.18 21:15:02,canceled,The Gold Reaper_XAUUSD_1,1,2.738300258056899,0.6509543455673341
2026.02.06 16:31:01,675,XAUUSD,sell stop,0.01 / 0,4405.99,4423.53,4323.29,2026.02.20 00:06:00,canceled,The Gold Reaper_XAUUSD_3,3,0.3980944123795098,1.8769901883572095
2026.02.18 21:15:02,683,XAUUSD,buy stop,0.01 / 0,5591.83,5439.64,5628.01,2026.02.20 08:30:00,canceled,The Gold Reaper_XAUUSD_1,1,2.7216492633002005,0.6470153777922485
2026.02.15 23:05:00,681,XAUUSD,buy stop,0.02 / 0.02,5116.25,5099.03,5197.44,2026.02.22 23:05:00,filled,The Gold Reaper_XAUUSD_3,3,0.33657463962863926,1.5869044710481233
2026.02.20 08:30:00,685,XAUUSD,buy stop,0.01 / 0,5591.85,5440.08,5627.93,2026.02.22 23:05:00,canceled,The Gold Reaper_XAUUSD_1,1,2.7141285978701224,0.645224746729614
2026.02.22 23:05:00,686,XAUUSD,buy stop,0.01 / 0,5591.83,5439.7,5627.99,2026.02.24 10:15:00,canceled,The Gold Reaper_XAUUSD_1,1,2.7205762693071875,0.6466577131279001
2026.02.24 10:15:00,688,XAUUSD,buy stop,0.01 / 0,5591.59,5434.06,5629.04,2026.02.25 21:15:00,canceled,The Gold Reaper_XAUUSD_1,1,2.8172666450866344,0.6697558297371555
2026.02.06 16:31:00,673,XAUUSD,sell stop,0.02 / 0,4404.73,4429.79,4301.98,2026.02.26 17:00:00,canceled,The Gold Reaper_XAUUSD_2,2,0.5689338506560085,2.332719599158178
2026.02.06 16:31:00,672,XAUUSD,buy stop,0.02 / 0,5594.43,5569.37,5697.18,2026.02.26 17:00:00,canceled,The Gold Reaper_XAUUSD_2,2,0.44794554583756346,1.8366482376220634
2026.02.26 17:00:00,691,XAUUSD,buy stop,0.02 / 0,5594.32,5568.59,5699.83,2026.02.27 00:06:00,canceled,The Gold Reaper_XAUUSD_2,2,0.45993078694103245,1.8860201061076276
2026.02.25 21:15:00,689,XAUUSD,buy stop,0.01 / 0,5591.49,5431.8,5629.45,2026.02.27 08:15:00,canceled,The Gold Reaper_XAUUSD_1,1,2.855947162563102,0.6788888113901669
2026.02.27 00:05:00,693,XAUUSD,buy stop,0.02 / 0.02,5246.32,5220.5,5352.17,2026.02.27 15:58:21,filled,The Gold Reaper_XAUUSD_2,2,0.49215450067856537,2.0176047210235053
2026.02.26 00:05:00,690,XAUUSD,buy stop,0.02 / 0.02,5247.36,5229.35,5332.28,2026.02.27 16:10:56,filled,The Gold Reaper_XAUUSD_3,3,0.34322020978166756,1.6183376021466047
2026.02.27 08:15:00,694,XAUUSD,buy stop,0.01 / 0,5591.59,5434.11,5629.02,2026.03.01 23:05:00,canceled,The Gold Reaper_XAUUSD_1,1,2.816372445046945,0.6693981497212831
2026.03.01 23:05:00,698,XAUUSD,buy stop,0.01 / 0,5591.56,5433.43,5629.15,2026.03.03 10:15:00,canceled,The Gold Reaper_XAUUSD_1,1,2.8280122184148984,0.672263196674975
2026.03.03 10:15:00,699,XAUUSD,buy stop,0.01 / 0,5591.28,5426.97,5630.34,2026.03.04 21:15:00,canceled,The Gold Reaper_XAUUSD_1,1,2.9386830922436276,0.6985878010044283
2026.02.27 16:00:00,696,XAUUSD,buy stop,0.02 / 0,5594.3,5568.48,5700.15,2026.03.06 00:06:00,canceled,The Gold Reaper_XAUUSD_2,2,0.4615412115903798,1.892104463471738
2026.02.20 00:05:01,684,XAUUSD,sell stop,0.02 / 0,4842.92,4860.34,4760.82,2026.03.06 00:06:00,canceled,The Gold Reaper_XAUUSD_3,3,0.35970034607220586,1.6952582326365162
2026.03.04 21:15:00,700,XAUUSD,buy stop,0.01 / 0,5591.34,5428.28,5630.1,2026.03.06 08:15:00,canceled,The Gold Reaper_XAUUSD_1,1,2.916295557057886,0.6932148644153319
2026.03.06 00:05:00,702,XAUUSD,buy stop,0.01 / 0,5412.11,5254.57,5449.56,2026.03.06 13:50:00,canceled,The Gold Reaper_XAUUSD_1,1,2.9108794906238042,0.6919667190800026
2026.03.06 00:05:00,703,XAUUSD,buy stop,0.02 / 0,5414.82,5388.99,5520.71,2026.03.06 13:50:00,canceled,The Gold Reaper_XAUUSD_2,2,0.4770241670083203,1.9555590028846819
2026.02.26 17:00:00,692,XAUUSD,sell stop,0.02 / 0,4404.78,4430.51,4299.27,2026.03.06 13:50:00,canceled,The Gold Reaper_XAUUSD_2,2,0.5841381408379187,2.3953523217958517
2026.03.05 00:05:00,701,XAUUSD,buy stop,0.02 / 0,5415.88,5397.94,5500.45,2026.03.06 13:50:00,canceled,The Gold Reaper_XAUUSD_3,3,0.33124810741745586,1.5615190883106662
2026.03.06 00:05:00,704,XAUUSD,sell stop,0.02 / 0,4999.31,5017.39,4914.08,2026.03.06 13:50:00,canceled,The Gold Reaper_XAUUSD_3,3,0.36164990768725935,1.704835267266892
2026.03.06 16:31:00,705,XAUUSD,buy stop,0.01 / 0,5412.11,5254.57,5449.56,2026.03.08 23:15:00,canceled,The Gold Reaper_XAUUSD_1,1,2.9108794906238042,0.6919667190800026
2026.03.08 23:15:00,710,XAUUSD,buy stop,0.01 / 0,5412.22,5257.09,5449.09,2026.03.10 10:15:00,canceled,The Gold Reaper_XAUUSD_1,1,2.8662914663483767,0.6812361655660688
2026.03.10 10:15:00,711,XAUUSD,buy stop,0.01 / 0,5412.23,5257.41,5449.03,2026.03.11 23:02:00,canceled,The Gold Reaper_XAUUSD_1,1,2.860558401989563,0.6799415398089177
2026.03.11 23:02:00,712,XAUUSD,buy stop,0.01 / 0,5412.14,5255.38,5449.4,2026.03.13 10:15:00,canceled,The Gold Reaper_XAUUSD_1,1,2.896451311311241,0.6884522573325765
2026.03.13 10:15:00,713,XAUUSD,buy stop,0.01 / 0,5412.15,5255.55,5449.37,2026.03.15 23:15:00,canceled,The Gold Reaper_XAUUSD_1,1,2.8934896482913346,0.6877119074674622
2026.03.06 16:31:00,709,XAUUSD,sell stop,0.02 / 0.02,4999.31,5017.39,4914.08,2026.03.15 23:20:14,filled,The Gold Reaper_XAUUSD_3,3,0.36164990768725935,1.704835267266892
2026.03.15 23:15:00,714,XAUUSD,buy stop,0.01 / 0,5412.2,5256.71,5449.16,2026.03.17 10:15:00,canceled,The Gold Reaper_XAUUSD_1,1,2.8729536972026124,0.6829015926979793
2026.03.18 00:05:00,717,XAUUSD,sell stop,0.02 / 0.02,4970.74,4988.29,4888.03,2026.03.18 10:35:37,filled,The Gold Reaper_XAUUSD_3,3,0.3530661430692449,1.6639373614391426
2026.03.17 10:15:00,716,XAUUSD,buy stop,0.01 / 0,5412.34,5259.91,5448.57,2026.03.18 23:02:00,canceled,The Gold Reaper_XAUUSD_1,1,2.8163419149573063,0.6693962315745049
2026.03.18 23:02:00,719,XAUUSD,buy stop,0.01 / 0,5412.32,5259.42,5448.66,2026.03.20 10:15:00,canceled,The Gold Reaper_XAUUSD_1,1,2.82503621367546,0.6714311053300644
2026.03.20 10:15:00,720,XAUUSD,buy stop,0.01 / 0,5412.56,5265.03,5447.63,2026.03.22 23:15:00,canceled,The Gold Reaper_XAUUSD_1,1,2.725697267097282,0.6479373900704972
2026.03.06 16:31:00,707,XAUUSD,sell stop,0.02 / 0.02,4404.79,4430.62,4298.9,2026.03.23 00:34:38,filled,The Gold Reaper_XAUUSD_2,2,0.5864070704846298,2.403973855734333
2026.03.06 16:31:00,706,XAUUSD,buy stop,0.02 / 0,5414.82,5388.99,5520.71,2026.03.23 00:39:00,canceled,The Gold Reaper_XAUUSD_2,2,0.4770241670083203,1.9555590028846819
2026.03.22 23:15:00,721,XAUUSD,buy stop,0.01 / 0,5412.82,5271.19,5446.49,2026.03.24 10:15:00,canceled,The Gold Reaper_XAUUSD_1,1,2.6165658566144843,0.6220417453379213
2026.03.06 16:31:00,708,XAUUSD,buy stop,0.02 / 0,5415.85,5397.77,5501.08,2026.03.24 17:00:00,canceled,The Gold Reaper_XAUUSD_3,3,0.3338349474228408,1.5737141907549057
2026.03.24 10:15:00,725,XAUUSD,buy stop,0.01 / 0,5413.07,5276.89,5445.44,2026.03.25 23:02:04,canceled,The Gold Reaper_XAUUSD_1,1,2.5157627741743482,0.5979970700545142
2026.03.23 01:00:00,724,XAUUSD,sell stop,0.03 / 0,3888.25,3910.63,3796.51,2026.03.27 00:06:00,canceled,The Gold Reaper_XAUUSD_2,2,0.5755802739021438,2.3594161898026047
2026.03.25 23:02:04,727,XAUUSD,buy stop,0.01 / 0,5413.1,5277.64,5445.3,2026.03.27 10:15:00,canceled,The Gold Reaper_XAUUSD_1,1,2.5024477656056607,0.5948532264321704
2026.03.27 10:15:00,731,XAUUSD,buy stop,0.01 / 0,5413.02,5275.82,5445.63,2026.03.29 23:05:00,canceled,The Gold Reaper_XAUUSD_1,1,2.5346294674691894,0.6024363479166837
2026.03.27 00:05:00,729,XAUUSD,sell stop,0.01 / 0,4102.5,4239.7,4069.89,2026.03.29 23:05:00,canceled,The Gold Reaper_XAUUSD_1,1,3.344302254722726,0.7948811700182846
2026.03.29 23:05:00,733,XAUUSD,sell stop,0.01 / 0,4102.42,4236.78,4070.48,2026.03.31 10:15:00,canceled,The Gold Reaper_XAUUSD_1,1,3.2751400392938725,0.7785648470902554
2026.03.29 23:05:00,732,XAUUSD,buy stop,0.01 / 0,5413.15,5278.79,5445.09,2026.03.31 10:15:00,canceled,The Gold Reaper_XAUUSD_1,1,2.482103765829502,0.5900446135799029
2026.03.31 10:15:00,734,XAUUSD,buy stop,0.01 / 0,5413.04,5276.26,5445.55,2026.04.01 21:15:00,canceled,The Gold Reaper_XAUUSD_1,1,2.526861061436822,0.6005867313007149
2026.03.31 10:15:01,735,XAUUSD,sell stop,0.01 / 0,4102.49,4239.27,4069.98,2026.04.01 21:30:01,canceled,The Gold Reaper_XAUUSD_1,1,3.3340727216885515,0.7924455635479858
2026.04.01 21:30:01,737,XAUUSD,sell stop,0.01 / 0,4102.51,4240.09,4069.81,2026.04.05 23:05:00,canceled,The Gold Reaper_XAUUSD_1,1,3.3535567250293092,0.7970730114003445
2026.04.01 21:15:00,736,XAUUSD,buy stop,0.01 / 0,5413.01,5275.43,5445.71,2026.04.05 23:05:00,canceled,The Gold Reaper_XAUUSD_1,1,2.5416542736850647,0.6041001217437215
2026.03.24 17:00:00,726,XAUUSD,buy stop,0.02 / 0,5416.31,5400.68,5489.98,2026.04.07 00:06:00,canceled,The Gold Reaper_XAUUSD_3,3,0.2885728475659648,1.3601510991800534
2026.04.05 23:05:00,739,XAUUSD,sell stop,0.01 / 0,4102.72,4248.41,4068.09,2026.04.07 10:15:00,canceled,The Gold Reaper_XAUUSD_1,1,3.5510588097652187,0.8440741751813456
2026.04.05 23:05:00,738,XAUUSD,buy stop,0.01 / 0,5412.64,5266.95,5447.27,2026.04.07 10:15:00,canceled,The Gold Reaper_XAUUSD_1,1,2.6916624789381984,0.639798693428717
2026.04.07 00:05:00,740,XAUUSD,buy stop,0.02 / 0.02,4797.36,4781.1,4874.01,2026.04.07 23:54:37,filled,The Gold Reaper_XAUUSD_3,3,0.33893641502825117,1.5977537645705253
2026.04.07 10:15:00,742,XAUUSD,sell stop,0.01 / 0,4102.62,4244.31,4068.94,2026.04.08 21:15:00,canceled,The Gold Reaper_XAUUSD_1,1,3.4536466940638064,0.8209388147086456
2026.04.07 10:15:00,741,XAUUSD,buy stop,0.01 / 0,5412.82,5271.13,5446.5,2026.04.08 21:15:00,canceled,The Gold Reaper_XAUUSD_1,1,2.6176743361131463,0.6222264919210374
2026.04.08 21:15:00,745,XAUUSD,sell stop,0.01 / 0,4102.63,4244.72,4068.86,2026.04.10 08:15:00,canceled,The Gold Reaper_XAUUSD_1,1,3.4633881193283367,0.8231305284658861
2026.04.08 21:15:00,744,XAUUSD,buy stop,0.01 / 0,5412.8,5270.71,5446.57,2026.04.10 08:15:00,canceled,The Gold Reaper_XAUUSD_1,1,2.6250738989062987,0.6238915164055485
2026.04.10 08:15:00,747,XAUUSD,sell stop,0.01 / 0,4102.67,4246.56,4068.47,2026.04.12 23:05:00,canceled,The Gold Reaper_XAUUSD_1,1,3.5072282196715876,0.8336034826101117
2026.04.10 08:15:00,746,XAUUSD,buy stop,0.01 / 0,5412.72,5268.83,5446.92,2026.04.12 23:05:00,canceled,The Gold Reaper_XAUUSD_1,1,2.658367696832652,0.6318449873630968
2026.03.23 00:39:00,723,XAUUSD,buy stop,0.03 / 0,5414.82,5388.99,5520.71,2026.04.12 23:05:00,canceled,The Gold Reaper_XAUUSD_2,2,0.4770241670083203,1.9555590028846819
2026.03.26 00:05:00,728,XAUUSD,sell stop,0.02 / 0,4101.63,4117.54,4026.6,2026.04.13 00:05:01,canceled,The Gold Reaper_XAUUSD_3,3,0.38789456874461753,1.8292727525398487
2026.04.12 23:05:00,750,XAUUSD,buy stop,0.02 / 0,5415.16,5391.34,5512.83,2026.04.13 00:06:00,canceled,The Gold Reaper_XAUUSD_2,2,0.4398761994105384,1.8036401509835365
2026.04.12 23:05:00,749,XAUUSD,sell stop,0.01 / 0,4102.71,4248.02,4068.17,2026.04.14 10:15:00,canceled,The Gold Reaper_XAUUSD_1,1,3.5418052945492224,0.8418825605514395
2026.04.12 23:05:00,748,XAUUSD,buy stop,0.01 / 0,5412.66,5267.35,5447.2,2026.04.14 10:15:00,canceled,The Gold Reaper_XAUUSD_1,1,2.6846319554525775,0.6381335609478512
2026.04.13 00:05:01,752,XAUUSD,buy stop,0.02 / 0.02,4853.62,4830.27,4949.35,2026.04.15 02:16:05,filled,The Gold Reaper_XAUUSD_2,2,0.48108422167370857,1.9723422929689691
2026.04.12 23:05:00,751,XAUUSD,buy stop,0.02 / 0.02,4854.49,4837.81,4933.1,2026.04.15 02:16:08,filled,The Gold Reaper_XAUUSD_3,3,0.34359943063018733,1.6193256140191983
2026.04.14 10:15:00,755,XAUUSD,sell stop,0.01 / 0,4102.63,4244.73,4068.85,2026.04.15 21:15:00,canceled,The Gold Reaper_XAUUSD_1,1,3.4636318654131486,0.8233742745507198
2026.04.14 10:15:00,754,XAUUSD,buy stop,0.01 / 0,5412.8,5270.7,5446.58,2026.04.15 21:15:00,canceled,The Gold Reaper_XAUUSD_1,1,2.6252586461720435,0.6240762636712929
2026.03.27 00:05:01,730,XAUUSD,sell stop,0.03 / 0,4100.47,4122.96,4008.25,2026.04.16 01:00:00,canceled,The Gold Reaper_XAUUSD_2,2,0.548473711550134,2.249010479286527
2026.04.15 21:15:00,760,XAUUSD,sell stop,0.01 / 0,4102.71,4247.83,4068.21,2026.04.17 08:15:00,canceled,The Gold Reaper_XAUUSD_1,1,3.537174209242181,0.8409075952236448
2026.04.15 21:15:00,759,XAUUSD,buy stop,0.01 / 0,5412.67,5267.55,5447.17,2026.04.17 08:15:00,canceled,The Gold Reaper_XAUUSD_1,1,2.6811167131933016,0.6373933751734356
2026.04.17 08:15:00,763,XAUUSD,sell stop,0.01 / 0,4102.75,4249.38,4067.89,2026.04.19 23:05:00,canceled,The Gold Reaper_XAUUSD_1,1,3.5739443056486526,0.8496739991469167
2026.04.17 08:15:00,762,XAUUSD,buy stop,0.01 / 0,5412.6,5265.97,5447.46,2026.04.19 23:05:00,canceled,The Gold Reaper_XAUUSD_1,1,2.70904925544101,0.6440527657687557
2026.04.19 23:05:00,765,XAUUSD,sell stop,0.01 / 0,4102.74,4249.0,4067.97,2026.04.21 10:15:00,canceled,The Gold Reaper_XAUUSD_1,1,3.56493465342674,0.8474824141914911
2026.04.19 23:05:00,764,XAUUSD,buy stop,0.01 / 0,5412.62,5266.36,5447.39,2026.04.21 10:15:00,canceled,The Gold Reaper_XAUUSD_1,1,2.7022033691631817,0.6423876052632632
2026.04.15 03:00:00,758,XAUUSD,buy stop,0.02 / 0,5415.17,5391.38,5512.71,2026.04.22 00:06:01,canceled,The Gold Reaper_XAUUSD_2,2,0.43932138787886554,1.8012361569442872
2026.04.21 10:15:00,768,XAUUSD,sell stop,0.01 / 0,4102.72,4248.49,4068.07,2026.04.22 21:15:00,canceled,The Gold Reaper_XAUUSD_1,1,3.5530087356680324,0.8445616566570492
2026.04.21 10:15:00,767,XAUUSD,buy stop,0.01 / 0,5412.64,5266.87,5447.29,2026.04.22 21:15:00,canceled,The Gold Reaper_XAUUSD_1,1,2.693140500753799,0.6401681988826087
2026.04.22 00:05:01,769,XAUUSD,buy stop,0.01 / 0,4883.1,4735.86,4918.1,2026.04.23 11:15:00,canceled,The Gold Reaper_XAUUSD_1,1,3.015297659273836,0.716757797300895
2026.04.22 21:15:00,771,XAUUSD,sell stop,0.01 / 0,4102.76,4250.0,4067.76,2026.04.24 08:15:00,canceled,The Gold Reaper_XAUUSD_1,1,3.588803634626441,0.8530842652263355
2026.04.24 08:15:00,773,XAUUSD,sell stop,0.01 / 0,4102.68,4246.83,4068.42,2026.04.26 23:05:00,canceled,The Gold Reaper_XAUUSD_1,1,3.5135569920149665,0.8350639094445635
2026.04.23 11:15:00,772,XAUUSD,buy stop,0.01 / 0,4883.25,4739.31,4917.47,2026.04.26 23:05:00,canceled,The Gold Reaper_XAUUSD_1,1,2.9476270926124934,0.7007628116520812
2026.04.13 00:05:01,753,XAUUSD,sell stop,0.02 / 0,4101.7,4118.04,4024.65,2026.04.28 00:06:01,canceled,The Gold Reaper_XAUUSD_3,3,0.3983714069775982,1.8784894068313074
2026.04.28 00:05:00,776,XAUUSD,sell stop,0.02 / 0.02,4660.71,4677.11,4583.41,2026.04.28 06:06:16,filled,The Gold Reaper_XAUUSD_3,3,0.3518777182017254,1.6585455864020757
2026.04.26 23:05:00,775,XAUUSD,sell stop,0.01 / 0,4102.65,4245.8,4068.62,2026.04.28 10:15:00,canceled,The Gold Reaper_XAUUSD_1,1,3.4892081947034375,0.8294638830999415
2026.04.26 23:05:00,774,XAUUSD,buy stop,0.01 / 0,4883.29,4740.14,4917.32,2026.04.28 10:15:00,canceled,The Gold Reaper_XAUUSD_1,1,2.931425330054116,0.6968662520554738
2026.04.28 10:15:00,779,XAUUSD,sell stop,0.01 / 0,4102.65,4245.53,4068.69,2026.04.29 21:15:00,canceled,The Gold Reaper_XAUUSD_1,1,3.4826270824954633,0.8277576688237989
2026.04.28 10:15:00,778,XAUUSD,buy stop,0.01 / 0,4883.3,4740.42,4917.26,2026.04.29 21:15:00,canceled,The Gold Reaper_XAUUSD_1,1,2.9258902791145354,0.6954313681322064
2026.04.29 21:15:00,781,XAUUSD,sell stop,0.01 / 0,4102.65,4245.63,4068.66,2026.05.01 08:15:00,canceled,The Gold Reaper_XAUUSD_1,1,3.485064531461384,0.8284889035135775
2026.04.29 21:15:00,780,XAUUSD,buy stop,0.01 / 0,4883.29,4740.31,4917.28,2026.05.01 08:15:00,canceled,The Gold Reaper_XAUUSD_1,1,2.9279440704934494,0.6960471321588475
2026.05.01 08:15:00,783,XAUUSD,sell stop,0.01 / 0,4102.54,4241.38,4069.54,2026.05.03 23:05:00,canceled,The Gold Reaper_XAUUSD_1,1,3.384244882438688,0.8043797257308886
2026.05.01 08:15:00,782,XAUUSD,buy stop,0.01 / 0,4883.48,4744.64,4916.48,2026.05.03 23:05:00,canceled,The Gold Reaper_XAUUSD_1,1,2.8430545430717284,0.6757476225970006
2026.04.16 01:00:00,761,XAUUSD,sell stop,0.02 / 0,4100.59,4124.77,4001.47,2026.05.04 00:06:00,canceled,The Gold Reaper_XAUUSD_2,2,0.5896712424309742,2.4172131327443207
2026.05.03 23:05:00,786,XAUUSD,sell stop,0.02 / 0.02,4512.97,4529.18,4436.57,2026.05.04 17:07:59,filled,The Gold Reaper_XAUUSD_3,3,0.35918696556812996,1.6928984681927983
2026.05.04 00:05:00,787,XAUUSD,sell stop,0.03 / 0.03,4511.81,4534.94,4416.99,2026.05.04 17:07:59,filled,The Gold Reaper_XAUUSD_2,2,0.5126545665708262,2.1015955902398504
2026.05.03 23:05:00,785,XAUUSD,sell stop,0.01 / 0,4102.6,4243.83,4069.03,2026.05.05 10:15:00,canceled,The Gold Reaper_XAUUSD_1,1,3.442451128552614,0.8182615902110896
2026.05.03 23:05:00,784,XAUUSD,buy stop,0.01 / 0,4883.37,4742.14,4916.94,2026.05.05 10:15:00,canceled,The Gold Reaper_XAUUSD_1,1,2.892060196135037,0.6874351114087139
2026.05.05 10:15:00,792,XAUUSD,sell stop,0.01 / 0,4102.6,4243.48,4069.11,2026.05.06 21:15:00,canceled,The Gold Reaper_XAUUSD_1,1,3.43391995320039,0.8163116072734421
2026.05.05 10:15:00,791,XAUUSD,buy stop,0.01 / 0,4883.39,4742.51,4916.88,2026.05.06 21:15:00,canceled,The Gold Reaper_XAUUSD_1,1,2.884881199330795,0.6857940897614112
2026.05.04 18:00:00,788,XAUUSD,sell stop,0.03 / 0,4100.52,4123.65,4005.7,2026.05.08 00:06:00,canceled,The Gold Reaper_XAUUSD_2,2,0.5640748002692146,2.3123896481422017
2026.05.06 21:15:00,794,XAUUSD,sell stop,0.01 / 0,4102.51,4240.29,4069.76,2026.05.08 08:15:00,canceled,The Gold Reaper_XAUUSD_1,1,3.3584317893192153,0.7982917774728154
2026.05.06 21:15:00,793,XAUUSD,buy stop,0.01 / 0,4883.53,4745.75,4916.28,2026.05.08 08:15:00,canceled,The Gold Reaper_XAUUSD_1,1,2.8213198239797803,0.6706214562007401
2026.05.08 08:15:00,798,XAUUSD,buy stop,0.01 / 0,4883.28,4740.08,4917.32,2026.05.08 13:50:00,canceled,The Gold Reaper_XAUUSD_1,1,2.932455235005976,0.6970724594944374
2026.05.08 00:05:00,796,XAUUSD,sell stop,0.01 / 0,4504.61,4647.81,4470.57,2026.05.08 13:50:00,canceled,The Gold Reaper_XAUUSD_1,1,3.1789655486268678,0.7556703022015216
2026.04.22 00:05:01,770,XAUUSD,buy stop,0.02 / 0,4885.64,4861.5,4984.61,2026.05.08 13:50:00,canceled,The Gold Reaper_XAUUSD_2,2,0.49410107989946717,2.0257325549978984
2026.05.08 00:05:00,797,XAUUSD,sell stop,0.02 / 0,4502.49,4525.97,4406.24,2026.05.08 13:50:00,canceled,The Gold Reaper_XAUUSD_2,2,0.5214892204091619,2.1377060248884505
2026.04.21 00:05:00,766,XAUUSD,buy stop,0.02 / 0,4886.63,4869.9,4965.49,2026.05.08 13:50:00,canceled,The Gold Reaper_XAUUSD_3,3,0.3423627325989582,1.6137910993875058
2026.05.07 00:05:03,795,XAUUSD,sell stop,0.02 / 0,4503.59,4519.6,4428.13,2026.05.08 13:50:00,canceled,The Gold Reaper_XAUUSD_3,3,0.35549417242689096,1.675552170601676
2026.05.08 16:31:00,800,XAUUSD,sell stop,0.01 / 0,4504.61,4647.81,4470.57,2026.05.10 23:05:00,canceled,The Gold Reaper_XAUUSD_1,1,3.1789655486268678,0.7556703022015216
2026.05.08 16:31:00,799,XAUUSD,buy stop,0.01 / 0,4883.28,4740.08,4917.32,2026.05.10 23:05:00,canceled,The Gold Reaper_XAUUSD_1,1,2.932455235005976,0.6970724594944374
2026.05.08 16:31:00,803,XAUUSD,buy stop,0.02 / 0,4886.69,4870.26,4964.16,2026.05.11 00:06:00,canceled,The Gold Reaper_XAUUSD_3,3,0.3362194041365297,1.5853266730650044
2026.05.11 00:05:00,807,XAUUSD,buy stop,0.02 / 0.02,4761.75,4745.35,4839.08,2026.05.12 00:52:19,filled,The Gold Reaper_XAUUSD_3,3,0.3444111933637767,1.62398277944033
2026.05.10 23:05:00,806,XAUUSD,sell stop,0.01 / 0,4504.6,4647.52,4470.63,2026.05.12 10:15:00,canceled,The Gold Reaper_XAUUSD_1,1,3.172756737557165,0.7541180126981364
2026.05.10 23:05:00,805,XAUUSD,buy stop,0.01 / 0,4883.3,4740.38,4917.27,2026.05.12 10:15:00,canceled,The Gold Reaper_XAUUSD_1,1,2.926709397333772,0.6956361476870201
2026.05.12 10:15:00,810,XAUUSD,sell stop,0.01 / 0,4504.6,4647.7,4470.58,2026.05.13 21:15:00,canceled,The Gold Reaper_XAUUSD_1,1,3.176752652843747,0.7552279891666392
2026.05.12 10:15:00,809,XAUUSD,buy stop,0.01 / 0,4883.29,4740.19,4917.31,2026.05.13 21:15:00,canceled,The Gold Reaper_XAUUSD_1,1,2.930401430183347,0.6966614720813311
2026.05.13 21:15:00,812,XAUUSD,sell stop,0.01 / 0,4504.65,4649.56,4470.21,2026.05.15 08:15:00,canceled,The Gold Reaper_XAUUSD_1,1,3.2168980941915746,0.7645433052512316
2026.05.13 21:15:00,811,XAUUSD,buy stop,0.01 / 0,4883.21,4738.3,4917.65,2026.05.15 08:15:00,canceled,The Gold Reaper_XAUUSD_1,1,2.9675152205209248,0.7052737850716967
2026.05.15 08:15:00,815,XAUUSD,sell stop,0.01 / 0,4504.61,4647.96,4470.53,2026.05.17 23:05:00,canceled,The Gold Reaper_XAUUSD_1,1,3.1822954706400863,0.7565582814050479
2026.05.15 08:15:00,814,XAUUSD,buy stop,0.01 / 0,4883.28,4739.93,4917.36,2026.05.17 23:05:00,canceled,The Gold Reaper_XAUUSD_1,1,2.9355269409085585,0.6978915810684607
2026.05.08 16:31:00,801,XAUUSD,buy stop,0.02 / 0,4885.75,4862.27,4982.0,2026.05.17 23:06:00,canceled,The Gold Reaper_XAUUSD_2,2,0.480581282300559,1.9700148390728138
2026.05.17 23:05:00,817,XAUUSD,sell stop,0.01 / 0.01,4504.58,4646.78,4470.78,2026.05.18 01:33:57,filled,The Gold Reaper_XAUUSD_1,1,3.1567870922483294,0.7503474241771748
2026.05.08 16:31:00,804,XAUUSD,sell stop,0.02 / 0.02,4503.67,4520.1,4426.2,2026.05.18 01:33:58,filled,The Gold Reaper_XAUUSD_3,3,0.36481358536483116,1.7201526754846659
2026.05.08 16:31:00,802,XAUUSD,sell stop,0.02 / 0.02,4502.49,4525.97,4406.24,2026.05.18 01:33:58,filled,The Gold Reaper_XAUUSD_2,2,0.5214892204091619,2.1377060248884505
2026.05.17 23:05:00,816,XAUUSD,buy stop,0.01 / 0,4883.33,4741.13,4917.13,2026.05.19 10:15:00,canceled,The Gold Reaper_XAUUSD_1,1,2.9119473801688565,0.6921506431062447
2026.05.18 01:46:00,819,XAUUSD,sell stop,0.01 / 0,4102.54,4241.15,4069.59,2026.05.19 13:00:00,canceled,The Gold Reaper_XAUUSD_1,1,3.378638599501764,0.803160968570686
2026.05.19 10:15:00,824,XAUUSD,buy stop,0.01 / 0,4883.49,4744.83,4916.45,2026.05.20 21:15:00,canceled,The Gold Reaper_XAUUSD_1,1,2.8393628327282308,0.674927152507736
2026.05.19 13:00:00,825,XAUUSD,sell stop,0.01 / 0,4102.54,4241.2,4069.58,2026.05.21 00:05:00,canceled,The Gold Reaper_XAUUSD_1,1,3.3798573566619665,0.803404720002731
2026.05.20 21:15:00,826,XAUUSD,buy stop,0.01 / 0,4883.45,4743.95,4916.61,2026.05.22 08:15:00,canceled,The Gold Reaper_XAUUSD_1,1,2.856587043995536,0.6790281460852442
2026.05.21 00:05:00,827,XAUUSD,sell stop,0.01 / 0,4102.49,4239.27,4069.98,2026.05.22 11:15:00,canceled,The Gold Reaper_XAUUSD_1,1,3.3340727216885515,0.7924455635479858
2026.05.22 11:15:00,829,XAUUSD,sell stop,0.01 / 0,4102.53,4241.0,4069.61,2026.05.24 23:05:00,canceled,The Gold Reaper_XAUUSD_1,1,3.37523430663518,0.8024316702132495
2026.05.22 08:15:00,828,XAUUSD,buy stop,0.01 / 0,4883.5,4745.03,4916.42,2026.05.24 23:05:00,canceled,The Gold Reaper_XAUUSD_1,1,2.835466366335625,0.6741066857786439
2026.05.18 02:00:00,823,XAUUSD,sell stop,0.03 / 0,4100.49,4123.21,4007.32,2026.05.25 00:06:00,canceled,The Gold Reaper_XAUUSD_2,2,0.5540801221317514,2.2721674726678915
2026.05.24 23:05:00,831,XAUUSD,sell stop,0.01 / 0,4102.53,4241.1,4069.59,2026.05.26 10:15:00,canceled,The Gold Reaper_XAUUSD_1,1,3.3776718268970765,0.8029191742656264
2026.05.24 23:05:00,830,XAUUSD,buy stop,0.01 / 0,4883.49,4744.92,4916.43,2026.05.26 10:15:00,canceled,The Gold Reaper_XAUUSD_1,1,2.837519888440433,0.6745176093326803
2026.05.25 00:05:00,833,XAUUSD,sell stop,0.01 / 0,4457.16,4595.96,4424.17,2026.05.26 11:15:00,canceled,The Gold Reaper_XAUUSD_1,1,3.1140905868310806,0.7401574096509836
2026.05.26 11:15:00,836,XAUUSD,sell stop,0.01 / 0.01,4457.17,4596.41,4424.07,2026.05.27 11:46:15,filled,The Gold Reaper_XAUUSD_1,1,3.1239553348873788,0.7426236827404017
2026.05.24 23:05:00,832,XAUUSD,sell stop,0.02 / 0.02,4456.25,4472.15,4381.28,2026.05.27 11:46:17,filled,The Gold Reaper_XAUUSD_3,3,0.35680224403926253,1.6823562412342272
2026.05.25 00:05:00,834,XAUUSD,sell stop,0.03 / 0.03,4455.11,4477.86,4361.82,2026.05.27 11:46:17,filled,The Gold Reaper_XAUUSD_2,2,0.5106495686975182,2.093999923683141
2026.05.26 10:15:00,835,XAUUSD,buy stop,0.01 / 0,4883.46,4744.22,4916.56,2026.05.27 21:15:00,canceled,The Gold Reaper_XAUUSD_1,1,2.8512571004984126,0.6777981185471031
2026.05.27 12:00:00,837,XAUUSD,sell stop,0.01 / 0,4102.56,4242.09,4069.39,2026.05.28 23:02:00,canceled,The Gold Reaper_XAUUSD_1,1,3.4010471510471443,0.8085195585195712
2026.05.27 21:15:00,842,XAUUSD,buy stop,0.01 / 0,4883.45,4743.92,4916.62,2026.05.29 08:15:00,canceled,The Gold Reaper_XAUUSD_1,1,2.8572013637899385,0.6792329193500511
2026.05.29 08:15:00,844,XAUUSD,buy stop,0.01 / 0,4883.61,4747.66,4915.93,2026.05.31 23:05:00,canceled,The Gold Reaper_XAUUSD_1,1,2.783801327296812,0.6618055086298992
2026.05.28 23:02:00,843,XAUUSD,sell stop,0.01 / 0,4102.51,4240.1,4069.8,2026.05.31 23:05:00,canceled,The Gold Reaper_XAUUSD_1,1,3.3538004782438104,0.7973167646148341
2026.05.15 00:05:00,813,XAUUSD,buy stop,0.02 / 0,4770.49,4754.04,4848.04,2026.06.02 00:05:01,canceled,The Gold Reaper_XAUUSD_3,3,0.34482830904162504,1.625619171196254
2026.05.27 12:00:00,838,XAUUSD,sell stop,0.03 / 0,4100.5,4123.37,4006.72,2026.06.02 00:06:01,canceled,The Gold Reaper_XAUUSD_2,2,0.5577368613583683,2.2870381660773127
2026.05.31 23:05:00,846,XAUUSD,sell stop,0.01 / 0,4102.49,4239.47,4069.93,2026.06.02 10:15:00,canceled,The Gold Reaper_XAUUSD_1,1,3.338947809744825,0.7936643355620597
2026.05.31 23:05:00,845,XAUUSD,buy stop,0.01 / 0,4883.56,4746.58,4916.12,2026.06.02 10:15:00,canceled,The Gold Reaper_XAUUSD_1,1,2.804921000253923,0.6667267321380199
2026.06.02 00:05:01,848,XAUUSD,sell stop,0.01 / 0,4370.05,4508.38,4337.17,2026.06.03 11:15:00,canceled,The Gold Reaper_XAUUSD_1,1,3.165410006750493,0.7523941373668518
2026.06.02 10:15:00,851,XAUUSD,buy stop,0.01 / 0,4883.5,4745.17,4916.38,2026.06.03 21:15:00,canceled,The Gold Reaper_XAUUSD_1,1,2.832599569980545,0.6732876011057666
2026.06.03 11:15:00,852,XAUUSD,sell stop,0.01 / 0,4370.01,4506.82,4337.49,2026.06.04 23:02:00,canceled,The Gold Reaper_XAUUSD_1,1,3.130656451587056,0.7441630568351202
2026.06.03 21:15:00,853,XAUUSD,buy stop,0.01 / 0,4883.57,4746.76,4916.09,2026.06.05 08:15:00,canceled,The Gold Reaper_XAUUSD_1,1,2.8014341967044496,0.665906293961189
2026.06.05 08:15:00,855,XAUUSD,buy stop,0.01 / 0,4883.62,4747.92,4915.88,2026.06.05 13:50:00,canceled,The Gold Reaper_XAUUSD_1,1,2.778676473599498,0.6605755566567468
2026.06.04 23:02:00,854,XAUUSD,sell stop,0.01 / 0,4370.01,4506.8,4337.49,2026.06.05 13:50:00,canceled,The Gold Reaper_XAUUSD_1,1,3.130198786730464,0.7441630568351202
2026.05.17 23:05:00,818,XAUUSD,buy stop,0.03 / 0,4769.59,4746.28,4865.17,2026.06.05 13:50:00,canceled,The Gold Reaper_XAUUSD_2,2,0.48872125277016265,2.003945831822021
2026.06.02 00:05:01,849,XAUUSD,sell stop,0.03 / 0,4368.01,4390.69,4275.03,2026.06.05 13:50:00,canceled,The Gold Reaper_XAUUSD_2,2,0.5192295805183454,2.128658130361434
2026.06.02 00:05:01,850,XAUUSD,buy stop,0.02 / 0,4592.38,4576.51,4667.21,2026.06.05 13:50:00,canceled,The Gold Reaper_XAUUSD_3,3,0.34557244827300637,1.6294383304517466
2026.06.01 00:05:01,847,XAUUSD,sell stop,0.02 / 0,4369.13,4384.95,4294.54,2026.06.05 13:50:00,canceled,The Gold Reaper_XAUUSD_3,3,0.3620858157115881,1.707204866872813
2026.06.05 16:31:00,857,XAUUSD,sell stop,0.01 / 0,4102.46,4238.16,4070.2,2026.06.07 23:05:00,canceled,The Gold Reaper_XAUUSD_1,1,3.3077714347001512,0.786357453820396
2026.06.05 16:31:00,856,XAUUSD,buy stop,0.01 / 0,4883.62,4747.92,4915.88,2026.06.07 23:05:00,canceled,The Gold Reaper_XAUUSD_1,1,2.778676473599498,0.6605755566567468
2026.06.07 23:05:00,862,XAUUSD,sell stop,0.01 / 0,4102.48,4238.8,4070.07,2026.06.09 10:15:00,canceled,The Gold Reaper_XAUUSD_1,1,3.3228681187964506,0.790009945203862
2026.06.07 23:05:00,861,XAUUSD,buy stop,0.01 / 0,4883.59,4747.27,4916.0,2026.06.09 10:15:00,canceled,The Gold Reaper_XAUUSD_1,1,2.791389121527395,0.6636511255039808
2026.06.09 10:15:00,864,XAUUSD,sell stop,0.01 / 0.01,4102.35,4234.03,4071.05,2026.06.10 18:44:50,filled,The Gold Reaper_XAUUSD_1,1,3.2098675149609215,0.7629773178787811
2026.06.10 19:00:00,865,XAUUSD,sell stop,0.01 / 0.01,4102.36,4234.36,4070.98,2026.06.10 19:50:06,filled,The Gold Reaper_XAUUSD_1,1,3.2176600785889105,0.7649255550463552
2026.06.05 16:31:00,859,XAUUSD,sell stop,0.03 / 0.03,4100.46,4122.71,4009.25,2026.06.10 19:50:36,filled,The Gold Reaper_XAUUSD_2,2,0.5426220472825001,2.2243845812421057
2026.06.09 10:15:00,863,XAUUSD,buy stop,0.01 / 0,4883.8,4752.12,4915.1,2026.06.10 21:15:00,canceled,The Gold Reaper_XAUUSD_1,1,2.696261108153493,0.6408943855194762
2026.06.05 16:31:00,860,XAUUSD,buy stop,0.02 / 0,4592.44,4576.87,4665.85,2026.06.10 23:31:00,canceled,The Gold Reaper_XAUUSD_3,3,0.33903545827489767,1.5984966597277432
2026.06.10 21:15:00,869,XAUUSD,buy stop,0.01 / 0,4883.79,4751.79,4915.17,2026.06.12 08:15:00,canceled,The Gold Reaper_XAUUSD_1,1,2.7028189172753128,0.6425337698795425
2026.06.12 08:15:00,872,XAUUSD,buy stop,0.01 / 0,4884.18,4760.75,4913.52,2026.06.14 23:05:00,canceled,The Gold Reaper_XAUUSD_1,1,2.5271386394440887,0.6007149613650632
2026.06.10 20:00:00,866,XAUUSD,sell stop,0.03 / 0,3888.19,3909.83,3799.47,2026.06.16 00:06:00,canceled,The Gold Reaper_XAUUSD_2,2,0.5565571641303504,2.281781497303379
2026.06.14 23:05:00,873,XAUUSD,buy stop,0.01 / 0,4883.91,4754.49,4914.67,2026.06.16 10:15:00,canceled,The Gold Reaper_XAUUSD_1,1,2.649925981437006,0.6298232358909197
2026.06.16 00:05:00,875,XAUUSD,sell stop,0.01 / 0,4027.33,4158.04,3996.26,2026.06.17 11:15:00,canceled,The Gold Reaper_XAUUSD_1,1,3.2455746114671515,0.7714788706165054
2026.06.16 10:15:00,877,XAUUSD,buy stop,0.01 / 0,4883.85,4753.14,4914.92,2026.06.17 21:15:00,canceled,The Gold Reaper_XAUUSD_1,1,2.6763721244509973,0.6361784248082907
2026.06.17 11:15:00,878,XAUUSD,sell stop,0.01 / 0,4027.35,4158.87,3996.09,2026.06.18 23:02:00,canceled,The Gold Reaper_XAUUSD_1,1,3.265670974710417,0.7761927818540669
2026.06.17 21:15:00,879,XAUUSD,buy stop,0.01 / 0,4883.81,4752.29,4915.07,2026.06.19 08:15:00,canceled,The Gold Reaper_XAUUSD_1,1,2.6929794566127763,0.640074040554389
2026.06.19 08:15:00,881,XAUUSD,buy stop,0.01 / 0,4883.87,4753.73,4914.8,2026.06.21 23:05:00,canceled,The Gold Reaper_XAUUSD_1,1,2.6646900920786245,0.6333092404179532
2026.06.18 23:02:00,880,XAUUSD,sell stop,0.01 / 0,4027.37,4159.6,3995.94,2026.06.21 23:05:00,canceled,The Gold Reaper_XAUUSD_1,1,3.283284128351765,0.7804100442720644
2026.06.10 23:31:00,871,XAUUSD,buy stop,0.03 / 0,4592.44,4576.87,4665.85,2026.06.21 23:06:00,canceled,The Gold Reaper_XAUUSD_3,3,0.33903545827489767,1.5984966597277432
2026.06.21 23:05:00,883,XAUUSD,sell stop,0.01 / 0,4027.27,4155.6,3996.77,2026.06.23 10:15:00,canceled,The Gold Reaper_XAUUSD_1,1,3.186525859949802,0.7573368559843269
2026.06.21 23:05:00,882,XAUUSD,buy stop,0.01 / 0,4883.95,4755.62,4914.45,2026.06.23 10:15:00,canceled,The Gold Reaper_XAUUSD_1,1,2.627586277500792,0.6244945177571434
2026.06.15 00:05:00,874,XAUUSD,sell stop,0.03 / 0.03,4026.48,4041.53,3955.52,2026.06.24 13:25:03,filled,The Gold Reaper_XAUUSD_3,3,0.3737756054916498,1.7623333532018048
2026.06.16 00:05:00,876,XAUUSD,sell stop,0.03 / 0.03,4025.4,4046.83,3937.54,2026.06.24 13:25:03,filled,The Gold Reaper_XAUUSD_2,2,0.5323694539673035,2.1826402345108593
2026.06.23 10:15:00,886,XAUUSD,sell stop,0.01 / 0.01,4027.23,4154.0,3997.1,2026.06.24 13:25:03,filled,The Gold Reaper_XAUUSD_1,1,3.147821207132445,0.7481569217551545
2026.06.23 10:15:00,885,XAUUSD,buy stop,0.01 / 0,4884.03,4757.26,4914.16,2026.06.24 21:15:00,canceled,The Gold Reaper_XAUUSD_1,1,2.5956024021146376,0.6169085775476422
2026.06.05 16:31:00,858,XAUUSD,buy stop,0.03 / 0,4769.77,4747.52,4860.98,2026.06.25 17:00:00,canceled,The Gold Reaper_XAUUSD_2,2,0.4664795157837799,1.9122515341410407
2026.06.24 21:15:00,891,XAUUSD,buy stop,0.01 / 0,4883.98,4756.19,4914.36,2026.06.26 08:15:00,canceled,The Gold Reaper_XAUUSD_1,1,2.6165135811366955,0.6220336692615471
2026.06.26 08:15:00,893,XAUUSD,buy stop,0.02 / 0,4884.24,4762.35,4913.21,2026.06.28 23:05:00,canceled,The Gold Reaper_XAUUSD_1,1,2.4955776128937033,0.5931321966160602
2026.06.24 14:00:00,890,XAUUSD,sell stop,0.03 / 0,3888.15,3909.1,3802.26,2026.06.29 00:06:00,canceled,The Gold Reaper_XAUUSD_2,2,0.5388166608798481,2.2090197137456085
2026.06.29 00:05:00,896,XAUUSD,sell stop,0.01 / 0.01,3962.4,4086.71,3932.85,2026.06.30 02:07:11,filled,The Gold Reaper_XAUUSD_1,1,3.1372400565313936,0.7457601453664492
2026.06.28 23:05:00,895,XAUUSD,sell stop,0.03 / 0.03,3961.56,3975.65,3895.13,2026.06.30 02:07:11,filled,The Gold Reaper_XAUUSD_3,3,0.35566796918386057,1.6768646694736373
2026.06.29 00:05:00,897,XAUUSD,sell stop,0.03 / 0.03,3960.57,3980.95,3877.02,2026.06.30 02:07:11,filled,The Gold Reaper_XAUUSD_2,2,0.5145723974074351,2.109544838242985
2026.06.28 23:05:00,894,XAUUSD,buy stop,0.01 / 0,4884.2,4761.4,4913.39,2026.06.30 10:15:00,canceled,The Gold Reaper_XAUUSD_1,1,2.5142295565292203,0.5976413742271101
2026.06.30 10:15:00,902,XAUUSD,buy stop,0.01 / 0,4884.15,4760.12,4913.63,2026.07.01 21:15:00,canceled,The Gold Reaper_XAUUSD_1,1,2.5394387969247414,0.6035850659787368
2026.07.01 21:15:00,903,XAUUSD,buy stop,0.01 / 0,4884.22,4761.78,4913.33,2026.07.02 13:50:00,canceled,The Gold Reaper_XAUUSD_1,1,2.5068485858540464,0.5960009991359864
2026.06.25 17:00:00,892,XAUUSD,buy stop,0.03 / 0,4770.06,4749.54,4854.2,2026.07.02 13:50:00,canceled,The Gold Reaper_XAUUSD_2,2,0.43018326813500113,1.7639191121285562
2026.06.30 03:00:00,900,XAUUSD,sell stop,0.03 / 0,3888.1,3908.43,3804.74,2026.07.02 13:50:00,canceled,The Gold Reaper_XAUUSD_2,2,0.5228774980067366,2.1439777783493255
2026.06.21 23:05:00,884,XAUUSD,buy stop,0.03 / 0,4379.6,4364.87,4449.02,2026.07.02 13:50:00,canceled,The Gold Reaper_XAUUSD_3,3,0.3363320851219397,1.5850762626723918
2026.07.02 16:31:00,904,XAUUSD,buy stop,0.01 / 0,4884.22,4761.82,4913.32,2026.07.05 23:05:00,canceled,The Gold Reaper_XAUUSD_1,1,2.5060296219253133,0.5957962581537984
2026.07.02 16:31:00,906,XAUUSD,sell stop,0.03 / 0,3888.08,3908.15,3805.81,2026.07.05 23:06:00,canceled,The Gold Reaper_XAUUSD_2,2,0.5161930824468675,2.115954404230365
2026.07.05 23:05:00,910,XAUUSD,sell stop,0.01 / 0,3946.04,4071.85,3916.14,2026.07.07 10:15:00,canceled,The Gold Reaper_XAUUSD_1,1,3.188259622304892,0.7577216652644193
2026.07.05 23:05:00,909,XAUUSD,buy stop,0.01 / 0,4884.07,4758.26,4913.97,2026.07.07 10:15:00,canceled,The Gold Reaper_XAUUSD_1,1,2.575925406474508,0.6121943379190009
2026.07.07 10:15:00,913,XAUUSD,sell stop,0.01 / 0,3946.09,4073.83,3915.73,2026.07.08 21:15:00,canceled,The Gold Reaper_XAUUSD_1,1,3.2371283979838212,0.7693691730295084
2026.07.07 10:15:00,912,XAUUSD,buy stop,0.01 / 0,4883.98,4756.24,4914.34,2026.07.08 21:15:00,canceled,The Gold Reaper_XAUUSD_1,1,2.615489825920659,0.6216241671751438
2026.07.02 16:31:00,907,XAUUSD,buy stop,0.03 / 0,4379.72,4365.67,4445.94,2026.07.09 00:06:02,canceled,The Gold Reaper_XAUUSD_3,3,0.3207967632634091,1.5119688016585384
2026.07.08 21:15:00,915,XAUUSD,sell stop,0.01 / 0,3946.07,4073.08,3915.88,2026.07.10 08:15:00,canceled,The Gold Reaper_XAUUSD_1,1,3.218645386422434,0.7650649887102878
2026.07.08 21:15:00,914,XAUUSD,buy stop,0.01 / 0,4884.01,4757.0,4914.2,2026.07.10 08:15:00,canceled,The Gold Reaper_XAUUSD_1,1,2.6005270259479447,0.6181396024987582
2026.07.10 08:15:00,918,XAUUSD,sell stop,0.01 / 0,3946.0,4070.34,3916.44,2026.07.12 23:05:00,canceled,The Gold Reaper_XAUUSD_1,1,3.1510390268626494,0.7491130258489596
2026.07.10 08:15:00,917,XAUUSD,buy stop,0.01 / 0,4884.13,4759.79,4913.69,2026.07.12 23:05:00,canceled,The Gold Reaper_XAUUSD_1,1,2.5457962830637215,0.6052254956358551
2026.07.12 23:05:00,920,XAUUSD,sell stop,0.01 / 0,3946.04,4071.76,3916.16,2026.07.14 10:15:00,canceled,The Gold Reaper_XAUUSD_1,1,3.1859788547505916,0.7572148280301292
2026.07.12 23:05:00,919,XAUUSD,buy stop,0.01 / 0,4884.07,4758.35,4913.95,2026.07.14 10:15:00,canceled,The Gold Reaper_XAUUSD_1,1,2.574082681042642,0.611784843378578
2026.07.14 10:15:00,922,XAUUSD,sell stop,0.01 / 0,3946.0,4070.34,3916.44,2026.07.15 21:15:00,canceled,The Gold Reaper_XAUUSD_1,1,3.1510390268626494,0.7491130258489596
2026.07.14 10:15:00,921,XAUUSD,buy stop,0.01 / 0,4884.13,4759.79,4913.69,2026.07.15 21:15:00,canceled,The Gold Reaper_XAUUSD_1,1,2.5457962830637215,0.6052254956358551
2026.07.15 21:15:00,924,XAUUSD,sell stop,0.01 / 0,3945.94,4067.97,3916.93,2026.07.17 08:15:00,canceled,The Gold Reaper_XAUUSD_1,1,3.0925457558908587,0.7351860393214347
2026.07.15 21:15:00,923,XAUUSD,buy stop,0.01 / 0,4884.24,4762.21,4913.25,2026.07.17 08:15:00,canceled,The Gold Reaper_XAUUSD_1,1,2.4984439749070426,0.5939511571912973
2026.07.17 08:15:00,926,XAUUSD,sell stop,0.01 / 0,3945.99,4069.81,3916.56,2026.07.19 23:05:00,canceled,The Gold Reaper_XAUUSD_1,1,3.137869077215101,0.7458204404978177
2026.07.17 08:15:00,925,XAUUSD,buy stop,0.01 / 0,4884.16,4760.34,4913.59,2026.07.19 23:05:00,canceled,The Gold Reaper_XAUUSD_1,1,2.5351339841446574,0.6025601126908269
2026.07.03 00:05:00,908,XAUUSD,sell stop,0.03 / 0,3945.17,3959.33,3878.43,2026.07.21 00:05:00,canceled,The Gold Reaper_XAUUSD_3,3,0.35891989445321376,1.6916888245626993
2026.07.19 23:05:00,928,XAUUSD,sell stop,0.02 / 0,3945.92,4067.26,3917.08,2026.07.21 10:15:00,canceled,The Gold Reaper_XAUUSD_1,1,3.075075014191878,0.7308815181250544
2026.07.19 23:05:00,927,XAUUSD,buy stop,0.02 / 0,4884.27,4762.93,4913.11,2026.07.21 10:15:00,canceled,The Gold Reaper_XAUUSD_1,1,2.4843016458959095,0.5904669479778807
2026.07.02 16:31:00,905,XAUUSD,buy stop,0.03 / 0,4770.14,4750.07,4852.41,2026.07.22 17:00:00,canceled,The Gold Reaper_XAUUSD_2,2,0.4207423681485369,1.724687325738857
2026.07.21 10:15:00,931,XAUUSD,sell stop,0.02 / 0,3945.94,4067.78,3916.98,2026.07.22 21:15:00,canceled,The Gold Reaper_XAUUSD_1,1,3.0877306801421245,0.733918914124392
2026.07.21 10:15:00,930,XAUUSD,buy stop,0.02 / 0,4884.25,4762.41,4913.21,2026.07.22 21:15:00,canceled,The Gold Reaper_XAUUSD_1,1,2.4945488048318603,0.5929262425142046
2026.07.22 21:15:00,934,XAUUSD,sell stop,0.01 / 0,3945.94,4067.96,3916.94,2026.07.24 08:15:00,canceled,The Gold Reaper_XAUUSD_1,1,3.092292330851457,0.7349326142820215
2026.07.22 21:15:00,933,XAUUSD,buy stop,0.01 / 0,4884.24,4762.22,4913.24,2026.07.24 08:15:00,canceled,The Gold Reaper_XAUUSD_1,1,2.498239234763229,0.5937464170474834
2026.07.24 08:15:00,936,XAUUSD,sell stop,0.01 / 0,3946.04,4071.76,3916.16,2026.07.26 23:05:00,canceled,The Gold Reaper_XAUUSD_1,1,3.1859788547505916,0.7572148280301292
2026.07.24 08:15:00,935,XAUUSD,buy stop,0.01 / 0,4884.07,4758.35,4913.95,2026.07.26 23:05:00,canceled,The Gold Reaper_XAUUSD_1,1,2.574082681042642,0.611784843378578
2026.07.05 23:05:00,911,XAUUSD,sell stop,0.03 / 0,3944.18,3964.8,3859.62,2026.07.26 23:05:00,canceled,The Gold Reaper_XAUUSD_2,2,0.5227956127763019,2.1439183810069506
2026.07.09 00:05:00,916,XAUUSD,buy stop,0.03 / 0,4200.39,4186.05,4268.02,2026.07.26 23:06:00,canceled,The Gold Reaper_XAUUSD_3,3,0.3413968702906193,1.6100885870121608
2026.07.26 23:05:00,938,XAUUSD,sell stop,0.01 / 0,3945.98,4069.49,3916.62,2026.07.28 10:15:00,canceled,The Gold Reaper_XAUUSD_1,1,3.1300209326960546,0.7440483732811652
2026.07.26 23:05:00,937,XAUUSD,buy stop,0.01 / 0,4884.17,4760.66,4913.53,2026.07.28 10:15:00,canceled,The Gold Reaper_XAUUSD_1,1,2.5287817582107137,0.6011256774436531
2026.07.28 10:15:00,942,XAUUSD,sell stop,0.01 / 0,3946.01,4070.74,3916.36,2026.07.29 21:15:00,canceled,The Gold Reaper_XAUUSD_1,1,3.1609144426902,0.7513919123367677
2026.07.28 10:15:00,941,XAUUSD,buy stop,0.01 / 0,4884.12,4759.39,4913.77,2026.07.29 21:15:00,canceled,The Gold Reaper_XAUUSD_1,1,2.5537865572508367,0.607069441373278
2026.07.29 21:15:00,944,XAUUSD,sell stop,0.01 / 0,3946.0,4070.26,3916.46,2026.07.31 08:15:00,canceled,The Gold Reaper_XAUUSD_1,1,3.1490116573745617,0.7486061834769377
2026.07.29 21:15:00,943,XAUUSD,buy stop,0.01 / 0,4884.14,4759.88,4913.68,2026.07.31 08:15:00,canceled,The Gold Reaper_XAUUSD_1,1,2.54415311600405,0.604814767799448
2026.07.31 08:15:00,946,XAUUSD,sell stop,0.01 / 0,3946.01,4070.71,3916.37,2026.08.02 23:05:00,canceled,The Gold Reaper_XAUUSD_1,1,3.160154181058837,0.751138491792984
2026.07.31 08:15:00,945,XAUUSD,buy stop,0.01 / 0,4884.12,4759.42,4913.76,2026.08.02 23:05:00,canceled,The Gold Reaper_XAUUSD_1,1,2.5531723217283733,0.6068646961991173
2026.07.21 00:05:00,929,XAUUSD,sell stop,0.03 / 0,3962.17,3976.15,3896.25,2026.08.02 23:06:00,canceled,The Gold Reaper_XAUUSD_3,3,0.35283695550670513,1.6637347716024316
2026.08.02 23:05:00,948,XAUUSD,sell stop,0.01 / 0,3946.03,4071.36,3916.24,2026.08.04 10:15:00,canceled,The Gold Reaper_XAUUSD_1,1,3.176103577519682,0.7549359736241341
2026.08.02 23:05:00,947,XAUUSD,buy stop,0.01 / 0,4884.09,4758.76,4913.88,2026.08.04 10:15:00,canceled,The Gold Reaper_XAUUSD_1,1,2.5660870295182914,0.6099396202772669
2026.07.26 23:05:00,940,XAUUSD,buy stop,0.03 / 0.03,4163.41,4149.24,4230.23,2026.08.05 06:46:53,filled,The Gold Reaper_XAUUSD_3,3,0.34034601444489193,1.6049344167401174
2026.08.04 10:15:00,951,XAUUSD,sell stop,0.01 / 0,3945.99,4069.94,3916.53,2026.08.05 21:15:00,canceled,The Gold Reaper_XAUUSD_1,1,3.141163560982169,0.7465807059825186
2026.08.04 10:15:00,950,XAUUSD,buy stop,0.01 / 0,4884.15,4760.2,4913.61,2026.08.05 21:15:00,canceled,The Gold Reaper_XAUUSD_1,1,2.537800845592372,0.6031755781456352
2026.08.05 21:15:00,954,XAUUSD,sell stop,0.01 / 0,3945.98,4069.59,3916.6,2026.08.07 08:15:00,canceled,The Gold Reaper_XAUUSD_1,1,3.1325551574006996,0.7445552182220921
2026.08.05 21:15:00,953,XAUUSD,buy stop,0.01 / 0,4884.17,4760.56,4913.55,2026.08.07 08:15:00,canceled,The Gold Reaper_XAUUSD_1,1,2.5308291889921866,0.6015351635999588
2026.08.07 08:15:00,955,XAUUSD,buy stop,0.01 / 0,4883.9,4754.27,4914.71,2026.08.07 13:50:00,canceled,The Gold Reaper_XAUUSD_1,1,2.6542312496160694,0.6308482974671964
2026.08.07 08:15:00,956,XAUUSD,sell stop,0.01 / 0,3946.14,4075.77,3915.33,2026.08.07 13:50:00,canceled,The Gold Reaper_XAUUSD_1,1,3.2849822864875575,0.7807629734373324
2026.07.22 17:00:00,932,XAUUSD,buy stop,0.03 / 0,4770.15,4750.15,4852.16,2026.08.07 13:50:00,canceled,The Gold Reaper_XAUUSD_2,2,0.41927402702221106,1.719233147804581
2026.07.26 23:05:00,939,XAUUSD,sell stop,0.03 / 0,3944.16,3964.41,3861.14,2026.08.07 13:50:00,canceled,The Gold Reaper_XAUUSD_2,2,0.5134173055859803,2.104884183197436
2026.08.02 23:05:00,949,XAUUSD,sell stop,0.03 / 0,3998.44,4012.82,3930.64,2026.08.07 13:50:00,canceled,The Gold Reaper_XAUUSD_3,3,0.3596402597012862,1.6956613079100895
2026.08.07 16:31:00,958,XAUUSD,sell stop,0.01 / 0,3946.14,4075.77,3915.33,2026.08.09 23:05:00,canceled,The Gold Reaper_XAUUSD_1,1,3.2849822864875575,0.7807629734373324
2026.08.07 16:31:00,957,XAUUSD,buy stop,0.01 / 0,4883.9,4754.27,4914.71,2026.08.09 23:05:00,canceled,The Gold Reaper_XAUUSD_1,1,2.6542312496160694,0.6308482974671964
2026.08.09 23:05:00,963,XAUUSD,sell stop,0.01 / 0,3946.13,4075.47,3915.38,2026.08.11 10:15:00,canceled,The Gold Reaper_XAUUSD_1,1,3.2776416387701293,0.7792444749666129
2026.08.09 23:05:00,962,XAUUSD,buy stop,0.01 / 0,4883.91,4754.57,4914.66,2026.08.11 10:15:00,canceled,The Gold Reaper_XAUUSD_1,1,2.648287949614144,0.6296184819130574
2026.08.11 10:15:00,965,XAUUSD,sell stop,0.01 / 0,3946.21,4078.63,3914.73,2026.08.12 21:15:00,canceled,The Gold Reaper_XAUUSD_1,1,3.355624764014081,0.7977274397459846
2026.08.11 10:15:00,964,XAUUSD,buy stop,0.01 / 0,4883.77,4751.35,4915.25,2026.08.12 21:15:00,canceled,The Gold Reaper_XAUUSD_1,1,2.7114298994424404,0.6445839996559944
2026.08.12 21:15:00,967,XAUUSD,sell stop,0.01 / 0,3946.26,4080.46,3914.36,2026.08.14 08:15:00,canceled,The Gold Reaper_XAUUSD_1,1,3.400688246592972,0.8083603209114476
2026.08.12 21:15:00,966,XAUUSD,buy stop,0.01 / 0,4883.69,4749.49,4915.59,2026.08.14 08:15:00,canceled,The Gold Reaper_XAUUSD_1,1,2.747922165411806,0.6531946130897036
2026.08.14 08:15:00,969,XAUUSD,sell stop,0.01 / 0,3946.26,4080.53,3914.34,2026.08.16 23:05:00,canceled,The Gold Reaper_XAUUSD_1,1,3.4024620780181736,0.808867129890075
2026.08.14 08:15:00,968,XAUUSD,buy stop,0.01 / 0,4883.69,4749.42,4915.61,2026.08.16 23:05:00,canceled,The Gold Reaper_XAUUSD_1,1,2.7493555078229686,0.653604139492885
2026.08.07 16:31:00,959,XAUUSD,buy stop,0.03 / 0,4769.94,4748.69,4857.07,2026.08.18 00:06:00,canceled,The Gold Reaper_XAUUSD_2,2,0.445498266225571,1.826647714646308
2026.08.16 23:05:00,971,XAUUSD,sell stop,0.01 / 0,3946.22,4079.05,3914.65,2026.08.18 10:15:00,canceled,The Gold Reaper_XAUUSD_1,1,3.3660059499977293,0.800006081769382
2026.08.16 23:05:00,970,XAUUSD,buy stop,0.01 / 0,4883.75,4750.92,4915.32,2026.08.18 10:15:00,canceled,The Gold Reaper_XAUUSD_1,1,2.7198361914512397,0.6464294855387706
2026.08.18 00:05:00,973,XAUUSD,buy stop,0.01 / 0,4443.72,4309.95,4475.52,2026.08.19 11:15:00,canceled,The Gold Reaper_XAUUSD_1,1,3.010315681456087,0.7156166455132227
2026.08.19 11:15:00,976,XAUUSD,buy stop,0.01 / 0.01,4443.68,4309.12,4475.67,2026.08.19 14:10:17,filled,The Gold Reaper_XAUUSD_1,1,3.028120836783936,0.7198988225974817
2026.08.18 00:05:00,974,XAUUSD,buy stop,0.03 / 0.03,4446.02,4424.09,4535.93,2026.08.19 14:12:24,filled,The Gold Reaper_XAUUSD_2,2,0.4932501428243753,2.0222581095001786
2026.08.17 00:05:00,972,XAUUSD,buy stop,0.03 / 0.03,4446.91,4431.61,4519.06,2026.08.19 14:12:32,filled,The Gold Reaper_XAUUSD_3,3,0.3440591331958637,1.6224749320314678
2026.08.18 10:15:00,975,XAUUSD,sell stop,0.01 / 0,3946.25,4080.02,3914.45,2026.08.19 21:15:00,canceled,The Gold Reaper_XAUUSD_1,1,3.38980044345898,0.8058283180234447
2026.08.19 21:15:00,981,XAUUSD,sell stop,0.01 / 0,3946.27,4080.83,3914.28,2026.08.21 08:15:00,canceled,The Gold Reaper_XAUUSD_1,1,3.4098021676165073,0.8106389071198823
2026.08.21 08:15:00,982,XAUUSD,sell stop,0.01 / 0,3946.36,4084.19,3913.6,2026.08.23 23:05:00,canceled,The Gold Reaper_XAUUSD_1,1,3.492585572527593,0.8301320710730956
2026.08.23 23:05:00,983,XAUUSD,sell stop,0.01 / 0,3946.36,4084.35,3913.56,2026.08.25 10:15:00,canceled,The Gold Reaper_XAUUSD_1,1,3.4966399416170795,0.8311456633454672
2026.08.07 16:31:00,961,XAUUSD,sell stop,0.03 / 0,3998.52,4013.4,3928.39,2026.08.25 17:00:00,canceled,The Gold Reaper_XAUUSD_3,3,0.37213769094565263,1.753898942608768
2026.08.25 10:15:00,984,XAUUSD,sell stop,0.01 / 0,3946.43,4086.92,3913.03,2026.08.26 21:15:00,canceled,The Gold Reaper_XAUUSD_1,1,3.559926313148852,0.8463345352635074
2026.08.07 16:31:00,960,XAUUSD,sell stop,0.03 / 0,3944.23,3965.48,3857.1,2026.08.27 17:00:00,canceled,The Gold Reaper_XAUUSD_2,2,0.5387616847901872,2.209049675095015
2026.08.26 21:15:00,985,XAUUSD,sell stop,0.01 / 0,3946.47,4088.84,3912.63,2026.08.28 08:15:00,canceled,The Gold Reaper_XAUUSD_1,1,3.607527739980295,0.8574751613467148
2026.08.28 08:15:00,988,XAUUSD,sell stop,0.01 / 0,3946.43,4087.02,3913.01,2026.08.30 23:05:00,canceled,The Gold Reaper_XAUUSD_1,1,3.5624602488831716,0.8468413224103714
2026.08.19 15:00:00,980,XAUUSD,buy stop,0.03 / 0,4769.8,4747.74,4860.24,2026.08.30 23:06:00,canceled,The Gold Reaper_XAUUSD_2,2,0.46249318629712777,1.896096272380385
2026.08.30 23:05:00,990,XAUUSD,sell stop,0.01 / 0,3946.43,4087.06,3913.0,2026.09.01 10:15:00,canceled,The Gold Reaper_XAUUSD_1,1,3.563473823176899,0.8470947159838091
2026.08.30 23:05:00,989,XAUUSD,buy stop,0.01 / 0,4690.4,4549.77,4723.83,2026.09.01 10:15:00,canceled,The Gold Reaper_XAUUSD_1,1,2.9982517482517315,0.7127323895616642
2026.09.01 10:15:00,993,XAUUSD,sell stop,0.01 / 0,3946.31,4082.38,3913.96,2026.09.02 21:15:00,canceled,The Gold Reaper_XAUUSD_1,1,3.4480311987654333,0.8197531364743244
2026.09.01 10:15:00,992,XAUUSD,buy stop,0.01 / 0,4690.61,4554.54,4722.96,2026.09.02 21:15:00,canceled,The Gold Reaper_XAUUSD_1,1,2.900902014876524,0.6896757564581231
2026.09.02 21:15:00,995,XAUUSD,sell stop,0.01 / 0,3946.3,4081.93,3914.06,2026.09.04 08:15:00,canceled,The Gold Reaper_XAUUSD_1,1,3.4368902516280984,0.816967792615874
2026.09.02 21:15:00,994,XAUUSD,buy stop,0.01 / 0,4690.63,4555.0,4722.87,2026.09.04 08:15:00,canceled,The Gold Reaper_XAUUSD_1,1,2.89150924289488,0.6873277150404057
2026.09.04 08:15:00,996,XAUUSD,buy stop,0.01 / 0,4690.71,4556.98,4722.5,2026.09.04 13:50:00,canceled,The Gold Reaper_XAUUSD_1,1,2.850954333139343,0.6777225622560329
2026.09.04 08:15:00,997,XAUUSD,sell stop,0.01 / 0,3946.25,4079.98,3914.46,2026.09.04 13:50:00,canceled,The Gold Reaper_XAUUSD_1,1,3.3887868229331644,0.8055749128919851
2026.08.30 23:05:00,991,XAUUSD,buy stop,0.03 / 0,4692.82,4669.77,4787.34,2026.09.04 13:50:00,canceled,The Gold Reaper_XAUUSD_2,2,0.4911758814529275,2.0141407511901255
2026.08.27 17:00:00,986,XAUUSD,sell stop,0.03 / 0,3944.38,3967.74,3848.59,2026.09.04 13:50:00,canceled,The Gold Reaper_XAUUSD_2,2,0.5922350280652389,2.4285185504439215
2026.08.28 00:05:00,987,XAUUSD,buy stop,0.03 / 0,4693.74,4677.61,4769.79,2026.09.04 13:50:00,canceled,The Gold Reaper_XAUUSD_3,3,0.3436492008504968,1.62024313234223
2026.09.04 16:31:00,999,XAUUSD,sell stop,0.01 / 0,3946.25,4079.98,3914.46,2026.09.06 23:05:00,canceled,The Gold Reaper_XAUUSD_1,1,3.3887868229331644,0.8055749128919851
2026.09.04 16:31:00,998,XAUUSD,buy stop,0.01 / 0,4690.71,4556.98,4722.5,2026.09.06 23:05:00,canceled,The Gold Reaper_XAUUSD_1,1,2.850954333139343,0.6777225622560329
2026.09.04 16:31:00,1001,XAUUSD,sell stop,0.03 / 0,3944.27,3966.19,3854.38,2026.09.07 00:06:00,canceled,The Gold Reaper_XAUUSD_2,2,0.5557428877840531,2.2790021981253785
2026.09.06 23:05:00,1004,XAUUSD,sell stop,0.01 / 0,3946.32,4082.8,3913.88,2026.09.08 10:15:00,canceled,The Gold Reaper_XAUUSD_1,1,3.4584118875306618,0.8220316649435436
2026.09.06 23:05:00,1003,XAUUSD,buy stop,0.01 / 0,4690.59,4554.11,4723.03,2026.09.08 10:15:00,canceled,The Gold Reaper_XAUUSD_1,1,2.90965528856712,0.6915974323059487
2026.09.08 10:15:00,1008,XAUUSD,sell stop,0.01 / 0,3946.28,4081.38,3914.17,2026.09.09 21:15:00,canceled,The Gold Reaper_XAUUSD_1,1,3.4234773001408896,0.813677691395444
2026.09.08 10:15:00,1007,XAUUSD,buy stop,0.01 / 0,4690.65,4555.55,4722.76,2026.09.09 21:15:00,canceled,The Gold Reaper_XAUUSD_1,1,2.8801978403845836,0.6845533135066693
2026.09.09 21:15:00,1010,XAUUSD,sell stop,0.01 / 0,3946.27,4080.7,3914.32,2026.09.11 08:15:00,canceled,The Gold Reaper_XAUUSD_1,1,3.4065079176032005,0.8096252917311744
2026.09.09 21:15:00,1009,XAUUSD,buy stop,0.01 / 0,4690.68,4556.25,4722.63,2026.09.11 08:15:00,canceled,The Gold Reaper_XAUUSD_1,1,2.8658957763053605,0.6811379160377561
2026.09.11 08:15:00,1012,XAUUSD,sell stop,0.01 / 0,3946.26,4080.45,3914.36,2026.09.13 23:05:00,canceled,The Gold Reaper_XAUUSD_1,1,3.4004348421036523,0.8083603209114476
2026.09.11 08:15:00,1011,XAUUSD,buy stop,0.01 / 0,4690.69,4556.5,4722.59,2026.09.13 23:05:00,canceled,The Gold Reaper_XAUUSD_1,1,2.8607731485133234,0.6800705226736482
2026.09.06 23:05:00,1005,XAUUSD,sell stop,0.03 / 0.03,4285.32,4300.98,4211.49,2026.09.14 10:25:58,filled,The Gold Reaper_XAUUSD_3,3,0.3654336198930268,1.722858502982273
2026.09.07 00:05:00,1006,XAUUSD,sell stop,0.03 / 0.03,4284.19,4306.3,4193.54,2026.09.14 10:26:01,filled,The Gold Reaper_XAUUSD_2,2,0.5160835537172858,2.1159192286056325
2026.09.13 23:05:00,1014,XAUUSD,sell stop,0.01 / 0,3946.19,4077.91,3914.88,2026.09.15 10:15:00,canceled,The Gold Reaper_XAUUSD_1,1,3.3379031420179923,0.7934235300378326
2026.09.13 23:05:00,1013,XAUUSD,buy stop,0.01 / 0,4690.8,4559.08,4722.11,2026.09.15 10:15:00,canceled,The Gold Reaper_XAUUSD_1,1,2.808049799607748,0.6674767630254859
2026.09.15 10:15:00,1019,XAUUSD,sell stop,0.01 / 0,3946.21,4078.52,3914.76,2026.09.16 21:15:00,canceled,The Gold Reaper_XAUUSD_1,1,3.3528372793135675,0.7969672166458404
2026.09.15 10:15:00,1018,XAUUSD,buy stop,0.01 / 0,4690.78,4558.47,4722.23,2026.09.16 21:15:00,canceled,The Gold Reaper_XAUUSD_1,1,2.8206396377574627,0.6704641871927445
2026.09.16 21:15:00,1021,XAUUSD,sell stop,0.01 / 0,3946.18,4077.2,3915.04,2026.09.18 08:15:00,canceled,The Gold Reaper_XAUUSD_1,1,3.3201729267291404,0.7891175769985117
2026.09.16 21:15:00,1020,XAUUSD,buy stop,0.01 / 0,4690.83,4559.81,4721.97,2026.09.18 08:15:00,canceled,The Gold Reaper_XAUUSD_1,1,2.793109108622558,0.6638484020951586
2026.09.18 08:15:00,1023,XAUUSD,sell stop,0.01 / 0,3946.15,4076.28,3915.22,2026.09.20 23:05:00,canceled,The Gold Reaper_XAUUSD_1,1,3.2976445396145637,0.7838019335301569
2026.09.18 08:15:00,1022,XAUUSD,buy stop,0.01 / 0,4690.87,4560.74,4721.8,2026.09.20 23:05:00,canceled,The Gold Reaper_XAUUSD_1,1,2.7741122648890317,0.6593659598326173
2026.09.14 11:00:00,1015,XAUUSD,sell stop,0.03 / 0,3944.26,3965.95,3855.32,2026.09.21 00:06:00,canceled,The Gold Reaper_XAUUSD_2,2,0.5499130381871276,2.2549223428475824
2026.09.20 23:05:00,1025,XAUUSD,sell stop,0.01 / 0,3946.22,4078.73,3914.72,2026.09.22 10:15:00,canceled,The Gold Reaper_XAUUSD_1,1,3.3578969241451375,0.7982322323641359
2026.09.20 23:05:00,1024,XAUUSD,buy stop,0.01 / 0,4690.77,4558.26,4722.27,2026.09.22 10:15:00,canceled,The Gold Reaper_XAUUSD_1,1,2.8249093432421586,0.6715315395979764
2026.09.21 00:05:00,1027,XAUUSD,sell stop,0.01 / 0,4238.52,4372.09,4206.77,2026.09.22 11:15:00,canceled,The Gold Reaper_XAUUSD_1,1,3.151335843643529,0.7490822268150202
2026.09.04 16:31:00,1002,XAUUSD,buy stop,0.03 / 0,4693.89,4678.54,4766.24,2026.09.22 17:00:00,canceled,The Gold Reaper_XAUUSD_3,3,0.32702087181421724,1.5413654772480703
2026.09.22 10:15:00,1029,XAUUSD,buy stop,0.01 / 0,4690.73,4557.33,4722.44,2026.09.23 21:15:00,canceled,The Gold Reaper_XAUUSD_1,1,2.843907025132541,0.6760141811615684
2026.09.22 11:15:00,1030,XAUUSD,sell stop,0.01 / 0,4238.52,4371.92,4206.81,2026.09.23 23:02:00,canceled,The Gold Reaper_XAUUSD_1,1,3.147325009673179,0.7481385011749392
2026.09.04 16:31:00,1000,XAUUSD,buy stop,0.03 / 0,4693.01,4671.09,4782.9,2026.09.24 17:00:00,canceled,The Gold Reaper_XAUUSD_2,2,0.4670776324789436,1.9154018423144084
2026.09.23 21:15:00,1031,XAUUSD,buy stop,0.01 / 0,4690.74,4557.72,4722.36,2026.09.25 08:15:00,canceled,The Gold Reaper_XAUUSD_1,1,2.8357998951124883,0.6740940661814531
2026.09.23 23:02:00,1032,XAUUSD,sell stop,0.01 / 0,4238.51,4371.53,4206.89,2026.09.25 10:15:00,canceled,The Gold Reaper_XAUUSD_1,1,3.138367020485961,0.7460168785728921
2026.09.25 10:15:00,1035,XAUUSD,sell stop,0.01 / 0,4238.45,4369.28,4207.35,2026.09.27 23:05:00,canceled,The Gold Reaper_XAUUSD_1,1,3.0867416154490424,0.7337588033361123
2026.09.25 08:15:00,1034,XAUUSD,buy stop,0.01 / 0,4690.84,4560.01,4721.94,2026.09.27 23:05:00,canceled,The Gold Reaper_XAUUSD_1,1,2.789052706977853,0.6629942611557728
2026.09.27 23:05:00,1037,XAUUSD,sell stop,0.01 / 0,4238.44,4368.75,4207.46,2026.09.27 23:59:58,canceled,The Gold Reaper_XAUUSD_1,1,3.074480233293391,0.7309293041779421
2026.09.27 23:05:00,1036,XAUUSD,buy stop,0.01 / 0,4690.87,4560.56,4721.85,2026.09.27 23:59:58,canceled,The Gold Reaper_XAUUSD_1,1,2.7779495061683543,0.6604318601879923
2026.09.24 17:00:00,1033,XAUUSD,buy stop,0.03 / 0,4693.03,4671.22,4782.46,2026.09.27 23:59:58,canceled,The Gold Reaper_XAUUSD_2,2,0.4647317404746932,1.9055919097043978
2026.09.21 00:05:00,1028,XAUUSD,sell stop,0.03 / 0,4236.55,4258.45,4146.77,2026.09.27 23:59:58,canceled,The Gold Reaper_XAUUSD_2,2,0.5169300492145645,2.1191771606613807
2026.09.20 23:05:00,1026,XAUUSD,sell stop,0.03 / 0,4237.63,4252.84,4165.95,2026.09.27 23:59:58,canceled,The Gold Reaper_XAUUSD_3,3,0.35892704176627116,1.691511528849859
