t_in,side,vol,entry,strat,bal_in,t_out,exit,pl,why,mv%,hold,r,hour,weekday,atr_h1%,atr_d1%,stretch_d1%,yday_range%,yday_ret_dir%,today_move_dir%,mom3_dir%,mom12_dir%,vs_ema50_dir%,vs_ema200_dir%,lastbar_rng/atr,twin,is_B,is_sell
2025-01-02 08:45:56,buy,0.01,2637.51,A,999.93,2025-01-02 10:45:29,2643.23,5.72,sl,0.216871215654151,119.55,0.5720400428029961,8,3,,,0.0,0.16045613754254515,-0.0521876928468501,0.5229077022170348,0.07555049354592835,,0.1355818183708557,0.1450215620387052,,False,False,False
2025-01-02 08:46:08,buy,0.02,2637.86,B,999.79,2025-01-02 10:45:29,2643.23,10.74,sl,0.2035741093158806,119.35,1.0742255873733484,8,3,,,0.0,0.16045613754254515,-0.0521876928468501,0.5362471844164496,0.07555049354592835,,0.1355818183708557,0.1450215620387052,,True,True,False
2025-01-07 13:57:53,buy,0.01,2663.7,A,1016.18,2025-01-07 15:01:08,2650.36,-13.34,sl,-0.5008071479520851,63.25,-1.3127595504733414,13,1,0.1695408336431066,,-0.18437586628622382,1.2468354670604047,-0.24081513651871278,1.101078305227543,0.38880454905108053,0.6295752359483986,0.3972402886291304,0.3387637001774024,1.1944709246901644,False,False,False
2025-01-07 13:57:55,buy,0.02,2664.09,B,1016.04,2025-01-07 15:00:00,2654.29,-19.6,sl,-0.3678554403192152,62.083333333333336,-1.9290579111058623,13,1,0.1695408336431066,,-0.18437586628622382,1.2468354670604047,-0.24081513651871278,1.1158808057115,0.38880454905108053,0.6295752359483986,0.3972402886291304,0.3387637001774024,1.1944709246901644,True,True,False
2025-01-08 14:03:45,buy,0.01,2663.69,A,982.89,2025-01-08 15:52:32,2664.21,0.52,sl,0.0195217911994256,108.78333333333332,0.0529052081107753,14,2,0.15884412172035278,,0.3068522486509462,1.18159415203354,0.5738815572230438,0.5283636953756776,0.2660907648413424,0.43188553523227924,0.4720156883395221,0.5538461024432451,2.0351588911426,False,False,False
2025-01-08 14:04:10,buy,0.02,2664.12,B,982.75,2025-01-08 17:21:33,2667.41,6.58,sl,0.1234929357536433,197.38333333333333,0.6695497328923938,14,2,0.15884412172035278,,0.3068522486509462,1.18159415203354,0.5738815572230438,0.5445920088765099,0.2660907648413424,0.43188553523227924,0.4720156883395221,0.5538461024432451,2.0351588911426,True,True,False
2025-01-09 10:44:41,buy,0.01,2668.39,A,989.78,2025-01-09 11:30:30,2668.91,0.52,sl,0.0194874062637014,45.81666666666667,0.0525369273980076,10,3,0.1726295002669454,,0.6417154487428078,0.9302797223807944,0.4887364182225129,0.2167038480894723,-0.06337254431391104,0.06157450515122953,0.3756380543860738,0.5906935016121162,0.9085545722713464,False,False,False
2025-01-10 06:34:20,buy,0.01,2676.63,A,990.09,2025-01-10 09:42:56,2679.1,2.47,sl,0.0922802180353579,188.6,0.2494722701976588,6,4,0.1402911027030177,,0.7615580738902672,0.8520407781098552,0.2794240259593961,0.24643733263420842,0.057227924234726224,0.28115686678786833,0.4287105773197686,0.7824038374935727,1.1431290445375062,False,False,False
2025-01-10 06:42:49,buy,0.02,2677.03,B,990.16,2025-01-10 10:31:05,2680.02,5.98,sl,0.1116909410802187,228.26666666666668,0.6039427971236973,6,4,0.1402911027030177,,0.7615580738902672,0.8520407781098552,0.2794240259593961,0.2614183254995295,0.057227924234726224,0.28115686678786833,0.4287105773197686,0.7824038374935727,1.1431290445375062,True,True,False
2025-01-15 20:54:01,buy,0.01,2696.2,A,998.47,2025-01-16 01:50:16,2698.07,1.87,sl,0.0693568726355739,296.25,0.1872865484190812,20,2,0.23670860502592472,,0.4287970051657819,0.6832010285389569,0.28184639371542364,0.7684142859278431,0.17811326367456193,0.47363494307057774,0.5649852688975887,0.9344767589675396,0.3920250896057299,False,False,False
2025-01-16 00:16:58,buy,0.02,2696.58,B,998.33,2025-01-16 01:50:16,2698.07,2.98,sl,0.0552551750736205,93.3,0.2984984924824456,0,3,0.23096279733743744,,1.0004631202745085,1.0452961672473895,0.7209490065928081,0.05714200902398048,0.03117935926415516,0.244386912467065,0.5238746866742305,0.9325745252909412,0.5799862290567026,False,True,False
2025-01-16 08:15:41,buy,0.01,2700.55,A,1003.11,2025-01-16 10:27:11,2707.25,6.7,sl,0.248097609746156,131.5,0.6679227602157292,8,3,0.15120295290472943,,1.0004631202745085,1.0452961672473895,0.7209490065928081,0.20444965566375206,0.037073286472688594,0.15886684879440338,0.4930045558322327,0.9767854271771181,1.5906862745098398,False,False,False
2025-01-21 02:32:37,buy,0.01,2723.13,A,1009.74,2025-01-21 04:42:54,2723.64,0.51,sl,0.018728448513283,130.28333333333333,0.0505080515776338,2,1,0.24605802585934947,0.8563670010262181,1.0037301379307584,0.8984013252803258,0.5098975754833868,0.47041374272243086,0.32148644109710744,0.3514886578450005,0.4382418815711997,1.0476013987591015,2.4252910391968174,False,False,False
2025-01-21 02:37:05,buy,0.02,2723.48,B,1009.6,2025-01-21 05:24:57,2726.8,6.64,sl,0.121902859576724,167.86666666666667,0.6576862123613312,2,1,0.24605802585934947,0.8563670010262181,1.0037301379307584,0.8984013252803258,0.5098975754833868,0.48332706115008506,0.32148644109710744,0.3514886578450005,0.4382418815711997,1.0476013987591015,2.4252910391968174,True,True,False
2025-01-24 01:12:02,buy,0.01,2761.69,A,1016.68,2025-01-24 03:16:16,2774.33,12.64,sl,0.4576907618161297,124.23333333333332,1.2432623834441516,1,4,0.22809706535642352,0.895421063904712,1.872504916766804,0.8338869587630829,-0.03157390471213439,0.25957147109862966,0.21497020556526802,0.2848888969639862,0.4158168601527956,1.4841571618238847,1.0516282764098974,False,False,False
2025-01-24 01:59:01,buy,0.02,2762.14,B,1016.54,2025-01-24 03:16:16,2774.33,24.38,sl,0.4413244802942666,77.25,2.398331595411887,1,4,0.22809706535642352,0.895421063904712,1.872504916766804,0.8338869587630829,-0.03157390471213439,0.2759081371118244,0.21497020556526802,0.2848888969639862,0.4158168601527956,1.4841571618238847,1.0516282764098974,False,True,False
2025-01-27 16:49:30,sell,0.02,2737.19,B,1015.9,2025-01-27 17:24:00,2735.15,4.08,sl,0.0745289877575164,34.5,0.4016143321193031,16,0,0.31505633243691555,0.8685068454402629,-1.853352524416274,0.17668482895173768,-0.06761227433951245,1.0955696637049206,0.6985511130102817,0.6909989062805599,0.6771406629562993,-0.2752240310497811,1.3727986771392884,False,True,True
2025-01-30 13:42:26,buy,0.01,2784.21,A,1053.49,2025-01-30 15:32:52,2788.72,4.51,sl,0.1619849077476111,110.43333333333334,0.4281008837293187,13,3,0.14654069921288318,0.9202833408634897,1.1821947771390784,0.7752696235595052,-0.08542398893832681,0.8673064591507407,0.2159087632284562,0.6556368112374145,0.6805144343215108,1.2670383492949133,1.2492987377279465,False,False,False
2025-01-31 07:20:46,buy,0.01,2797.79,A,1062.01,2025-01-31 12:56:17,2805.32,7.53,sl,0.2691410005754613,335.51666666666665,0.7090328716302107,7,4,0.16861996083863273,0.9631122835768766,2.24230332780182,1.4196621418660966,1.310379057121236,0.04577133641574527,-0.1280208266283278,-0.10087063519883532,0.5449507870507686,1.4408395907818727,0.7962991051114894,False,False,False
2025-01-31 07:24:09,buy,0.02,2798.21,B,1061.87,2025-01-31 12:56:17,2805.32,14.22,sl,0.254091008180234,332.1333333333333,1.3391469765602193,7,4,0.16861996083863273,0.9631122835768766,2.24230332780182,1.4196621418660966,1.310379057121236,0.06079005617716238,-0.1280208266283278,-0.10087063519883532,0.5449507870507686,1.4408395907818727,0.7962991051114894,True,True,False
2025-02-03 14:19:27,buy,0.01,2815.4,A,1083.55,2025-02-03 15:05:15,2825.28,9.88,sl,0.3509270441145169,45.8,0.9118176364727056,14,0,0.2696688254401909,0.9211823365319344,1.719179554973449,0.7186623146080258,-0.2705538859104961,0.7183435170213137,0.4613663735030471,1.0365599436433337,0.7331951861740515,1.6874457205141358,0.5461226797323863,False,False,False
2025-02-03 14:32:08,buy,0.02,2815.85,B,1083.41,2025-02-03 15:05:15,2825.28,18.86,sl,0.3348899976916487,33.11666666666667,1.7407998818545145,14,0,0.2696688254401909,0.9211823365319344,1.719179554973449,0.7186623146080258,-0.2705538859104961,0.7344418528111074,0.4613663735030471,1.0365599436433337,0.7331951861740515,1.6874457205141358,0.5461226797323863,True,True,False
2025-02-04 13:21:32,buy,0.01,2829.26,A,1112.08,2025-02-04 13:50:12,2833.49,4.23,sl,0.1495090589058468,28.666666666666668,0.3803683188259838,13,1,0.22626759465321075,1.0178876698404586,2.1819032282005324,2.0929959803388414,0.656454359429337,0.5451469835674239,0.048927495124972964,0.153679615268576,0.5464832252680463,1.6863972921412396,1.3171495693030264,False,False,False
2025-02-04 13:21:35,buy,0.02,2829.77,B,1111.94,2025-02-04 13:52:18,2831.09,2.64,sl,0.0466469006315058,30.716666666666665,0.2374228825296329,13,1,0.22626759465321075,1.0178876698404586,2.1819032282005324,2.0929959803388414,0.656454359429337,0.5632711662022949,0.048927495124972964,0.153679615268576,0.5464832252680463,1.6863972921412396,1.3171495693030264,True,True,False
2025-02-05 00:30:24,buy,0.01,2843.53,A,1118.74,2025-02-05 01:02:15,2844.06,0.53,sl,0.0186388045844336,31.85,0.0473747251372079,0,2,0.24248183145929142,1.0738983868899952,2.861854169478817,1.3482552921923647,0.9783504861545333,0.0739064485136165,-0.05979283541143188,0.9435537445512843,0.8382672669802638,2.161309314575788,0.2714078374455561,False,False,False
2025-02-05 00:30:57,buy,0.02,2843.98,B,1118.6,2025-02-05 00:59:03,2844.43,0.9,sl,0.0158228960822445,28.1,0.0804577150008939,0,2,0.24248183145929142,1.0738983868899952,2.861854169478817,1.3482552921923647,0.9783504861545333,0.08974354462365497,-0.05979283541143188,0.9435537445512843,0.8382672669802638,2.161309314575788,0.2714078374455561,True,True,False
2025-02-10 06:28:40,buy,0.01,2884.97,A,1119.68,2025-02-10 07:47:15,2892.19,7.22,sl,0.2502625677216836,78.58333333333333,0.6448270934552729,6,0,0.25217730855735976,1.0997422070563028,2.5260375529418955,0.35637695057099816,0.2247214572295153,0.598716786386766,0.18581216269351053,0.63930483900283,0.5481259545378148,1.9134896325761819,0.5233644859813283,False,False,False
2025-02-10 06:36:11,buy,0.02,2885.39,B,1119.54,2025-02-10 07:47:15,2892.19,13.6,sl,0.2356700480697646,71.06666666666666,1.2147846436929453,6,0,0.25217730855735976,1.0997422070563028,2.5260375529418955,0.35637695057099816,0.2247214572295153,0.61336215914638,0.18581216269351053,0.63930483900283,0.5481259545378148,1.9134896325761819,0.5233644859813283,True,True,False
2025-02-19 01:50:41,buy,0.02,2938.65,B,1140.15,2025-02-19 02:48:33,2928.25,-20.8,sl,-0.3539040035390431,57.86666666666667,-1.8243213612244005,1,2,0.20007490921646426,1.3775739740620934,2.6548126364432267,1.529290670883829,1.1957770136270973,0.1578039686164434,-0.14589881167462737,0.5105717167974033,0.48256707458451675,1.2949907538020833,0.9742839731871012,False,True,False
2025-02-19 09:15:14,buy,0.01,2941.1,A,1140.29,2025-02-19 11:38:24,2941.67,0.57,sl,0.0193805038931067,143.16666666666666,0.0499872839365424,9,2,0.20628865633578625,1.3775739740620934,2.6548126364432267,1.529290670883829,1.1957770136270973,0.24130714855385982,0.19331742243438033,0.09980447859825325,0.6365094403842031,1.5092745416437792,1.0359373158949323,False,False,False
2025-02-20 05:20:44,buy,0.01,2945.05,A,1119.85,2025-02-20 07:43:15,2948.3,3.25,sl,0.1103546629089489,142.51666666666668,0.2902174398356923,5,3,0.23906461595873058,1.3024773519757256,2.436716344788681,0.9640770580319791,0.048738590738972576,0.3280620831090708,0.10214400261487899,0.4935756548251735,0.39816772610528073,1.3109109952724962,0.4467479674797189,False,False,False
2025-02-20 05:51:23,buy,0.02,2945.52,B,1119.71,2025-02-20 07:43:15,2948.3,5.56,sl,0.0943806187023072,111.86666666666666,0.4965571442605674,5,3,0.23906461595873058,1.3024773519757256,2.436716344788681,0.9640770580319791,0.048738590738972576,0.3440734204986029,0.10214400261487899,0.4935756548251735,0.39816772610528073,1.3109109952724962,0.4467479674797189,False,True,False
2025-02-24 13:51:42,buy,0.01,2952.97,A,1128.45,2025-02-24 14:35:42,2938.13,-14.84,sl,-0.5025448954781014,44.0,-1.3150782046169525,13,0,0.26805895066726027,1.1761836014794909,1.8133690274728664,0.14062351034417378,-0.09694635974922816,0.5461485292465262,0.07675796109116728,0.559349393725328,0.32796816516127425,1.013805527758338,0.7254476397178601,False,False,False
2025-02-24 13:53:56,buy,0.02,2953.52,B,1128.31,2025-02-24 14:26:41,2942.94,-21.16,sl,-0.3582166364202689,32.75,-1.875371130274481,13,0,0.26805895066726027,1.1761836014794909,1.8133690274728664,0.14062351034417378,-0.09694635974922816,0.5648755673441475,0.07675796109116728,0.559349393725328,0.32796816516127425,1.013805527758338,0.7254476397178601,True,True,False
2025-02-25 15:21:25,sell,0.02,2918.15,B,1119.75,2025-02-25 17:44:51,2903.7,-30.38,sl,0.4951767386871913,143.43333333333334,-2.7131056039294483,15,1,0.2812046841793251,1.172631638076644,-2.0469910404497638,1.1840356871678,-0.44774645633365306,1.0843553187306343,0.2017885337834091,0.5402344067934495,0.22412336004160593,-0.35257324129396306,1.555690282348862,False,True,True
2025-02-25 16:08:58,sell,0.02,2888.51,A,1119.89,2025-02-25 17:17:13,2897.13,42.04,sl,-0.2984237548078383,68.25,3.753940119118842,16,1,0.350932649542733,1.172631638076644,-2.0469910404497638,1.1840356871678,-0.44774645633365306,2.089053400855545,0.7771392670443134,1.144048769203554,1.093785877918907,0.5609012060656338,3.3781606780136153,False,False,True
2025-02-27 05:37:02,sell,0.01,2890.15,A,1103.76,2025-02-27 08:43:26,2885.49,4.66,sl,0.1612373060221894,186.4,0.4221932304124084,5,3,0.24149646950700318,1.277258765158304,-0.8037694239958038,1.3451808817837085,-0.02569760429800283,0.9995444160132538,0.5198194022420277,0.5485019170107686,0.7276155771159587,0.7553548598485449,1.4548795426704537,False,False,True
2025-02-27 05:38:45,sell,0.02,2889.66,B,1103.62,2025-02-27 08:19:50,2889.08,1.16,sl,0.0200715655128951,161.08333333333334,0.105108642467516,5,3,0.24149646950700318,1.277258765158304,-0.8037694239958038,1.3451808817837085,-0.02569760429800283,1.0163290892088228,0.5198194022420277,0.5485019170107686,0.7276155771159587,0.7553548598485449,1.4548795426704537,True,True,True
2025-02-28 03:21:04,sell,0.01,2869.67,A,1109.37,2025-02-28 04:40:05,2860.75,8.92,sl,0.3108371345834215,79.01666666666667,0.8040599619603919,3,4,0.30568564865912906,1.2725413123895695,0.6286297590811563,1.7893466763563546,1.4873275717373513,0.2166278382419451,0.08727672284597476,0.5410120351813652,0.8175711835327726,1.3356557242596545,0.8345124827193554,False,False,True
2025-02-28 03:21:13,sell,0.02,2869.27,B,1109.23,2025-02-28 04:40:05,2860.75,17.04,sl,0.2969396396992957,78.86666666666666,1.536200787933972,3,4,0.30568564865912906,1.2725413123895695,0.6286297590811563,1.7893466763563546,1.4873275717373513,0.23053652769567945,0.08727672284597476,0.5410120351813652,0.8175711835327726,1.3356557242596545,0.8345124827193554,True,True,True
2025-03-04 09:27:13,buy,0.02,2919.35,B,1092.17,2025-03-04 12:34:40,2919.8,0.9,sl,0.0154143901896063,187.45,0.0824047538386881,9,1,0.2931109370235536,1.1894961035367126,0.06769271463782367,1.2525511086512862,0.6920861154359192,0.985519879897323,0.8415982060669958,1.125404718857026,1.11298856360027,0.6033780974474379,2.562803144338558,False,True,False
2025-03-05 16:17:58,buy,0.02,2926.41,B,1135.95,2025-03-05 17:47:24,2916.08,-20.66,sl,-0.3529922328040134,89.43333333333334,-1.818742022096043,16,2,0.354327045503514,1.2556671932926504,0.7939829509890473,1.578750518987219,0.8118691323689031,0.4141589519410793,0.03532030025683586,0.28808932831869694,0.44496281209249755,0.554431077894213,1.508257895100525,False,True,False
2025-03-10 17:10:28,sell,0.02,2892.67,B,1115.15,2025-03-10 18:31:32,2884.66,16.02,sl,0.2769068023659877,81.06666666666666,1.436578038828857,17,0,0.3155562264270056,1.207735384711849,-0.6023867727259935,0.2451719975860019,-0.1590141807678691,0.8129941914291061,0.26758133336087786,0.51391627561852,0.46344474607060704,0.35902166893484466,1.1982179146474792,False,True,True
2025-03-11 01:04:31,sell,0.02,2880.36,B,1130.82,2025-03-11 02:09:03,2891.84,-22.96,sl,-0.398561290949743,64.53333333333333,-2.030385030331972,1,1,0.295744105032075,1.2336163233613353,0.4375812541592361,1.3220837204142994,1.0814777223818517,0.15564067455846597,0.061609389547867544,0.5777898676730397,0.5653548840492406,0.6090541510933356,0.5117524048515188,False,True,True
2025-03-12 15:51:10,buy,0.01,2928.43,A,1115.08,2025-03-12 16:44:05,2934.76,6.33,sl,0.216156780254279,52.91666666666666,0.5676722746350038,15,2,0.24521379631340695,1.3126748334412126,0.5619208339944004,1.4409043981711804,1.0634868364039818,0.44142463197465176,0.22638868879787388,0.192708619081583,0.3447776114142931,0.49716245271096415,1.1430565247732165,False,False,False
2025-03-12 15:55:31,buy,0.02,2929.02,B,1114.94,2025-03-12 16:44:05,2934.76,11.48,sl,0.1959699831342987,48.56666666666667,1.0296518198288698,15,2,0.24521379631340695,1.3126748334412126,0.5619208339944004,1.4409043981711804,1.0634868364039818,0.4616608816145007,0.22638868879787388,0.192708619081583,0.3447776114142931,0.49716245271096415,1.1430565247732165,True,True,False
2025-03-18 00:31:22,buy,0.01,3003.15,A,1125.46,2025-03-18 02:03:36,3003.69,0.54,sl,0.0179811198241833,92.23333333333332,0.0479803813551792,0,1,0.19015173089029788,1.0549778037260802,2.3107339118766834,0.6830318748208177,0.33144366962658545,0.11067293813316059,-0.01666466690664059,0.028342686419846608,0.4911733409725949,1.8226748034894324,0.5557225144002154,False,False,False
2025-03-18 00:31:53,buy,0.02,3003.51,B,1125.32,2025-03-18 02:03:36,3003.89,0.76,sl,0.0126518639857917,91.71666666666668,0.0675363452173604,0,1,0.19015173089029788,1.0549778037260802,2.3107339118766834,0.6830318748208177,0.33144366962658545,0.12267361817170919,-0.01666466690664059,0.028342686419846608,0.4911733409725949,1.8226748034894324,0.5557225144002154,True,True,False
2025-03-19 03:44:40,buy,0.01,3036.34,A,1126.55,2025-03-19 06:10:01,3042.77,6.43,sl,0.2117681155601756,145.35,0.5707691624872397,3,2,0.18529542245660913,1.0900208410590073,3.065552090475898,1.280761530317071,1.0653937056433138,0.1513977075946249,0.052444265598872164,0.0016483534597266924,0.6930878877025703,2.328680850338971,0.8682170542635037,False,False,False
2025-03-19 03:48:15,buy,0.02,3036.79,B,1126.41,2025-03-19 06:11:42,3041.51,9.44,sl,0.1554272768285016,143.45,0.8380607416482453,3,2,0.18529542245660913,1.0900208410590073,3.065552090475898,1.280761530317071,1.0653937056433138,0.16624062010390794,0.052444265598872164,0.0016483534597266924,0.6930878877025703,2.328680850338971,0.8682170542635037,True,True,False
2025-03-21 14:09:36,sell,0.02,3000.72,B,1107.72,2025-03-21 14:46:03,3011.51,-21.58,sl,-0.3595803673785098,36.45,-1.948145740800924,14,4,0.25913641151659916,1.0344688529263926,-2.890397816475687,1.0388766346305371,0.11573428980784506,1.5043245638509228,0.7990999402819554,0.9611742268278878,0.8975486621876971,-0.34350630290826967,4.181518151815245,False,True,True
2025-03-27 04:27:26,buy,0.02,3036.71,B,1142.07,2025-03-27 10:57:18,3051.43,29.44,sl,0.4847351245262076,389.8666666666667,2.577775442836254,4,3,0.17546164637273626,1.0030408213243267,1.2563130010974755,0.6526041287470068,0.023170828588825465,0.4967402455571479,0.2713672812369783,0.5358811715814094,0.39072101662607217,0.7966445602317185,0.877348362855607,False,True,False
2025-03-27 10:36:51,buy,0.01,3055.68,A,1142.21,2025-03-27 13:22:04,3040.16,-15.52,sl,-0.5079065870771803,165.21666666666667,-1.3587694031745474,10,3,0.17979145882488828,1.0030408213243267,1.2563130010974755,0.6526041287470068,0.023170828588825465,1.1245325479035007,0.3237388704450561,0.6902513588081582,0.5119889675060163,0.9608749366198932,1.1837428123366147,False,False,False
2025-03-28 00:05:25,buy,0.01,3057.7,A,1134.2,2025-03-28 02:31:05,3073.6,15.9,sl,0.5199986918271934,145.66666666666666,1.4018691588785046,0,4,0.25857406059450144,0.9824505303549858,2.1633032673581187,1.2428945895797139,1.127511003739623,0.06414158272627368,-0.05625529437544019,0.14255658021511408,0.6438299547297355,1.3113280409131844,0.24805640932923906,False,False,False
2025-03-28 00:05:50,buy,0.02,3058.18,B,1134.06,2025-03-28 02:31:05,3073.6,30.84,sl,0.5042214650543811,145.25,2.7194328342415743,0,4,0.25857406059450144,0.9824505303549858,2.1633032673581187,1.2428945895797139,1.127511003739623,0.07984972543475521,-0.05625529437544019,0.14255658021511408,0.6438299547297355,1.3113280409131844,0.24805640932923906,True,True,False
2025-03-31 13:30:06,buy,0.01,3126.08,A,1180.73,2025-03-31 14:34:13,3110.4,-15.68,sl,-0.5015866516531835,64.11666666666666,-1.3279920049460925,13,0,0.3354639756888797,0.8636966326834395,2.708043392773396,0.2889930227440368,-0.07987039653873929,1.1669827379757969,-0.08775582102937829,0.9844131880938134,1.2366500656080248,2.6723581225201354,0.6096512183468801,False,False,False
2025-03-31 13:57:42,buy,0.02,3126.62,B,1180.59,2025-03-31 14:05:40,3115.61,-22.02,sl,-0.3521374519449042,7.966666666666667,-1.8651691103600745,13,0,0.3354639756888797,0.8636966326834395,2.708043392773396,0.2889930227440368,-0.07987039653873929,1.1844583530203678,-0.08775582102937829,0.9844131880938134,1.2366500656080248,2.6723581225201354,0.6096512183468801,False,True,False
2025-04-01 00:35:29,buy,0.01,3126.11,A,1142.82,2025-04-01 02:05:47,3126.73,0.62,sl,0.0198329553342617,90.3,0.0542517631823034,0,1,0.295399453711146,0.9114954417222482,3.4254626362179685,1.6439900220629016,1.063747160212558,0.10278907425789185,0.15875866758179313,0.018896326426021126,0.9625311577896367,2.5449845339872157,0.4010840108400884,False,False,False
2025-04-01 00:45:05,buy,0.02,3126.55,B,1142.68,2025-04-01 02:05:41,3127.18,1.26,sl,0.0201500055972127,80.6,0.1102670913991668,0,1,0.295399453711146,0.9114954417222482,3.4254626362179685,1.6439900220629016,1.063747160212558,0.1168785423804719,0.15875866758179313,0.018896326426021126,0.9625311577896367,2.5449845339872157,0.4010840108400884,True,True,False
2025-04-02 23:16:17,buy,0.01,3146.97,A,1144.49,2025-04-03 01:05:40,3159.5,12.53,sl,0.39816077051895,109.38333333333334,1.0948107890850944,23,2,0.3206760157559063,0.9992548116987666,2.746552608142605,1.544647247693166,-0.3685676774792701,1.1409398130144188,-0.19159902156766773,0.008639253568487604,0.21245183458593608,1.6976469256446025,0.5687001140251121,False,False,False
2025-04-02 23:16:32,buy,0.02,3147.69,B,1144.35,2025-04-02 23:25:46,3136.28,-22.82,sl,-0.3624880467898634,9.233333333333333,-1.994145147900555,23,2,0.3206760157559063,0.9992548116987666,2.746552608142605,1.544647247693166,-0.3685676774792701,1.1640800007713503,-0.19159902156766773,0.008639253568487604,0.21245183458593608,1.6976469256446025,0.5687001140251121,True,True,False
2025-04-03 13:28:30,sell,0.02,3075.03,B,1120.35,2025-04-03 13:51:13,3074.42,1.22,sl,0.0198372048402821,22.716666666666665,0.1088945418842326,13,3,0.5152020395627142,1.0302654086845082,-3.5038392295795973,1.2390612632830362,-1.1075150973655523,2.256191175488953,1.1514382591966466,2.2000328835038663,0.9924899554235367,-0.3866755271184408,0.9281039892424884,False,True,True
2025-04-04 16:36:54,sell,0.01,3021.54,A,1135.14,2025-04-04 17:42:24,3036.71,-15.17,sl,-0.5020618624939625,65.5,-1.3363990344803285,16,4,0.6551934737830951,1.2120779966974804,-2.2550001289463495,3.6502887297496045,0.9739320599743917,3.0121526105964636,2.309737614578611,1.8841908796765838,2.1639662529251424,1.500899013798429,1.7420257615442662,False,False,True
2025-04-07 17:48:38,sell,0.01,2973.01,A,1119.9,2025-04-07 18:25:16,2970.82,2.19,sl,0.073662718927957,36.63333333333333,0.1955531743905705,17,0,0.7033047217072694,1.4841012209529447,1.070691530866763,0.9539125031979838,0.6335633398263374,1.2184019563541537,1.442261698583136,1.041380292606664,2.181513515685096,2.7345350261871237,1.1707516062140875,False,False,True
2025-04-07 17:49:02,sell,0.02,2972.51,B,1119.76,2025-04-07 18:25:16,2970.82,3.38,sl,0.0568543083118325,36.23333333333333,0.3018503965135386,17,0,0.7033047217072694,1.4841012209529447,1.070691530866763,0.9539125031979838,0.6335633398263374,1.2350150182079078,1.442261698583136,1.041380292606664,2.181513515685096,2.7345350261871237,1.1707516062140875,True,True,True
2025-04-10 13:30:02,buy,0.02,3131.39,B,1124.98,2025-04-10 13:36:09,3119.84,-23.1,sl,-0.3688457841405806,6.116666666666666,-2.0533698376860032,13,3,0.48352844089966746,1.8949202113227717,1.4438101721532037,4.207857307503747,3.291024630707051,1.656294536045988,0.6305815971942685,1.224877220717624,1.8160847344000475,2.12681219950861,0.8220499243570378,False,True,False
2025-04-10 16:25:07,buy,0.01,3165.91,A,1135.21,2025-04-10 16:32:47,3166.38,0.47,sl,0.0148456525927854,7.666666666666667,0.0414020313422186,16,3,0.5419471878295911,1.8949202113227717,1.4438101721532037,4.207857307503747,3.291024630707051,2.776939133935219,0.9594674603555564,1.1199830752414597,2.5544004233217343,3.034878918722983,2.2127428452057805,False,False,False
2025-04-15 23:21:49,buy,0.01,3243.72,A,1102.28,2025-04-15 23:37:34,3244.12,0.4,sl,0.0123315205998079,15.75,0.0362884203650615,23,1,0.2642865104626496,2.100684701862543,3.7760660977213423,1.6192189649698374,-0.3483369469801989,0.9668000971157831,0.05142407514109326,0.061033227480433716,0.5129040277765728,2.7762022884809223,0.8224267782426756,False,False,False
2025-04-15 23:36:07,buy,0.02,3244.19,B,1102.14,2025-04-16 01:28:47,3266.47,44.56,sl,0.6867661881702288,112.66666666666669,4.043043533489393,23,1,0.2642865104626496,2.100684701862543,3.7760660977213423,1.6192189649698374,-0.3483369469801989,0.9814297186754972,0.05142407514109326,0.061033227480433716,0.5129040277765728,2.7762022884809223,0.8224267782426756,True,True,False
2025-04-21 00:03:44,buy,0.01,3354.1,A,1147.03,2025-04-21 01:21:29,3369.27,15.17,sl,0.4522822813869614,77.75,1.3225460537213498,0,0,0.452145997460439,2.2041957373602226,5.600233268353794,0.23595049221064976,-0.027470230630499692,0.1777100787001773,0.9555340467424678,0.7996146435452767,1.3822740810311096,4.450841206625511,0.5218458054166332,False,False,False
2025-04-21 00:05:23,buy,0.02,3354.64,B,1146.89,2025-04-21 01:21:29,3369.27,29.26,sl,0.436112369732672,76.1,2.5512472861390365,0,0,0.452145997460439,2.2041957373602226,5.600233268353794,0.23595049221064976,-0.027470230630499692,0.1938383883637096,0.9555340467424678,0.7996146435452767,1.3822740810311096,4.450841206625511,0.5218458054166332,True,True,False
2025-04-23 13:38:48,sell,0.02,3285.63,B,1125.12,2025-04-23 13:40:55,3285.04,1.18,sl,0.0179569823747696,2.1166666666666667,0.1048777019340159,13,2,0.7974431421011641,2.2763595885645773,-3.97529079515484,5.035138982542887,2.848100344439042,1.5308492497100423,0.20647393756348942,1.6998168057695828,1.8039372118399566,-0.6980930848343281,0.8669985390400927,False,True,True
2025-05-01 00:20:02,sell,0.02,3266.36,B,1192.36,2025-05-01 01:22:37,3246.63,39.46,sl,0.6040362972850518,62.583333333333336,3.309403200375726,0,3,0.5012018281230853,2.2882746357306334,-0.341208246766489,1.866794582323819,1.329478548969143,0.2050063090615284,0.8737552395028381,0.09218531078966086,0.9734607192995237,0.901151240078546,0.9399982582948719,False,True,True
2025-05-01 00:24:30,sell,0.01,3260.39,A,1125.26,2025-05-01 00:24:41,3259.79,0.6,sl,0.0184027064246887,0.1833333333333333,0.0533210102554076,0,3,0.5012018281230853,2.2882746357306334,-0.341208246766489,1.866794582323819,1.329478548969143,0.3874038746498054,0.8737552395028381,0.09218531078966086,0.9734607192995237,0.901151240078546,0.9399982582948719,True,False,True
2025-05-05 14:06:52,buy,0.02,3328.07,B,1232.21,2025-05-05 14:12:13,3316.33,-23.48,sl,-0.3527570033082307,5.35,-1.9055193514092563,14,0,0.3832397405973865,2.1726834627647107,-0.2695363647668869,0.4159367505210682,0.19990066664403727,2.4614238390207266,0.06821055935677389,1.5519807893753512,1.523942536610412,1.0806701319997947,0.7287649671144927,False,True,False
2025-05-06 01:05:08,buy,0.01,3350.84,A,1232.35,2025-05-06 01:28:43,3355.79,4.95,sl,0.1477241527497528,23.58333333333333,0.4016716030348521,1,1,0.3349323763959432,2.168205142267575,2.1423208150903594,2.890383184970124,2.6489169119367606,0.5005773585471607,0.025534573812935335,0.4949792802880548,1.416984376764141,1.3985659876440737,0.9863575225773444,False,False,False
2025-05-06 12:36:16,buy,0.02,3385.51,B,1213.54,2025-05-06 12:47:44,3386.17,1.32,sl,0.0194948471574402,11.466666666666669,0.108772681576215,12,1,0.4622859628674652,2.168205142267575,2.1423208150903594,2.890383184970124,2.6489169119367606,1.5404225964638751,0.05922118223247175,1.3499652086282676,1.9429171568752235,2.6206911886736073,0.723365340649305,False,True,False
2025-05-11 23:05:00,sell,0.02,3267.34,B,1214.58,2025-05-11 23:57:11,3288.04,-41.4,sl,-0.6335428819773827,52.18333333333333,-3.408585683940128,23,6,0.3018919132475132,2.034936151792801,-1.0197200810605267,2.1862900704614874,-0.3045342435188392,-0.0,0.4283212858617991,0.056481559371734935,0.3475594579568919,-0.05486438059454368,0.52674253200569,False,True,True
2025-05-14 12:17:57,sell,0.01,3209.69,A,1173.11,2025-05-14 13:20:24,3186.44,23.25,sl,0.7243690200611274,62.45,1.9819113297133264,12,2,0.3408828261865773,2.1096503742071424,0.902354015027329,1.5258872330619238,-0.5452832228864501,1.3765597681971609,0.38420728632723167,1.0536180672914397,0.9225863702785664,2.0961977286605316,1.7946382092660031,False,False,True
2025-05-14 12:18:04,sell,0.02,3209.39,B,1172.97,2025-05-14 13:20:24,3186.44,45.9,sl,0.7150891602453993,62.333333333333336,3.913143558658789,12,2,0.3408828261865773,2.1096503742071424,0.902354015027329,1.5258872330619238,-0.5452832228864501,1.3857778023592005,0.38420728632723167,1.0536180672914397,0.9225863702785664,2.0961977286605316,1.7946382092660031,True,True,True
2025-05-20 12:34:58,buy,0.02,3248.29,B,1214.72,2025-05-20 13:04:43,3236.74,-23.1,sl,-0.3555717008025817,29.75,-1.901672813487882,12,1,0.32895360271078744,2.314781772199033,-1.090883507016338,1.336519216148693,-0.38238967269669244,0.7984335435182066,0.16471460799158955,0.5796651719911283,0.6259343445755405,-0.05301362385262687,0.6021303677899178,False,True,False
2025-05-21 19:04:17,buy,0.01,3318.49,A,1218.81,2025-05-21 19:52:38,3319.11,0.62,sl,0.0186831962730141,48.35,0.0508692905374914,19,2,0.36030867714842696,2.4353194910648073,0.9040969683148381,2.769032540386786,2.1138473759992005,0.8448076239329749,0.07336978674452599,-0.17077850299238584,1.1442310053623617,1.7579623186602777,0.37346731263831756,False,False,False
2025-05-21 19:05:42,buy,0.02,3319.06,B,1218.67,2025-05-21 19:52:27,3319.7,1.28,sl,0.0192825679559837,46.75,0.1050325354689948,19,2,0.36030867714842696,2.4353194910648073,0.9040969683148381,2.769032540386786,2.1138473759992005,0.8621292190999386,0.07336978674452599,-0.17077850299238584,1.1442310053623617,1.7579623186602777,0.37346731263831756,True,True,False
2025-05-23 11:49:40,buy,0.01,3343.36,A,1220.5,2025-05-23 11:51:54,3343.93,0.57,sl,0.0170487174578779,2.2333333333333334,0.0467021712412945,11,4,0.3075025471425228,2.2065730544764754,0.9221867887377444,2.0023392946965863,-0.6017854776333431,1.3090274410937797,-0.019223260144785037,1.0307463501987968,0.7332904291934117,1.6662703226677733,0.8245638520586226,False,False,False
2025-05-23 11:49:43,buy,0.02,3343.86,B,1220.36,2025-05-23 11:51:54,3344.51,1.3,sl,0.0194386128605889,2.183333333333333,0.1065259431643121,11,4,0.3075025471425228,2.2065730544764754,0.9221867887377444,2.0023392946965863,-0.6017854776333431,1.324178221661998,-0.019223260144785037,1.0307463501987968,0.7332904291934117,1.6662703226677733,0.8245638520586226,True,True,False
2025-05-28 20:51:18,sell,0.02,3287.02,B,1241.98,2025-05-28 20:53:58,3286.39,1.26,sl,0.0191662965239064,2.6666666666666665,0.1014509090323515,20,2,0.3048875601195883,1.9652477802876513,-0.5284761279659378,1.9534849991086214,1.0991408292865157,0.6804571027997808,-0.1074857444754107,0.6724268826145186,0.4098027214942457,0.024252933544199884,0.9202018048745854,False,True,True
2025-06-02 06:16:47,buy,0.02,3329.43,B,1222.02,2025-06-02 07:49:28,3353.43,48.0,sl,0.7208441084509962,92.68333333333334,3.927922619924388,6,0,0.3186121866904944,1.730717028294536,0.518507090041731,0.1788395368297556,-0.14569872038514564,0.5815393724812656,0.4967708383725844,1.0654503990878084,0.6688856021282108,0.7847236701372218,1.1189801699716646,False,True,False
2025-06-02 13:41:39,buy,0.01,3363.78,A,1222.16,2025-06-02 14:10:11,3369.67,5.89,sl,0.1751006308379225,28.53333333333333,0.4819336257118544,13,0,0.35508548575038607,1.730717028294536,0.518507090041731,0.1788395368297556,-0.14569872038514564,1.6192472916880751,0.2138353885622113,1.333280988590868,1.258119354998044,1.6360792685538472,0.797314309693668,False,False,False
2025-06-05 09:30:13,buy,0.01,3389.95,A,1277.1,2025-06-05 11:20:15,3398.53,8.58,sl,0.2531010781870052,110.03333333333332,0.6718346253229974,9,3,0.22749300591270194,1.7186448074860687,1.9248527452513597,1.2089421460203098,0.5380824266088879,0.34841245877959004,0.32457689083873476,-0.02547272641105769,0.4004318767234505,1.3348977939137807,0.9324651162790508,False,False,False
2025-06-05 09:56:07,buy,0.02,3390.45,B,1276.96,2025-06-05 11:20:15,3398.53,16.16,sl,0.2383164476691997,84.13333333333334,1.265505575742388,9,3,0.22749300591270194,1.7186448074860687,1.9248527452513597,1.2089421460203098,0.5380824266088879,0.3632133278866023,0.32457689083873476,-0.02547272641105769,0.4004318767234505,1.3348977939137807,0.9324651162790508,False,True,False
2025-06-12 01:22:23,buy,0.02,3374.09,B,1301.21,2025-06-12 07:33:16,3362.09,-24.0,sl,-0.3556514497242219,370.8833333333333,-1.8444371008522835,1,3,0.4037388873656583,1.6416580002971317,1.2421096867635484,1.5869855890655136,1.125891293047232,0.25017307103787356,0.5673958056333195,1.079305208533543,0.885471948971972,0.9635978021804048,0.6615505913271834,False,True,False
2025-06-13 00:02:47,buy,0.01,3401.43,A,1301.63,2025-06-13 00:14:49,3402.09,0.66,sl,0.0194036037784199,12.033333333333331,0.0507056536803853,0,4,0.3494591313288204,1.6177471559907812,1.9461372215610284,1.774513672530676,0.8969982202652105,0.16638298122964024,0.29238384387293426,0.9023945993005489,1.0313731369883783,1.6039896742856774,1.1443361020825726,False,False,False
2025-06-13 13:26:14,buy,0.02,3442.8,B,1277.73,2025-06-13 14:03:35,3430.72,-24.16,sl,-0.3508771929824672,37.35,-1.8908533101672496,13,4,0.44093660788066086,1.6177471559907812,1.9461372215610284,1.774513672530676,0.8969982202652105,1.384659783613773,0.3641545744180741,0.6056525620947495,1.4768381855094326,2.5228306809248036,1.0789027149321213,False,True,False
2025-06-18 19:28:54,sell,0.02,3367.89,B,1301.35,2025-06-19 06:48:01,3353.95,20.5,sl,0.413909005341625,679.1166666666667,1.5752872017520267,19,2,0.28887743657104414,1.4921605847604495,-0.8548626275431515,1.0955401978526151,0.4575455341557677,0.5744903833380111,0.40203611840611275,0.09874557640512371,0.31693067222205995,-0.11699082002207817,1.7743304551441839,False,True,True
2025-06-19 05:52:06,sell,0.02,3364.2,B,1254.25,2025-06-20 06:16:03,3348.62,1.2,sl,0.4631115867070902,1463.95,0.0956747059996013,5,3,0.29628469407409447,1.3849713791346205,-0.44432382625090305,1.1086881807084723,0.3598683336531572,0.3241347025604857,0.007407626892652619,0.3652178020796981,0.3202564998336488,0.011595240854378464,0.3240462923274535,False,True,True
2025-06-20 03:09:52,sell,0.02,3349.22,B,1274.61,2025-06-24 00:10:51,3341.32,1.18,sl,0.2358758158615927,5580.983333333334,0.0925773373816304,3,4,0.2500075637195445,1.355612002578283,-0.23070442330455077,1.1998337687010232,0.18784405980195595,0.5815109786541872,0.4847423414865992,0.5287378830901801,0.7005919612026568,0.6306015119407316,1.0654508266576055,False,True,True
2025-06-23 23:56:44,sell,0.02,3341.91,A,1301.49,2025-06-18 20:40:26,3367.41,0.96,sl,-0.7630367065540364,-7396.3,0.0737616116912154,23,0,0.35823171701432954,1.2252007657901884,-0.2967573590426431,0.20932163187855624,0.049193056074148256,0.9185001586176855,0.4138913771644326,-0.196017775451085,0.04632962457996603,0.07618742653239252,0.8336687581389839,False,False,True
2025-06-23 23:56:44,sell,0.02,3341.91,B,1275.67,2025-06-24 00:10:51,3341.32,1.18,sl,0.0176545747790841,14.116666666666667,0.0925004115484412,23,0,0.35823171701432954,1.2252007657901884,-0.2967573590426431,0.20932163187855624,0.049193056074148256,0.9185001586176855,0.4138913771644326,-0.196017775451085,0.04632962457996603,0.07618742653239252,0.8336687581389839,False,True,True
2025-06-27 03:45:39,sell,0.01,3297.69,A,1277.96,2025-06-27 04:40:49,3297.03,0.66,sl,0.0200140098068603,55.16666666666666,0.051644808914207,3,4,0.2991499117099758,1.278818505828269,0.9986000926898275,1.2164035193443379,0.6100318342582067,0.6348756764574803,0.298300590574907,0.3943407585791703,0.6600583988741304,1.2213698004376994,1.1931014576417944,False,False,True
2025-06-27 03:46:02,sell,0.02,3297.19,B,1277.82,2025-06-27 04:39:38,3296.54,1.3,sl,0.0197137562591203,53.6,0.1017357687311202,3,4,0.2991499117099758,1.278818505828269,0.9986000926898275,1.2164035193443379,0.6100318342582067,0.6499415444322643,0.298300590574907,0.3943407585791703,0.6600583988741304,1.2213698004376994,1.1931014576417944,True,True,True
2025-07-01 10:47:44,buy,0.02,3348.73,B,1253.43,2025-07-01 13:05:03,3352.14,6.82,sl,0.1018296488519484,137.31666666666666,0.544106970473022,10,1,0.22682615872408438,1.2000070726908758,-0.6682860704277593,1.6026976278022347,1.4902417353472863,1.0931254754688258,0.43495618919544565,1.1240165988146256,1.1758946316541952,0.5296893433323069,1.3084235294117543,False,True,False
2025-07-03 05:54:36,buy,0.01,3360.42,A,1286.53,2025-07-03 11:52:34,3343.38,-17.04,sl,-0.50707947220883,357.96666666666664,-1.3244930160975648,5,3,0.20429967248954775,1.1838510206884434,0.3871058655551929,1.0342089078109007,0.33520758006488904,0.3200286592829338,0.1449504926822609,0.23302213859881515,0.41232250765714795,0.5243519179675582,0.650041736227087,False,False,False
2025-07-07 02:12:29,sell,0.02,3313.36,B,1269.14,2025-07-07 02:26:33,3312.7,1.32,sl,0.0199193567858702,14.066666666666666,0.1040074381076949,2,0,0.17862564539491974,1.1156442177891102,0.06502066596536515,0.2780860956952147,0.22956030372593972,0.6038716180339465,0.258454490122062,0.48879276562774354,0.2712200899642303,0.23020272070387593,1.2049525183315049,False,True,True
2025-07-08 15:37:22,sell,0.02,3298.06,B,1270.32,2025-07-08 16:28:38,3297.4,1.32,sl,0.0200117644918483,51.266666666666666,0.1039108256187417,15,1,0.21613944613836159,1.1460771431308934,-0.11312352977523865,1.4782145252467151,-0.19049104692081542,1.2515494661452964,0.2815308540972228,0.5859316433073691,0.36827614098595696,0.4684307436803925,1.9342105263157954,False,True,True
2025-07-09 03:50:10,sell,0.02,3288.86,B,1271.5,2025-07-09 09:46:13,3288.23,1.26,sl,0.019155573663826,356.05,0.099095556429414,3,2,0.2545959886800088,1.2526090613609695,0.9334894555370177,1.6022146301276952,1.1431616894121421,0.3864769416225933,-0.005754646119560114,0.7920125712465809,0.5048052633094158,0.7833821882529679,0.9457048177414986,False,True,True
2025-07-11 11:26:04,buy,0.02,3344.19,B,1269.28,2025-07-11 13:14:49,3344.86,1.34,sl,0.0200347468295782,108.75,0.1055716626749023,11,4,0.21643142039241844,1.1252482987158747,-0.22290395129661578,0.6123376252132623,0.11266451579863279,0.6282892658223238,0.2091466397006414,0.46055501240880314,0.510867188031483,0.47700055184205503,0.9906117205257993,False,True,False
2025-07-11 15:53:07,buy,0.01,3361.54,A,1269.42,2025-07-11 16:36:15,3362.82,1.28,sl,0.038077785776763,43.13333333333333,0.1008334514975343,15,4,0.2680529244171293,1.1252482987158747,-0.22290395129661578,0.6123376252132623,0.11266451579863279,1.150359129903622,0.20417802649830286,0.6712518020182578,0.7602991428689476,0.8184854163257427,1.0239287701724935,False,False,False
2025-07-14 08:10:16,buy,0.01,3372.06,A,1275.17,2025-07-14 13:32:13,3355.05,-17.01,sl,-0.5044394227860645,321.95,-1.3339397884203674,8,0,0.2270299654960257,1.0913101785094212,0.9796845485410266,0.3386349538940009,0.24336329260419287,0.07627267034477914,0.3544757779849528,0.4667016568654203,0.7883048586945218,1.1708562051912175,1.7101232723197453,False,False,False
2025-07-14 08:10:38,buy,0.02,3372.48,B,1275.03,2025-07-14 13:20:16,3360.2,-24.56,sl,-0.3641237309042663,309.6333333333333,-1.926229186764233,8,0,0.2270299654960257,1.0913101785094212,0.9796845485410266,0.3386349538940009,0.24336329260419287,0.08873746472017885,0.3544757779849528,0.4667016568654203,0.7883048586945218,1.1708562051912175,1.7101232723197453,True,True,False
2025-07-16 15:17:09,sell,0.02,3321.91,B,1272.62,2025-07-16 15:54:12,3333.67,-23.52,sl,-0.3540132032475359,37.05,-1.8481557731294496,15,2,0.19986070509671666,1.1100828589894156,0.29624811900169634,1.3863796912810151,0.5637406553858804,0.14548733749154552,0.2407803321749058,0.1209850524918954,0.413680029510366,0.26640521649970994,2.6318616392738168,False,True,True
2025-07-16 16:30:23,buy,0.02,3373.35,B,1233.25,2025-07-16 16:42:12,3361.45,-23.8,sl,-0.3527650555086217,11.816666666666666,-1.929860125684168,16,2,0.24022927805827468,1.1100828589894156,-0.29624811900169634,1.3863796912810151,-0.5637406553858804,1.4007665138648706,-0.03443804595533173,0.3607742214792875,-0.07478044441683318,0.06924474399445657,2.8556159258929483,False,True,False
2025-07-16 16:30:23,buy,0.01,3372.99,A,1233.39,2025-07-16 16:46:45,3355.94,-17.05,sl,-0.5054862303178997,16.366666666666667,-1.3823689181848402,16,2,0.24022927805827468,1.1100828589894156,-0.29624811900169634,1.3863796912810151,-0.5637406553858804,1.3899451416547581,-0.03443804595533173,0.3607742214792875,-0.07478044441683318,0.06924474399445657,2.8556159258929483,False,False,False
2025-07-17 13:30:34,sell,0.02,3318.92,B,1168.53,2025-07-17 13:34:49,3318.31,1.22,sl,0.0183794728405664,4.25,0.1044046793834989,13,3,0.2153426595484576,1.1124649642520212,-0.35524869559064864,1.7249614883987594,-0.6880589163598128,0.9177050805156295,0.13968494286435984,0.6666507299989854,0.4523411514184228,0.3689433672318221,0.8591099580921999,False,True,True
2025-07-21 12:58:42,buy,0.01,3375.31,A,1168.81,2025-07-21 14:00:34,3384.92,9.61,sl,0.2847145891784792,61.86666666666667,0.8222037799129028,12,0,0.1750016869933426,0.9860184440814573,0.22803628592353853,0.1481534583079452,-0.02269578097375824,0.8205290575415747,0.04041929070088823,0.5439263056023602,0.4633218092729763,0.7481155282285545,0.879350066690902,False,False,False
2025-07-21 12:59:42,buy,0.02,3375.8,B,1168.67,2025-07-21 14:00:34,3384.92,18.24,sl,0.27015818472658,60.86666666666667,1.5607485432157922,12,0,0.1750016869933426,0.9860184440814573,0.22803628592353853,0.1481534583079452,-0.02269578097375824,0.8351653603517528,0.04041929070088823,0.5439263056023602,0.4633218092729763,0.7481155282285545,0.879350066690902,True,True,False
2025-07-22 13:28:30,buy,0.01,3400.56,A,1197.39,2025-07-22 13:50:13,3401.2,0.64,sl,0.0188204295763013,21.716666666666665,0.0534495861832819,13,1,0.1678429786705244,1.0483270094440194,1.5999309873385048,1.646158326542967,1.5409935958707655,0.03000405937274575,0.06461778139716934,-0.1542723731742801,0.4687547247508528,1.179428311624875,0.8520517003388013,False,False,False
2025-07-22 13:30:00,buy,0.02,3401.06,B,1197.25,2025-07-22 14:55:14,3415.67,29.22,sl,0.4295719569781223,85.23333333333333,2.440593025683859,13,1,0.1678429786705244,1.0483270094440194,1.5999309873385048,1.646158326542967,1.5409935958707655,0.044711931614282996,0.06461778139716934,-0.1542723731742801,0.4687547247508528,1.179428311624875,0.8520517003388013,True,True,False
2025-07-23 01:04:31,buy,0.01,3431.39,A,1227.04,2025-07-23 01:31:29,3432.08,0.69,sl,0.0201084691626441,26.966666666666665,0.0562328856434998,1,2,0.2270494573945161,1.1249648897768196,2.214401422383472,1.4655861469436882,0.8365837730987202,0.09918348653292774,-0.11889532257641777,1.191263477367488,0.9992196976710499,2.02357045129149,0.8815052776502651,False,False,False
2025-07-23 01:09:38,buy,0.02,3431.91,B,1226.9,2025-07-23 01:29:59,3432.56,1.3,sl,0.0189398906148497,20.35,0.1059581057950933,1,2,0.2270494573945161,1.1249648897768196,2.214401422383472,1.4655861469436882,0.8365837730987202,0.11435272564972454,-0.11889532257641777,1.191263477367488,0.9992196976710499,2.02357045129149,0.8815052776502651,True,True,False
2025-07-25 08:40:06,sell,0.02,3353.08,B,1169.61,2025-07-25 10:17:52,3346.65,12.86,sl,0.1917639901225093,97.76666666666668,1.0995118030796591,8,4,0.16229272223557084,1.1382425143745982,-0.32103656985775775,1.2434731758287199,0.5355882761084452,0.46308940000237,-0.009228552546192148,0.3148311899491496,0.566046351711702,0.3132195650306757,0.9097340495218154,False,True,True
2025-07-28 13:49:07,sell,0.01,3326.03,A,1241.54,2025-07-28 15:15:20,3309.1,16.93,sl,0.5090152524180567,86.21666666666667,1.3636290413518697,13,0,0.21377749500557913,1.1557385348575013,0.7071904609082358,0.3459750369400425,-0.024031818127201454,0.11022013995253266,-0.013488682994955425,-0.08759141604122167,0.4281420909504563,0.7609534644153371,0.5453635089124589,False,False,True
2025-07-28 14:32:47,sell,0.02,3325.55,B,1241.4,2025-07-28 15:15:20,3309.1,32.9,sl,0.4946550194704717,42.55,2.650233607217657,14,0,0.2153954180885795,1.1557385348575013,0.7071904609082358,0.3459750369400425,-0.024031818127201454,0.12463585307984637,0.2822175951585626,0.15299097353257407,0.6452004777907194,0.9934723670464218,1.7867888811397772,False,True,True
2025-07-30 14:31:37,sell,0.01,3303.96,A,1291.16,2025-07-30 15:00:00,3303.33,0.63,sl,0.0190680274579628,28.383333333333333,0.0487933331268007,14,2,0.21396901857962514,1.177955405973917,0.5934641747310287,0.7861049341907521,-0.3936948487819558,0.7202675537045455,0.5418337696020847,0.5110727422866113,0.4438184511104448,1.012104391955282,2.9974811083123427,False,False,True
2025-07-30 14:31:38,sell,0.02,3303.45,B,1291.02,2025-07-30 16:44:38,3293.49,19.92,sl,0.3015029741633758,133.0,1.542966026862481,14,2,0.21396901857962514,1.177955405973917,0.5934641747310287,0.7861049341907521,-0.3936948487819558,0.7355923952727328,0.5418337696020847,0.5110727422866113,0.4438184511104448,1.012104391955282,2.9974811083123427,True,True,True
2025-08-01 13:37:11,buy,0.02,3332.67,B,1228.75,2025-08-01 13:50:00,3343.23,21.12,,0.3168630557480922,12.816666666666666,1.7188199389623602,13,4,0.22356868428205942,1.2391464669302985,-1.250509199593186,1.121392651312144,0.48672633842119506,1.1426334286286588,0.1824335604899474,0.35698864569333466,0.012470268741182622,-0.8301584227690895,0.6058083252661921,False,True,False
2025-08-04 12:06:36,buy,0.02,3362.76,B,1332.27,2025-08-04 13:11:57,3368.33,11.14,sl,0.1656377499434901,65.35,0.8361668430573383,12,0,0.20710222800815162,1.1952604643765081,0.539818078277654,0.19855799858299303,-0.1492164649371075,0.10448760884127495,0.05870205874378698,-0.039294836301273506,0.7669531066949009,0.7404597695215509,0.8426458504519482,False,True,False
2025-08-04 14:01:44,buy,0.01,3370.54,A,1343.34,2025-08-04 15:06:27,3380.2,9.66,sl,0.2866009600835431,64.71666666666667,0.7191031310018313,14,0,0.22852510849375435,1.1952604643765081,0.539818078277654,0.19855799858299303,-0.1492164649371075,0.3360869241646247,0.29093832822131294,0.46745420917606584,0.9805728889540344,1.018046963667163,1.361670533642688,False,False,False
2025-08-05 15:40:06,buy,0.01,3383.81,A,1352.93,2025-08-05 17:16:46,3384.47,0.66,sl,0.0195046412180309,96.66666666666669,0.0487830116857487,15,1,0.22736030828516113,1.2128301826092214,0.9096977959545782,1.1959191776722282,0.46319863064672173,0.26579037821050644,0.6050918373737391,-0.16602004669868942,0.4999599014340106,0.9465475130987722,1.7953063885267462,False,False,False
2025-08-05 15:40:06,buy,0.02,3383.81,B,1352.79,2025-08-05 17:16:46,3384.47,1.32,sl,0.0195046412180309,96.66666666666669,0.097576120462156,15,1,0.22736030828516113,1.2128301826092214,0.9096977959545782,1.1959191776722282,0.46319863064672173,0.26579037821050644,0.6050918373737391,-0.16602004669868942,0.4999599014340106,0.9465475130987722,1.7953063885267462,False,True,False
2025-08-07 20:31:22,buy,0.01,3395.29,A,1354.7,2025-08-07 21:49:27,3395.97,0.68,sl,0.0200277443163864,78.08333333333333,0.0501956152653724,20,3,0.32541125438913016,1.2275140748197033,0.655701807345932,0.8060426508660906,-0.2251719118012474,0.6909866280742305,-0.058992873660856926,0.011216520163159771,0.3418674513066655,0.9489157338928189,0.5795542886758537,False,False,False
2025-08-07 20:32:03,buy,0.02,3395.84,B,1354.56,2025-08-07 21:48:52,3396.49,1.3,sl,0.0191410667169135,76.81666666666666,0.0959721237892747,20,3,0.32541125438913016,1.2275140748197033,0.655701807345932,0.8060426508660906,-0.2251719118012474,0.7072974712261981,-0.058992873660856926,0.011216520163159771,0.3418674513066655,0.9489157338928189,0.5795542886758537,True,True,False
2025-08-11 08:10:06,sell,0.02,3359.68,B,1332.41,2025-08-12 08:36:17,3354.74,-23.62,sl,0.1470378131250611,1466.1833333333334,-1.772727613872607,8,0,0.3243405909395177,1.0829077087040295,-0.9705876828150606,0.33104683252387224,0.1576169261758853,1.0490972815362487,0.3732602402363283,0.45870745643609157,0.5735582268997619,0.009625753422259908,1.2421644964993668,False,True,True
2025-08-12 07:22:41,sell,0.02,3343.44,A,1332.55,2025-08-11 10:22:05,3359.01,1.34,sl,-0.4656880338812769,-1260.6,0.1005590784585944,7,1,0.22725046736136048,1.1137880701993959,0.41595028850299753,1.6607911089866065,1.4166642122934725,0.11173584928207969,-0.05040247419481059,-0.3145763684969216,0.3368574640827182,0.2599521154005302,0.6886536119179119,False,False,True
2025-08-12 07:22:44,sell,0.02,3342.93,B,1357.53,2025-08-12 12:39:02,3342.83,1.22,sl,0.0029913877945368,316.3,0.0898691004986998,7,1,0.22725046736136048,1.1137880701993959,0.41595028850299753,1.6607911089866065,1.4166642122934725,0.12697255600236934,-0.05040247419481059,-0.3145763684969216,0.3368574640827182,0.2599521154005302,0.6886536119179119,True,True,True
2025-08-14 17:13:21,sell,0.02,3333.28,A,1334.99,2025-08-15 04:48:58,3344.5,-25.36,sl,-0.336605385686165,695.6166666666667,-1.899639697675638,17,3,0.2902627326590454,1.111022234059885,0.06955890961003464,0.834229313287202,-0.20891842929156024,0.7234398687145704,0.2611511542880973,0.5540974044911051,0.40918916027733454,0.5227193788030826,0.7639175257731825,False,False,True
2025-08-14 17:16:06,sell,0.02,3331.82,B,1334.85,2025-08-18 01:03:11,3328.84,8.88,sl,0.0894406060351405,4787.083333333333,0.6652432857624453,17,3,0.2902627326590454,1.111022234059885,0.06955890961003464,0.834229313287202,-0.20891842929156024,0.7669236977933425,0.2611511542880973,0.5540974044911051,0.40918916027733454,0.5227193788030826,0.7639175257731825,True,True,True
2025-08-18 00:12:10,sell,0.02,3331.41,B,1309.35,2025-08-18 01:06:07,3330.81,1.2,sl,0.018010391996179,53.95,0.0916485278955206,0,0,0.19497987864205765,0.979997746442181,0.5653588052123237,0.06927762332766353,0.00539796496721312,0.09057020240340607,0.04856071438207321,0.2488983555357538,0.2948555889735971,0.5924004793608773,0.3553065260382215,False,True,True
2025-08-19 15:44:37,sell,0.01,3325.73,A,1319.36,2025-08-19 18:07:09,3318.87,6.86,sl,0.2062705030173864,142.53333333333333,0.5199490662139219,15,1,0.19192048604430728,0.8792009624233293,0.5109803840374516,1.0472523122323412,-0.0002999013324789246,0.26151239334821774,0.2898021928066874,-0.02790245541606229,0.1736388674629441,0.4655539088529448,2.130162982808621,False,False,True
2025-08-19 15:47:03,sell,0.02,3324.23,B,1319.22,2025-08-19 18:07:09,3318.87,10.72,sl,0.1612403473887224,140.1,0.8126013856672883,15,1,0.19192048604430728,0.8792009624233293,0.5109803840374516,1.0472523122323412,-0.0002999013324789246,0.30649732339665947,0.2898021928066874,-0.02790245541606229,0.1736388674629441,0.4655539088529448,2.130162982808621,True,True,True
2025-08-22 15:02:16,buy,0.02,3350.55,B,1356.33,2025-08-22 15:04:11,3351.15,1.2,sl,0.0179075077226099,1.9166666666666667,0.0884740439273628,15,4,0.16510397093690368,0.894972316099186,-0.254972186471758,0.737353135847279,-0.3200296146807724,0.3462124774258113,0.08495947163014161,-0.011696888627621416,-0.023854035281112296,-0.2338510826953244,2.3236439138333442,False,True,False
2025-08-22 15:19:32,buy,0.01,3367.22,A,1356.47,2025-08-22 16:42:27,3375.54,8.32,sl,0.2470881023514995,82.91666666666667,0.6133567273879997,15,4,0.16510397093690368,0.894972316099186,-0.254972186471758,0.737353135847279,-0.3200296146807724,0.8454652454784162,0.08495947163014161,-0.011696888627621416,-0.023854035281112296,-0.2338510826953244,2.3236439138333442,False,False,False
2025-08-26 01:22:45,buy,0.01,3376.67,A,1346.25,2025-08-26 02:01:26,3381.91,5.24,sl,0.1551824726727747,38.68333333333333,0.3892293407613742,1,1,0.16046699579042906,0.8437881506173075,0.3442698603979055,0.4886676079363916,-0.09146712677402524,0.36887755405348166,-0.31288349027029927,-0.3294682459752285,-0.10841186949852588,0.1802273330278048,2.323736234576135,False,False,False
2025-08-26 01:22:45,buy,0.02,3377.28,B,1346.11,2025-08-26 02:01:26,3381.91,9.26,sl,0.1370925715368478,38.68333333333333,0.6879081204359228,1,1,0.16046699579042906,0.8437881506173075,0.3442698603979055,0.4886676079363916,-0.09146712677402524,0.38700932745983074,-0.31288349027029927,-0.3294682459752285,-0.10841186949852588,0.1802273330278048,2.323736234576135,False,True,False
2025-08-27 17:30:18,buy,0.02,3391.42,A,1360.47,2025-08-27 19:09:00,3392.83,2.82,sl,0.041575505245586,98.7,0.2072813071953074,17,2,0.1865168965713532,0.9025514085699607,1.0370820286993876,1.2479431938145473,0.8001759673746944,0.005307793019682094,0.20288714919896034,0.21770703613759324,0.33995304547236316,0.8582531165825413,0.8276251836780835,False,False,False
2025-08-27 17:33:08,buy,0.02,3391.93,B,1360.33,2025-08-27 19:09:50,3392.61,1.36,sl,0.0200475835291498,96.7,0.0999757411804488,17,2,0.1865168965713532,0.9025514085699607,1.0370820286993876,1.2479431938145473,0.8001759673746944,0.020346539908699945,0.20288714919896034,0.21770703613759324,0.33995304547236316,0.8582531165825413,0.8276251836780835,True,True,False
2025-08-28 08:15:32,buy,0.02,3397.18,A,1364.37,2025-08-28 12:59:47,3404.09,13.82,sl,0.2034039997880686,284.25,1.012921714784113,8,3,0.146943367584357,0.8371587421248173,1.0627396303011682,0.7388451752732798,0.13564359939137738,0.040049237003136895,0.15456588813442806,0.004123419846613352,0.34821898247630045,0.9431572729815318,1.3549033643521287,False,False,False
2025-08-28 08:16:01,buy,0.02,3397.66,B,1364.23,2025-08-28 12:59:47,3404.09,12.86,sl,0.1892478941389159,283.76666666666665,0.942656296958724,8,3,0.146943367584357,0.8371587421248173,1.0627396303011682,0.7388451752732798,0.13564359939137738,0.05418426182777214,0.15456588813442806,0.004123419846613352,0.34821898247630045,0.9431572729815318,1.3549033643521287,True,True,False
2025-08-29 14:34:49,buy,0.02,3421.06,A,1390.77,2025-08-29 15:45:04,3435.92,29.72,sl,0.4343682952067525,70.25,2.1369457207158624,14,4,0.14446655463365288,0.8538750281168751,1.5250669005232753,1.1308628389808149,0.6195852548132708,0.123798959854593,0.26353399676599665,0.08759286601514038,0.4207190320439702,1.2190463775510363,2.054413892908832,False,False,False
2025-08-29 14:35:23,buy,0.02,3421.58,B,1390.63,2025-08-29 15:45:04,3435.92,28.68,sl,0.4191046241794769,69.68333333333334,2.062374607192423,14,4,0.14446655463365288,0.8538750281168751,1.5250669005232753,1.1308628389808149,0.6195852548132708,0.13901774451758886,0.26353399676599665,0.08759286601514038,0.4207190320439702,1.2190463775510363,2.054413892908832,True,True,False
2025-09-02 02:13:48,buy,0.02,3487.63,A,1448.89,2025-09-02 02:49:33,3495.12,14.98,sl,0.2147590197354588,35.75,1.0338949126572756,2,1,0.17483141989144654,0.8876469340541706,2.5244454377389314,1.5207232715260726,0.7222351031764385,0.3524794410970866,0.08313245387443491,0.2818858103064148,0.8375361275174242,2.327648189018472,1.119539689995296,False,False,False
2025-09-02 02:14:02,buy,0.02,3488.23,B,1448.75,2025-09-02 02:49:33,3495.12,13.78,sl,0.1975213790375025,35.516666666666666,0.9511647972389992,2,1,0.17483141989144654,0.8876469340541706,2.5244454377389314,1.5207232715260726,0.7222351031764385,0.36974374025287027,0.08313245387443491,0.2818858103064148,0.8375361275174242,2.327648189018472,1.119539689995296,True,True,False
2025-09-03 12:12:21,buy,0.02,3544.64,A,1477.37,2025-09-03 14:36:29,3554.01,18.74,sl,0.264342782341799,144.13333333333333,1.2684703222618572,12,2,0.24830157766133507,1.0095721648295293,3.713704573701815,1.9810564312084409,1.5552256156161182,0.4292404851692577,0.17431216025400875,0.30089844535803323,1.071711054410529,3.124434694768463,1.0693970420932868,False,False,False
2025-09-03 12:12:23,buy,0.02,3545.24,B,1477.23,2025-09-03 14:36:29,3554.01,17.54,sl,0.2473739436540385,144.1,1.1873574189530405,12,2,0.24830157766133507,1.0095721648295293,3.713704573701815,1.9810564312084409,1.5552256156161182,0.44624010834426464,0.17431216025400875,0.30089844535803323,1.071711054410529,3.124434694768463,1.0693970420932868,True,True,False
2025-09-05 13:31:47,buy,0.02,3576.21,A,1513.37,2025-09-05 13:34:16,3576.21,0.0,sl,0.0,2.4833333333333334,0.0,13,4,0.20624690931166584,1.085182718247861,3.240262519772208,1.4747204893519021,-0.5834145191041529,0.9932110340465039,0.20417026220651557,0.018014670697463764,0.29622599554217643,2.1993807067332005,1.007017543859603,False,False,False
2025-09-05 13:31:49,buy,0.03,3576.78,B,1513.16,2025-09-05 13:34:15,3577.49,2.13,sl,0.0198502563758347,2.433333333333333,0.1407650215443178,13,4,0.20624690931166584,1.085182718247861,3.240262519772208,1.4747204893519021,-0.5834145191041529,1.0093079999096366,0.20417026220651557,0.018014670697463764,0.29622599554217643,2.1993807067332005,1.007017543859603,True,True,False
2025-09-08 07:45:20,buy,0.02,3597.9,A,1514.94,2025-09-08 08:49:52,3608.79,21.78,sl,0.3026765613274375,64.53333333333333,1.4376807002257517,7,0,0.22966279924086316,1.07770902671535,3.853889994697246,0.27615312022404237,-0.007237360367651213,0.1564466021579669,0.014760106495548264,-0.10903396463628479,0.7007116540459712,2.76625115069542,1.2682081926041362,False,False,False
2025-09-08 07:45:33,buy,0.03,3598.42,B,1514.73,2025-09-08 08:49:52,3608.79,31.11,sl,0.2881820354488884,64.31666666666666,2.0538313758887723,7,0,0.22966279924086316,1.07770902671535,3.853889994697246,0.27615312022404237,-0.007237360367651213,0.17092208847862,0.014760106495548264,-0.10903396463628479,0.7007116540459712,2.76625115069542,1.2682081926041362,True,True,False
2025-09-09 02:20:49,buy,0.02,3644.14,A,1567.48,2025-09-09 03:35:40,3651.38,14.48,sl,0.1986751332275992,74.85,0.9237757419552404,2,1,0.2366903167217571,1.0851917437103877,4.441661392051399,1.8401933043303356,1.0363891456122598,0.4033613445378226,0.08527095533727991,0.5132610863566089,1.1086091215678495,3.469071457893147,0.8650576428631008,False,False,False
2025-09-09 02:20:50,buy,0.03,3644.67,B,1567.27,2025-09-09 03:35:40,3651.38,20.13,sl,0.1841044593886424,74.83333333333333,1.2843989867731789,2,1,0.2366903167217571,1.0851917437103877,4.441661392051399,1.8401933043303356,1.0363891456122598,0.41796390687423024,0.08527095533727991,0.5132610863566089,1.1086091215678495,3.469071457893147,0.8650576428631008,True,True,False
2025-09-15 14:35:35,buy,0.03,3655.79,B,1601.53,2025-09-15 14:59:32,3656.5,2.13,sl,0.0194212468440483,23.95,0.1329978208338276,14,0,0.21780272641817242,1.1359624900765306,2.889523379526193,0.17544534012783275,-0.06996441417835841,0.3734017170987869,0.25046000054924633,0.4662197122317968,0.23840070432330496,1.4709313439066785,1.7683945737130549,False,True,False
2025-09-15 16:49:36,buy,0.02,3672.25,A,1601.74,2025-09-15 17:38:01,3681.23,17.96,sl,0.2445367281639326,48.41666666666666,1.1212806073395185,16,0,0.23950227823520062,1.1359624900765306,2.889523379526193,0.17544534012783275,-0.06996441417835841,0.8253276188227465,0.5737581156575633,0.6190589973661176,0.5592057859967081,1.8006602058062704,1.1419732985998055,False,False,False
2025-09-16 01:29:45,buy,0.02,3683.34,A,1621.48,2025-09-16 02:02:17,3684.05,1.42,sl,0.0192759832108911,32.53333333333333,0.0875743148234945,1,1,0.24097672792260716,1.1426847324785023,3.5408935033320876,1.6050862614945156,1.0087337563388976,0.11932752551679915,-0.11165110523728705,1.0175935999296781,0.6552847775089132,1.998807273043246,0.48754534461912474,False,False,False
2025-09-16 01:30:00,buy,0.03,3683.9,B,1621.27,2025-09-16 02:01:47,3684.62,2.16,sl,0.0195445044653709,31.78333333333333,0.1332288884639819,1,1,0.24097672792260716,1.1426847324785023,3.5408935033320876,1.6050862614945156,1.0087337563388976,0.13454925997906653,-0.11165110523728705,1.0175935999296781,0.6552847775089132,1.998807273043246,0.48754534461912474,True,True,False
2025-09-17 19:08:27,buy,0.02,3700.85,A,1624.71,2025-09-17 19:10:19,3701.47,1.24,sl,0.0167529081157002,1.8666666666666667,0.0763213127265789,19,2,0.22132654887899325,1.173650697345427,3.5223514312723747,0.7657179384392026,0.3536335095611687,0.24025048889755318,0.0667679947888411,0.20738034860554588,0.2849994675523604,1.5285048169119575,1.1188725490196143,False,False,False
2025-09-17 19:08:51,buy,0.03,3701.39,B,1624.5,2025-09-17 19:10:17,3701.99,1.8,sl,0.0162101264660008,1.4333333333333331,0.110803324099723,19,2,0.22132654887899325,1.173650697345427,3.5223514312723747,0.7657179384392026,0.3536335095611687,0.25487678698150606,0.0667679947888411,0.20738034860554588,0.2849994675523604,1.5285048169119575,1.1188725490196143,True,True,False
2025-09-18 14:45:05,sell,0.03,3628.39,B,1515.08,2025-09-18 14:52:20,3641.15,-38.28,sl,-0.3516711268634358,7.25,-2.526599255484859,14,3,0.30888895128282023,1.1996020501204683,-2.447390365048774,1.6764672159342273,0.7833195196073617,0.9456652006672117,0.22958829344814635,0.05265613362107624,0.13575401730603343,-0.7483931861646864,0.8360055548541855,False,True,True
2025-09-22 07:25:52,buy,0.02,3705.22,A,1627.4,2025-09-22 08:01:58,3713.25,16.06,sl,0.2167212743103027,36.1,0.9868501904878946,7,0,0.20214412259636302,1.0599353202037214,2.4361220791369487,0.225565948217437,0.016540623500160834,0.4535731423970235,0.2897080404831831,0.785094115883167,0.7464518280166033,1.4269263020159517,1.1199464780655486,False,False,False
2025-09-22 07:27:53,buy,0.03,3705.88,B,1627.19,2025-09-22 08:01:58,3713.25,22.11,sl,0.1988731421416746,34.083333333333336,1.3587841616529106,7,0,0.20214412259636302,1.0599353202037214,2.4361220791369487,0.225565948217437,0.016540623500160834,0.47146664353163725,0.2897080404831831,0.785094115883167,0.7464518280166033,1.4269263020159517,1.1199464780655486,True,True,False
2025-09-23 09:17:19,buy,0.02,3756.9,A,1626.94,2025-09-23 10:36:58,3782.96,52.12,sl,0.6936570044451528,79.65,3.203560057531316,9,1,0.2342834458601799,1.0529596657663773,3.487054236221887,1.691412192819914,1.398404225035188,0.4489172778340711,0.22965239706365104,0.15075752320066194,1.0409698801791434,2.389988286713951,0.9586548615059541,False,False,False
2025-09-23 09:18:05,buy,0.03,3757.5,B,1626.73,2025-09-23 10:36:58,3782.96,76.38,sl,0.6775781769793755,78.88333333333334,4.695308994117032,9,1,0.2342834458601799,1.0529596657663773,3.487054236221887,1.691412192819914,1.398404225035188,0.4649595867501244,0.22965239706365104,0.15075752320066194,1.0409698801791434,2.389988286713951,0.9586548615059541,True,True,False
2025-09-29 03:18:59,buy,0.02,3788.73,A,1754.88,2025-09-29 03:47:19,3789.24,1.02,sl,0.0134609750496805,28.33333333333333,0.0581236323851203,3,0,0.32661540322702676,1.0709180331222863,2.716935504149487,0.19917624312762974,0.14714514513984867,0.48402325433367643,0.21933256067450113,0.7086490361680298,0.583148836398717,1.6340189024092178,1.6877134093408452,False,False,False
2025-09-29 03:19:28,buy,0.03,3789.53,B,1755.02,2025-09-29 03:47:13,3790.16,1.89,sl,0.0166247529376902,27.75,0.1076910804435277,3,0,0.32661540322702676,1.0709180331222863,2.716935504149487,0.19917624312762974,0.14714514513984867,0.5052407120578861,0.21933256067450113,0.7086490361680298,0.583148836398717,1.6340189024092178,1.6877134093408452,True,True,False
2025-10-02 14:24:11,buy,0.02,3892.81,A,1757.65,2025-10-02 15:00:25,3873.14,-39.34,sl,-0.5052905227843145,36.23333333333333,-2.2382157995050207,14,3,0.23513225660768394,1.2284053478724852,3.8827132363856265,1.0835933353184202,0.05440344036993228,0.7930754133675721,0.13611194176059715,0.7336332870868656,0.6327424581550334,2.4144029252687105,1.2996011574255355,False,False,False
2025-10-02 14:24:22,buy,0.03,3893.59,B,1757.44,2025-10-02 14:49:41,3879.73,-41.58,sl,-0.3559696835054571,25.316666666666663,-2.3659413692643843,14,3,0.23513225660768394,1.2284053478724852,3.8827132363856265,1.0835933353184202,0.05440344036993228,0.8132712613083903,0.13611194176059715,0.7336332870868656,0.6327424581550334,2.4144029252687105,1.2996011574255355,True,True,False
2025-10-05 23:44:10,buy,0.02,3894.38,A,1676.38,2025-10-06 00:53:24,3908.07,27.38,sl,0.3515322079509461,69.23333333333333,1.633281236951049,23,6,0.2731992391733802,1.2967315697102806,3.760176734642484,1.3821316009519586,0.7668834923013401,0.14863961322841845,0.1228754398528542,0.5656047132001296,0.5508618024726353,1.9646498001215207,0.39364993945915594,False,False,False
2025-10-05 23:47:41,buy,0.03,3894.97,B,1676.03,2025-10-06 00:53:24,3908.07,39.3,sl,0.3363312169285094,65.71666666666667,2.3448267632440944,23,6,0.2731992391733802,1.2967315697102806,3.760176734642484,1.3821316009519586,0.7668834923013401,0.1638121689039762,0.1228754398528542,0.5656047132001296,0.5508618024726353,1.9646498001215207,0.39364993945915594,True,True,False
2025-10-06 15:00:41,buy,0.02,3947.19,A,1742.36,2025-10-06 16:00:30,3953.74,13.1,sl,0.1659408338590168,59.81666666666667,0.7518538074795106,15,0,0.34057064052196845,1.244847316502944,3.7286600041350315,0.4952728615081767,0.31579488762023544,1.186389842370117,0.05884859676534848,0.680966625488777,1.2287382685188142,3.0111007559924907,1.4931943853679177,False,False,False
2025-10-06 15:01:16,buy,0.03,3947.66,B,1742.15,2025-10-06 16:00:30,3953.74,18.24,sl,0.1540152900705716,59.23333333333333,1.046982177194845,15,0,0.34057064052196845,1.244847316502944,3.7286600041350315,0.4952728615081767,0.31579488762023544,1.1984383131115495,0.05884859676534848,0.680966625488777,1.2287382685188142,3.0111007559924907,1.4931943853679177,True,True,False
2025-10-07 13:49:22,buy,0.02,3974.97,A,1773.35,2025-10-07 14:22:02,3980.83,11.72,sl,0.1474224962704153,32.666666666666664,0.6608960442101108,13,1,0.3053898857088139,1.270036706929912,4.853730021572367,1.965464344105123,1.602959309494456,0.29217412366686624,0.3963152300450412,-0.06247575285801554,0.8617795382508175,2.927089522950155,1.0581923235657968,False,False,False
2025-10-07 13:52:08,buy,0.03,3975.52,B,1773.14,2025-10-07 14:22:02,3980.83,15.93,sl,0.1335674326880495,29.9,0.8984062172191705,13,1,0.3053898857088139,1.270036706929912,4.853730021572367,1.965464344105123,1.602959309494456,0.3060511329947335,0.3963152300450412,-0.06247575285801554,0.8617795382508175,2.927089522950155,1.0581923235657968,True,True,False
2025-10-09 14:08:38,buy,0.02,4056.76,A,1800.65,2025-10-09 14:43:00,4035.98,-41.56,sl,-0.51223143592424,34.36666666666667,-2.308055424430067,14,3,0.36064837769900465,1.346249694930357,5.242449351738743,1.858340399817971,0.7973390282540294,0.8805500640332253,0.4039628482972013,0.7635921642319632,0.9638103271151,3.4719050316493805,1.1142270861833066,False,False,False
2025-10-09 14:08:43,buy,0.03,4057.31,B,1800.44,2025-10-09 14:39:48,4043.0,-42.93,sl,-0.3526967374935597,31.08333333333333,-2.3844171424762832,14,3,0.36064837769900465,1.346249694930357,5.242449351738743,1.858340399817971,0.7973390282540294,0.8942270630509563,0.4039628482972013,0.7635921642319632,0.9638103271151,3.4719050316493805,1.1142270861833066,True,True,False
2025-10-15 02:06:21,buy,0.02,4177.2,A,1715.81,2025-10-15 02:15:02,4178.76,1.68,sl,0.0373455903476108,8.683333333333334,0.0979129390783361,2,2,0.4305355216686857,1.6341479166838437,6.095187672150781,2.1445335795771494,1.0578500346298148,0.4499229287553863,0.4561152016680836,0.7759276026863438,1.346151537880802,3.940544658933498,0.8782781984854414,False,False,False
2025-10-15 02:06:24,buy,0.02,4177.92,B,1715.67,2025-10-15 02:17:55,4177.86,1.32,sl,-0.0014361213235389,11.516666666666667,0.0769378726678207,2,2,0.4305355216686857,1.6341479166838437,6.095187672150781,2.1445335795771494,1.0578500346298148,0.46723690570376064,0.4561152016680836,0.7759276026863438,1.346151537880802,3.940544658933498,0.8782781984854414,True,True,False
2025-10-16 00:00:21,buy,0.02,4215.54,A,1718.53,2025-10-16 01:47:46,4218.81,6.54,sl,0.0775701333637075,107.41666666666669,0.3805578023077863,0,3,0.40074524137276674,1.602913154629109,6.7343419860326215,1.5248967579626906,1.3204312142147678,0.0515027163529469,0.29922658141365854,0.49659159753658866,1.310830442207389,4.262293169544451,0.9446254071661043,False,False,False
2025-10-16 01:15:11,buy,0.02,4216.15,B,1718.39,2025-10-16 01:47:46,4218.81,5.32,sl,0.0630907344378346,32.583333333333336,0.3095921182036674,1,3,0.39871639722456426,1.602913154629109,6.7343419860326215,1.5248967579626906,1.3204312142147678,0.06598043846137713,-0.022087585589403158,0.16179766725834543,1.1706161958946915,4.1245849354091035,0.573155162141449,False,True,False
2025-10-21 14:47:59,sell,0.03,4188.49,B,1675.82,2025-10-21 15:06:31,4184.67,11.46,sl,0.0912023187353845,18.53333333333333,0.6838443269563558,14,1,0.6646845419714631,2.0414237957856614,-7.421156512722571,3.725328570774391,-2.616757870597719,4.098024714537263,1.25857828483541,3.6034406987603296,1.9373246047225345,-0.6867957123688928,1.8504720591987465,False,True,True
2025-10-22 01:00:33,sell,0.03,4083.61,B,1741.5,2025-10-22 01:02:26,4088.35,-14.22,sl,-0.1160737680630565,1.8833333333333333,-0.8165374677002584,1,2,0.872867738724613,2.632591933005455,-1.277207428331839,7.0518899385178875,5.594085362921797,0.9608971607210748,0.3808814546021111,3.7760909477722704,3.4135895803654948,2.008141051871859,1.0560175929628177,False,True,True
2025-10-22 01:02:19,sell,0.02,4071.43,A,1676.24,2025-10-22 01:02:21,4076.84,-10.82,sl,-0.1328771463589036,0.0333333333333333,-0.6454922922731828,1,2,0.872867738724613,2.632591933005455,-1.277207428331839,7.0518899385178875,5.594085362921797,1.2562966412254406,0.3808814546021111,3.7760909477722704,3.4135895803654948,2.008141051871859,1.0560175929628177,True,False,True
2025-10-27 14:03:09,sell,0.02,4006.99,A,1716.32,2025-10-27 14:09:46,4006.28,1.42,sl,0.0177190359846064,6.616666666666666,0.0827351542835834,14,0,0.5493098419360102,2.812052865195022,0.37387955807511863,1.1669131051993271,0.4721035297574505,1.417602180775035,0.37920725620886886,1.4679150804266627,1.5731924479491677,2.5667030757595355,1.6787688726520338,False,False,True
2025-10-27 14:07:25,sell,0.03,4006.32,B,1716.11,2025-10-27 14:09:36,4005.57,2.25,sl,0.0187204217336608,2.183333333333333,0.1311104766011503,14,0,0.5493098419360102,2.812052865195022,0.37387955807511863,1.1669131051993271,0.4721035297574505,1.4340859270631112,0.37920725620886886,1.4679150804266627,1.5731924479491677,2.5667030757595355,1.6787688726520338,True,True,True
2025-10-28 00:21:04,sell,0.02,3973.57,A,1719.64,2025-10-28 00:33:08,3993.89,-40.64,sl,-0.5113789363217386,12.066666666666666,-2.36328533879184,0,1,0.5569393593821887,2.9485560804959454,1.8037867328984936,3.160574595362426,1.6230339442160568,0.624229404306087,-0.2112670761689195,0.9592878532311833,1.4714240170606963,2.862220747736033,0.9663224068253269,False,False,True
2025-10-28 00:21:05,sell,0.03,3972.98,B,1719.43,2025-10-28 00:30:42,3987.31,-42.99,sl,-0.3606864368811302,9.616666666666667,-2.50024717493588,0,1,0.5569393593821887,2.9485560804959454,1.8037867328984936,3.160574595362426,1.6230339442160568,0.638984826923894,-0.2112670761689195,0.9592878532311833,1.4714240170606963,2.862220747736033,0.9663224068253269,True,True,True
2025-11-04 21:38:40,sell,0.03,3930.67,B,1635.59,2025-11-05 01:05:22,3944.44,-41.31,sl,-0.3503219552900646,206.7,-2.5256940920401814,21,1,0.4522634389648388,2.7457173663728662,0.9462339186846802,1.6981504969616943,-0.42508611008524877,1.6762222088811507,0.41263387845503763,1.436625568982297,1.175757182861592,2.05819004367912,0.6068406912867347,False,True,True
2025-11-07 16:34:58,buy,0.02,4017.78,B,1594.07,2025-11-07 16:43:01,4018.56,1.56,sl,0.0194137060764836,8.05,0.0978627036453857,16,4,0.30255347617031225,2.234020685748094,-0.7137596517530542,1.3799690164994594,0.3887995530692523,0.7151720248167015,-0.1223748223187604,0.014534701600088518,-0.031050850644176453,-0.3543652286311816,1.2521739130435054,False,True,False
2025-11-10 01:10:55,buy,0.02,4025.54,B,1595.35,2025-11-10 01:51:12,4048.58,46.08,sl,0.5723455735131179,40.28333333333333,2.888394396213997,1,0,0.361793189461733,1.8806147552804404,-0.09968150039501023,0.19890775216792048,0.1365301863998969,0.34023864064069986,0.40582388492083066,0.43692667426105114,0.5955431276477796,0.3747352326262998,0.8669220192496675,False,True,False
2025-11-10 01:22:13,buy,0.01,4043.68,A,1594.21,2025-11-10 01:51:12,4048.58,4.9,sl,0.1211767498911904,28.98333333333333,0.3073622672044461,1,0,0.361793189461733,1.8806147552804404,-0.09968150039501023,0.19890775216792048,0.1365301863998969,0.7923946070305998,0.40582388492083066,0.43692667426105114,0.5955431276477796,0.3747352326262998,0.8669220192496675,True,False,False
2025-11-11 13:36:33,buy,0.01,4146.56,A,1646.26,2025-11-11 14:33:30,4125.28,-21.28,sl,-0.5131964809384322,56.95,-1.2926269240581685,13,1,0.25662421845711036,1.8517587469253236,2.3405877414210297,2.708212987189516,2.69623544015416,0.642705966874435,-0.18276106827105343,0.08496855437261086,1.1799133880700863,2.451430599043758,1.003770028275178,False,False,False
2025-11-12 15:10:10,buy,0.02,4147.15,B,1646.12,2025-11-12 17:17:24,4195.84,97.38,sl,1.1740592937318524,127.23333333333332,5.915729108448959,15,2,0.3158870790891864,1.8428674536179583,2.6190190128576596,1.2523263869611319,0.548775751927133,0.10935108699325902,0.25520343567322357,0.3023631364295287,0.6417098664626142,2.0119855661708597,1.1563354105170869,False,True,False
2025-11-12 15:10:10,buy,0.01,4147.15,A,1624.77,2025-11-12 17:17:24,4195.84,48.69,sl,1.1740592937318524,127.23333333333332,2.996731845122694,15,2,0.3158870790891864,1.8428674536179583,2.6190190128576596,1.2523263869611319,0.548775751927133,0.10935108699325902,0.25520343567322357,0.3023631364295287,0.6417098664626142,2.0119855661708597,1.1563354105170869,False,False,False
2025-11-13 03:47:08,buy,0.02,4209.09,A,1770.7,2025-11-13 04:23:15,4209.86,1.54,sl,0.0182937404522005,36.11666666666667,0.0869712543062065,3,3,0.45408566294154074,1.7983982046694567,3.444037310076853,2.6913597331545502,1.172446422795237,0.428763671763166,-0.023382380660375013,1.5259629339775316,1.1960129115945461,2.9608471351021404,0.6559050979803102,False,False,False
2025-11-13 03:47:40,buy,0.03,4209.71,B,1770.49,2025-11-13 04:23:01,4210.45,2.22,sl,0.0175784080138485,35.35,0.1253890165999243,3,3,0.45408566294154074,1.7983982046694567,3.444037310076853,2.6913597331545502,1.172446422795237,0.44355685353796304,-0.023382380660375013,1.5259629339775316,1.1960129115945461,2.9608471351021404,0.6559050979803102,True,True,False
2025-11-14 13:11:56,sell,0.02,4097.38,B,1593.93,2025-11-14 14:20:27,4054.66,85.44,sl,1.0426174775100248,68.51666666666667,5.360335773842013,13,4,0.4649847966717533,1.743686839385878,-2.9915802888508702,2.381248148608216,0.12120865067094533,2.1196289634051513,1.2788318786980613,1.6209640218646237,1.3850059101149337,-0.29167193147885406,1.702780369471925,False,True,True
2025-11-17 19:35:24,sell,0.03,4033.45,B,1859.34,2025-11-17 20:10:04,4022.07,34.14,sl,0.2821405992388564,34.666666666666664,1.8361354028848949,19,0,0.4967491710298226,1.7215296347909061,-0.6676912755221087,0.7237992012576797,-0.4553847964746227,1.5403205136029219,0.04354811328414199,0.08410966720117097,1.0993865078147813,0.859897790084474,0.6847879946202379,False,True,True
2025-11-18 03:21:20,sell,0.03,4008.89,B,1893.27,2025-11-18 03:39:36,4022.96,-42.21,sl,-0.3509699692433607,18.266666666666666,-2.2294759859924893,3,1,0.5489131072471254,1.796764465029765,0.7229291822168138,2.356085791150364,1.4590326006029497,0.6933572461901294,0.46992900281908057,1.170367418624041,1.742665959336831,1.8469691261812526,0.9304314030314793,False,True,True
2025-11-24 20:33:57,buy,0.02,4130.94,B,1774.11,2025-11-24 23:11:40,4131.85,1.82,sl,0.0220288844669921,157.71666666666667,0.1025866490803839,20,0,0.3442447358252462,1.8534806264948887,0.09286721142203191,0.29250169930726216,0.18832067618430592,1.368780612294973,0.5166728901710105,1.4386238864272816,1.1007188935115098,0.9884408693249247,0.7222530102272026,False,True,False
2025-11-25 17:11:17,buy,0.02,4153.41,A,1852.74,2025-11-25 19:04:16,4132.22,-42.38,sl,-0.5101831988655009,112.98333333333332,-2.287422951952244,17,1,0.42393661845358976,1.92740617652534,1.6059772068659717,2.510738935276798,1.6843510438854015,0.23288028264183414,-0.27700831024932704,-0.10360592075233654,0.7084217101763546,1.170190542244498,1.100040733197554,False,False,False
2025-11-25 17:27:21,buy,0.03,4153.93,B,1852.53,2025-11-25 18:38:42,4138.68,-45.75,sl,-0.3671222191996495,71.35,-2.469595634078801,17,1,0.42393661845358976,1.92740617652534,1.6059772068659717,2.510738935276798,1.6843510438854015,0.2454292719655582,-0.27700831024932704,-0.10360592075233654,0.7084217101763546,1.170190542244498,1.100040733197554,False,True,False
2025-11-26 02:20:39,buy,0.02,4156.7,A,1764.26,2025-11-26 03:30:55,4163.92,14.44,sl,0.1736954795871786,70.26666666666667,0.8184734676294877,2,2,0.38840294041584456,1.999440155374161,1.2295858584278951,1.2027674294837742,-0.24036141089252006,0.5537264654156715,0.4323795643763617,0.4489158464388243,0.7961102801724795,1.3717866090076747,0.8980406064367497,False,False,False
2025-11-26 02:21:37,buy,0.03,4157.32,B,1764.05,2025-11-26 04:01:21,4164.34,21.06,sl,0.1688587840243338,99.73333333333332,1.1938437119129277,2,2,0.38840294041584456,1.999440155374161,1.2295858584278951,1.2027674294837742,-0.24036141089252006,0.5687247357764269,0.4323795643763617,0.4489158464388243,0.7961102801724795,1.3717866090076747,0.8980406064367497,True,True,False
2025-11-28 00:28:11,buy,0.02,4171.01,A,1799.41,2025-11-28 01:58:02,4190.49,38.96,sl,0.46703316462918,89.85,2.165154133854986,0,4,0.1743411424851997,1.8164967689758504,1.5921237539349153,0.5872561806010865,-0.03529496506516905,0.18567091331835872,0.13468564130809657,-0.05689183350136018,0.31682851204763995,1.175011963230066,0.6254674276717026,False,False,False
2025-11-28 00:28:13,buy,0.03,4171.37,B,1799.2,2025-11-28 01:58:02,4190.49,57.36,sl,0.4583626002967824,89.81666666666666,3.18808359270787,0,4,0.1743411424851997,1.8164967689758504,1.5921237539349153,0.5872561806010865,-0.03529496506516905,0.1943179416229457,0.13468564130809657,-0.05689183350136018,0.31682851204763995,1.175011963230066,0.6254674276717026,True,True,False
2025-12-01 10:03:51,buy,0.02,4253.83,A,1895.38,2025-12-01 10:21:23,4254.67,1.68,sl,0.0197469104313088,17.533333333333335,0.0886365794721902,10,0,0.40097084050102516,1.605654198018725,2.4716205994142593,0.5965801439939277,-0.18580418224886097,0.7548626704184658,0.3158013991559683,0.7048977957431202,1.266128702017566,2.657139021545918,0.46942453581458243,False,False,False
2025-12-01 10:04:00,buy,0.03,4254.4,B,1895.17,2025-12-01 10:21:05,4254.87,1.41,sl,0.0110473862354328,17.083333333333332,0.0743996580781671,10,0,0.40097084050102516,1.605654198018725,2.4716205994142593,0.5965801439939277,-0.18580418224886097,0.7683635088916008,0.3158013991559683,0.7048977957431202,1.266128702017566,2.657139021545918,0.46942453581458243,True,True,False
2025-12-08 15:15:38,sell,0.03,4177.04,B,1897.77,2025-12-08 15:22:31,4191.84,-44.4,sl,-0.3543178901806107,6.883333333333334,-2.339588042808138,15,0,0.2669665451856872,1.1912950960533712,-0.9967179553571626,0.3296590825242689,0.18815792912241225,0.5871419017495327,0.28299667579890775,0.2815750141975659,0.3245751363451177,-0.1629611701315481,1.4307937519923069,False,True,True
2025-12-09 06:04:53,sell,0.03,4177.11,B,1852.95,2025-12-09 06:15:14,4176.27,2.52,sl,0.0201095973052956,10.35,0.1359993523840362,6,1,0.24348280206187892,1.1320584444221167,-0.7628501461476977,1.0209895231170796,0.1608868770096028,0.42337426427995206,0.2439117526324419,0.2827035525220345,0.5168167616526831,0.23847255621035623,0.9049691184727745,False,True,True
2025-12-11 15:33:43,buy,0.03,4245.63,B,1897.56,2025-12-11 16:00:12,4250.22,13.77,sl,0.1081111637142225,26.48333333333333,0.7256687535571997,15,3,0.31597030389072395,1.1088579704588035,1.4047787174053417,1.3434013618300045,0.5148591974086125,0.3135366556720198,0.44854549210591177,0.18781010574677737,0.4313983539564026,0.7568782979111122,1.9855715278148938,False,True,False
2025-12-11 15:50:03,buy,0.02,4256.64,A,1898.12,2025-12-11 17:30:51,4274.74,36.2,sl,0.4252180123289601,100.8,1.9071502328619896,15,3,0.31597030389072395,1.1088579704588035,1.4047787174053417,1.3434013618300045,0.5148591974086125,0.5736752072130091,0.44854549210591177,0.18781010574677737,0.4313983539564026,0.7568782979111122,1.9855715278148938,False,False,False
2025-12-12 06:59:17,buy,0.02,4283.15,A,1905.09,2025-12-12 09:31:10,4312.55,58.8,sl,0.6864107024036176,151.88333333333333,3.086468355825709,6,4,0.3339064534437266,1.150609829222427,2.218485081717936,1.9067038622795789,1.0426806793373045,0.15667200598628028,0.20044772903964336,0.12635716959938925,0.9692424353418438,1.6841219849999423,1.0169474578813058,False,False,False
2025-12-18 16:10:16,buy,0.03,4348.1,B,1963.68,2025-12-18 16:50:42,4363.74,46.92,sl,0.3596973390676253,40.43333333333333,2.3893913468589587,16,3,0.2520590004771459,1.2342896912456824,2.4751837667055465,0.9782728931988677,0.729598291491107,0.20441414721046325,0.4017672203309175,0.11769674395420981,0.32554907538979716,1.373046402821676,1.5189757658893328,False,True,False
2025-12-18 16:10:26,buy,0.02,4350.77,A,1963.54,2025-12-18 16:50:42,4363.74,25.94,sl,0.2981081509709625,40.266666666666666,1.321083349460668,16,3,0.2520590004771459,1.2342896912456824,2.4751837667055465,0.9782728931988677,0.729598291491107,0.26594580144405633,0.4017672203309175,0.11769674395420981,0.32554907538979716,1.373046402821676,1.5189757658893328,True,False,False
2025-12-22 01:00:30,buy,0.02,4371.8,A,2036.26,2025-12-22 02:07:35,4379.92,16.24,sl,0.1857358525092614,67.08333333333333,0.7975405891192676,1,0,0.24522654245957115,1.186572882307713,2.1678971598469543,0.42959350489520853,0.387695172941549,0.37884875898330783,0.5818227065240267,0.8719002248499752,0.7277725181539241,1.6453673078985265,1.0481782997464497,False,False,False
2025-12-22 01:00:57,buy,0.03,4372.44,B,2036.05,2025-12-22 02:07:35,4379.92,22.44,sl,0.1710715298551946,66.63333333333334,1.1021340340364922,1,0,0.24522654245957115,1.186572882307713,2.1678971598469543,0.42959350489520853,0.387695172941549,0.3935434987256681,0.5818227065240267,0.8719002248499752,0.7277725181539241,1.6453673078985265,1.0481782997464497,True,True,False
2025-12-23 13:15:00,buy,0.02,4495.12,A,2074.59,2025-12-23 14:03:57,4472.38,-45.48,sl,-0.5058819341864017,48.95,-2.192240394487585,13,1,0.2807935135217705,1.2214378599294058,4.1698968593332,2.387785301107574,2.4085596858999248,0.784280314070851,0.13391302795211502,0.35565536771187123,1.3639902639971169,3.3914638006210085,0.8191869365538258,False,False,False
2025-12-23 13:16:20,buy,0.03,4495.65,B,2074.38,2025-12-23 13:51:49,4479.81,-47.52,sl,-0.3523405959093621,35.483333333333334,-2.290804963410754,13,1,0.2807935135217705,1.2214378599294058,4.1698968593332,2.387785301107574,2.4085596858999248,0.7961633491325282,0.13391302795211502,0.35565536771187123,1.3639902639971169,3.3914638006210085,0.8191869365538258,True,True,False
2025-12-26 01:02:11,buy,0.02,4523.13,A,1981.24,2025-12-26 01:07:01,4523.9,1.54,sl,0.0170236097569498,4.833333333333333,0.0777290989481334,1,4,0.4017555758981475,1.355395123761893,3.6616811752659073,0.9136391848211698,0.5700568043260024,0.6202102219009076,0.8291115227531565,0.7901963890122099,1.0845269881661679,3.1813161032812953,1.4104128133485565,False,False,False
2025-12-26 01:02:30,buy,0.03,4523.73,B,1981.03,2025-12-26 01:07:00,4524.58,2.55,sl,0.0187898039891939,4.5,0.1287209179063416,1,4,0.4017555758981475,1.355395123761893,3.6616811752659073,0.9136391848211698,0.5700568043260024,0.6335576441799606,0.8291115227531565,0.7901963890122099,1.0845269881661679,3.1813161032812953,1.4104128133485565,True,True,False
2025-12-29 13:42:31,sell,0.03,4431.12,B,1855.26,2025-12-29 14:42:17,4358.06,219.18,tp,1.6487930816588017,59.766666666666666,11.81397755570648,13,0,0.5813092120862623,1.2614350685638658,-3.56505390526185,0.6025706441188563,0.3501952376969375,2.124445033463662,0.17597209489523813,0.7326487866268772,0.6232423461522862,-1.1002841133525898,0.7336581069551121,False,True,True
2025-12-29 15:22:04,sell,0.02,4309.67,A,1897.98,2025-12-29 15:35:25,4333.09,-46.84,sl,-0.5434290792566501,13.35,-2.467886911347854,15,0,0.6649436305761687,1.2614350685638658,-3.56505390526185,0.6025706441188563,0.3501952376969375,4.807059395224533,1.9407126890676807,3.3681919818460138,2.766588814812465,1.2418086242491966,2.241765821693399,False,False,True
2025-12-31 05:50:44,sell,0.03,4299.2,B,2157.11,2025-12-31 06:11:01,4298.35,2.55,sl,0.0197711202083981,20.28333333333333,0.1182137211361497,5,2,0.5084755262462088,1.6410160679222323,0.6197525243731072,1.8365644330134618,0.15486180942103633,0.9188604931471445,0.7560713606765024,0.7367461295628708,1.2350287747198818,1.4691911592299989,0.9318203922840254,False,True,True
2025-12-31 05:50:44,sell,0.02,4299.2,A,2157.32,2025-12-31 06:11:01,4298.35,1.7,sl,0.0197711202083981,20.28333333333333,0.0788014759052898,5,2,0.5084755262462088,1.6410160679222323,0.6197525243731072,1.8365644330134618,0.15486180942103633,0.9188604931471445,0.7560713606765024,0.7367461295628708,1.2350287747198818,1.4691911592299989,0.9318203922840254,False,False,True
2026-01-05 23:02:00,buy,0.03,4454.25,B,2160.8,2026-01-05 23:56:31,4437.06,-51.57,sl,-0.3859235561542257,54.516666666666666,-2.386616068122917,23,0,0.3499264470471704,1.6807770063210683,0.3134471669802963,0.7260993258139172,0.46202588355845897,1.8659122822263896,0.01753632604974964,0.3125260720252987,1.1366974671042085,1.358773904078725,0.38478480315682045,False,True,False
2026-01-09 14:36:45,buy,0.02,4497.78,A,2161.22,2026-01-09 16:06:09,4508.85,22.14,sl,0.246121419900498,89.4,1.0244213916213991,14,4,0.2876429530663332,1.735203657575925,1.8276896016341748,1.7063176427479798,0.27355153231425344,0.49377971615485183,0.2249210764016185,0.3065535327497537,0.5450647901908967,1.2131919004522818,2.534456015953857,False,False,False
2026-01-09 15:04:03,buy,0.03,4498.5,B,2109.02,2026-01-09 16:06:09,4508.85,31.05,sl,0.2300766922307516,62.1,1.472247773847569,15,4,0.29008277045335673,1.735203657575925,1.8276896016341748,1.7063176427479798,0.27355153231425344,0.5098666571336619,0.42408195640757373,0.5579930150192647,0.7775149400519377,1.4644556007813447,1.4365857667233024,False,True,False
2026-01-12 08:51:55,buy,0.02,4598.23,A,2162.07,2026-01-12 14:02:52,4607.86,19.26,sl,0.209428410497085,310.95,0.8908129709028847,8,0,0.4536780948478217,1.682183501716875,2.744547001910891,0.7056911213749075,0.5523454750414603,1.2783605972437329,0.41762792591262254,2.0352606517015426,1.9098978711335812,3.1748860909193155,0.7178008854112844,False,False,False
2026-01-12 13:07:34,buy,0.03,4599.04,B,2161.86,2026-01-12 14:02:52,4607.86,26.46,sl,0.1917791539103749,55.3,1.2239460464599927,13,0,0.4330051096096694,1.682183501716875,2.744547001910891,0.7056911213749075,0.5523454750414603,1.2962012602996786,0.028327315594633973,0.03486666768361957,1.6057523359546577,3.0736358608382197,0.6193042978295449,False,True,False
2026-01-13 14:45:12,buy,0.02,4627.34,A,2207.44,2026-01-13 14:52:21,4628.14,1.6,sl,0.0172885502254034,7.15,0.0724821512702497,14,1,0.31600710264763276,1.7165089808102714,3.6805331180240097,2.0370003978771103,1.3043506989795617,0.6048457230319659,0.5477014852478312,0.7343914511767524,0.995738961202286,2.838243210690927,2.06754239780414,False,False,False
2026-01-13 14:45:54,buy,0.03,4627.93,B,2207.23,2026-01-13 15:17:54,4611.6,-48.99,sl,-0.3528575410604725,32.0,-2.2195240187927854,14,1,0.31600710264763276,1.7165089808102714,3.6805331180240097,2.0370003978771103,1.3043506989795617,0.6176731485024511,0.5477014852478312,0.7343914511767524,0.995738961202286,2.838243210690927,2.06754239780414,True,True,False
2026-01-14 05:01:38,buy,0.03,4632.38,B,2159.63,2026-01-14 05:13:07,4633.24,2.58,sl,0.0185649709220675,11.483333333333333,0.1194649083407805,5,2,0.3926071055945728,1.7764072164435885,3.271992637763499,1.420019490463609,-0.052179357846049434,0.76744034282481,0.21604864774762422,0.21865210717850747,0.973594586029547,2.8608887264559124,0.2850068775791063,False,True,False
2026-01-14 12:02:26,buy,0.02,4636.78,A,2162.07,2026-01-14 14:48:24,4613.53,-46.5,sl,-0.5014255582537882,165.96666666666667,-2.1507166742982418,12,2,0.2730521682202512,1.7764072164435885,3.271992637763499,1.420019490463609,-0.052179357846049434,0.8631528572360603,-0.09967465502213058,0.7252366699150858,0.7479265665090384,2.6847483567348673,0.9055985537540097,False,False,False
2026-01-16 15:29:00,sell,0.03,4570.87,B,2161.01,2026-01-16 15:48:25,4569.96,2.73,sl,0.019908682592151,19.416666666666668,0.1263298180017676,15,4,0.309054084929887,1.437823922499673,-2.8928526560586088,0.9437481834311615,0.10725219867007141,0.8556889760363617,0.0982092529159373,-0.28225718700354285,-0.04874199416704528,-1.316234383214776,1.3018356906409778,False,True,True
2026-01-18 23:05:00,buy,0.03,4648.91,B,2115.22,2026-01-18 23:06:48,4649.17,0.78,sl,0.0055927088285257,1.8,0.0368755968646287,23,6,0.4582316974620258,1.4186906813270963,2.326917429375519,1.8175726245800907,-0.30540179423553804,0.22377779167106482,0.2937081858609858,-0.0991131977047588,-0.10048124734137742,1.000547876121427,0.7929186732686596,False,True,False
2026-01-18 23:05:00,buy,0.02,4648.91,A,2115.43,2026-01-18 23:06:48,4649.17,0.52,sl,0.0055927088285257,1.8,0.0245812908013973,23,6,0.4582316974620258,1.4186906813270963,2.326917429375519,1.8175726245800907,-0.30540179423553804,0.22377779167106482,0.2937081858609858,-0.0991131977047588,-0.10048124734137742,1.000547876121427,0.7929186732686596,False,False,False
2026-01-20 04:34:54,buy,0.02,4687.9,A,2118.9,2026-01-20 05:30:41,4694.97,14.14,sl,0.1508137972226502,55.78333333333333,0.6673273868516684,4,1,0.21338908941066903,1.3940684077198828,3.1297903186686904,0.616234730775084,-0.14917387209997246,0.48119688347318945,0.42506716104060427,0.17572623522059683,0.7611234344062634,2.240492707608599,1.5469889858390118,False,False,False
2026-01-20 04:35:18,buy,0.03,4688.37,B,2118.69,2026-01-20 05:30:41,4694.97,19.8,sl,0.140773872369296,55.38333333333333,0.9345397391784546,4,1,0.21338908941066903,1.3940684077198828,3.1297903186686904,0.616234730775084,-0.14917387209997246,0.4912709384946812,0.42506716104060427,0.17572623522059683,0.7611234344062634,2.240492707608599,1.5469889858390118,True,True,False
2026-01-22 16:51:01,buy,0.02,4885.27,A,2152.49,2026-01-22 18:25:18,4908.03,45.52,sl,0.4658903192658606,94.28333333333332,2.1147601150295707,16,3,0.39617862113418034,1.5406027641013018,4.566724892873797,2.768017645667782,0.05443988684878942,2.2375924743897047,1.0716012191149593,1.5600276022523785,1.4548433659784754,4.120938026670085,2.4186528497409414,False,False,False
2026-01-22 17:22:55,buy,0.03,4887.8,B,2152.28,2026-01-22 18:25:18,4908.03,60.69,sl,0.4138876386104088,62.38333333333333,2.8198003977177684,17,3,0.3867308177209425,1.5406027641013018,4.566724892873797,2.768017645667782,0.05443988684878942,2.290539621417431,1.1546142058191045,1.678568599740693,1.5274986285272352,4.216325222940509,0.9133315663927688,False,True,False
2026-01-23 16:02:26,buy,0.02,4964.73,A,2258.35,2026-01-23 16:45:44,4977.51,25.56,sl,0.2574158111317364,43.3,1.1317997653153853,16,4,0.41812254080503236,1.6508611873698273,7.6452100692048885,3.7918170635800843,3.7826864921991943,0.11332678645965544,0.4271678769756315,0.17164400629225973,1.573730385942973,4.836736812113207,1.2033886631310746,False,False,False
2026-01-23 16:02:26,buy,0.03,4965.37,B,2258.14,2026-01-23 16:45:44,4977.51,36.42,sl,0.2444933610184201,43.3,1.6128317996226986,16,4,0.41812254080503236,1.6508611873698273,7.6452100692048885,3.7918170635800843,3.7826864921991943,0.12623232797821515,0.4271678769756315,0.17164400629225973,1.573730385942973,4.836736812113207,1.2033886631310746,False,True,False
2026-01-27 20:03:23,buy,0.02,5107.89,A,2319.98,2026-01-27 21:23:19,5173.05,130.32,sl,1.2756735168533355,79.93333333333334,5.61728980422245,20,1,0.43253026563152186,1.6942796358730583,6.9579305783648016,2.398083912118517,0.07539966784460006,1.2748855477943355,0.22171467208635942,0.25186341570833104,1.0292666275405482,4.847716471002439,0.8596968519238278,False,False,False
2026-01-27 20:03:25,buy,0.03,5108.75,B,2319.77,2026-01-27 21:23:19,5173.05,192.9,sl,1.2586249082456604,79.9,8.315479551852123,20,1,0.43253026563152186,1.6942796358730583,6.9579305783648016,2.398083912118517,0.07539966784460006,1.2919368941567422,0.22171467208635942,0.25186341570833104,1.0292666275405482,4.847716471002439,0.8596968519238278,True,True,False
2026-01-30 09:44:12,sell,0.03,4990.66,B,2119.04,2026-01-30 09:47:15,4989.93,2.19,sl,0.0146273238409261,3.05,0.1033486861975234,9,4,1.6285924237542622,2.7707176689627913,-11.246817196576187,9.018931481862845,1.3491893617561423,8.234286050514106,1.3202758578128915,3.5593996611172685,3.5816990888397737,-0.8373379787186108,1.5159816568808122,False,True,True
2026-02-11 10:40:53,buy,0.03,5085.12,B,2644.34,2026-02-11 11:02:00,5091.57,19.35,sl,0.1268406645270872,21.116666666666667,0.7317515901888563,10,2,0.40074197577856685,5.783417952961517,2.4900215016763427,1.5803597460476189,0.20032552898459066,0.8550161542717927,-0.025867652401934116,0.6406663088635911,0.7209342496342197,1.6288255245861194,1.226755852842776,False,True,False
2026-02-11 10:44:09,buy,0.02,5088.83,A,2645.04,2026-02-11 11:02:32,5089.8,1.94,sl,0.0190613559501939,18.383333333333333,0.0733448265432658,10,2,0.40074197577856685,5.783417952961517,2.4900215016763427,1.5803597460476189,0.20032552898459066,0.9285979202738437,-0.025867652401934116,0.6406663088635911,0.7209342496342197,1.6288255245861194,1.226755852842776,True,False,False
2026-02-12 16:14:19,sell,0.04,4970.4,B,2644.55,2026-02-12 16:26:39,4888.86,326.16,tp,1.6405118300337993,12.333333333333334,12.333289217447204,16,3,0.4300422617518427,5.732177821408037,-2.6025268977518445,1.982696111070487,-0.38238718288936546,1.7948170803992691,-0.14823434880788522,-0.06545395581165625,-0.10023118548221355,-1.1242098051975846,1.6032954769251175,False,True,True
2026-02-17 05:31:51,sell,0.03,4878.79,A,2644.83,2026-02-17 05:32:30,4877.81,2.94,sl,0.0200869477882746,0.65,0.1111602636086251,5,1,0.3921209516695183,3.7478230721287114,-0.7353637213199704,1.3128703783495674,0.6057479323697601,2.225914153904107,0.08956054817509385,0.8870559467566319,0.7863339596427821,0.8409829355092713,0.7038358280313356,False,False,True
2026-02-17 05:31:51,sell,0.04,4878.79,B,2991.51,2026-02-17 05:32:30,4877.81,3.92,sl,0.0200869477882746,0.65,0.1310375027995895,5,1,0.3921209516695183,3.7478230721287114,-0.7353637213199704,1.3128703783495674,0.6057479323697601,2.225914153904107,0.08956054817509385,0.8870559467566319,0.7863339596427821,0.8409829355092713,0.7038358280313356,False,True,True
2026-02-20 06:12:39,buy,0.04,5019.86,B,2997.6,2026-02-20 06:33:17,5020.86,4.0,sl,0.0199208742873307,20.633333333333333,0.1334400854016546,6,4,0.35347160939748146,2.945795405431029,0.7351266100560805,1.234038202053441,0.236337729831404,0.6441808197316323,0.3136352264198061,0.32869582624361904,0.6252715294109201,0.686583026908627,0.7857430852350673,False,True,False
2026-02-23 14:34:16,buy,0.02,5173.54,A,3001.46,2026-02-23 15:01:45,5187.58,28.08,sl,0.2713809113295724,27.48333333333333,0.935544701578565,14,0,0.3945160533682694,2.337569060926278,3.621804136467044,1.0608908773064247,0.9446701569043592,0.16398616088455498,-0.3207431323975829,-0.21734662618319023,1.3418601440988276,2.688221921869993,1.064837291116976,False,False,False
2026-02-23 14:36:07,buy,0.04,5174.17,B,3001.18,2026-02-23 15:01:45,5187.58,53.64,sl,0.2591720024660932,25.633333333333333,1.7872969965147043,14,0,0.3945160533682694,2.337569060926278,3.621804136467044,1.0608908773064247,0.9446701569043592,0.1761834786363048,-0.3207431323975829,-0.21734662618319023,1.3418601440988276,2.688221921869993,1.064837291116976,True,True,False
2026-02-27 16:10:56,buy,0.02,5247.68,A,3082.76,2026-02-27 16:20:05,5248.68,2.0,sl,0.0190560400024391,9.15,0.0648769284666986,16,4,0.3395141337890726,2.097997475007702,2.6756223806187807,1.446167020911376,0.4152383165804796,1.214337514851338,0.9985311183162926,1.0645746812930845,1.045380403060947,2.396589209312361,1.774172823642811,False,False,False
2026-03-03 11:29:36,sell,0.04,5131.01,B,2997.88,2026-03-03 11:29:54,5129.98,4.12,sl,0.0200740205144923,0.3,0.1374304508519353,11,1,0.6766285508504438,1.968065548117327,-4.318089535404712,2.9601349784139286,0.7621911603645781,4.022768126867016,1.4923608243552766,1.383708541826001,1.022823028333053,-1.1387950732766772,1.397015045458186,False,True,True
2026-03-03 11:31:27,sell,0.03,5095.84,A,2998.16,2026-03-03 11:31:40,5096.34,-1.5,sl,-0.0098119250211937,0.2166666666666666,-0.0500306854870987,11,1,0.6766285508504438,1.968065548117327,-4.318089535404712,2.9601349784139286,0.7621911603645781,4.680634559592367,1.4923608243552766,1.383708541826001,1.022823028333053,-1.1387950732766772,1.397015045458186,True,False,True
2026-03-10 08:40:32,buy,0.04,5194.43,B,3086.89,2026-03-10 10:29:28,5174.13,-81.2,sl,-0.3908032257629842,108.93333333333334,-2.6304792201860128,8,1,0.4466388144115584,2.6313156314109687,0.2747898929448489,2.749150253805135,1.2537109963692838,1.0640616062291164,0.33230569025082257,1.1285782880431583,0.9746725694091962,0.6492494102448898,0.9818193042565351,False,True,False
2026-03-12 20:30:35,sell,0.04,5060.5,B,3086.61,2026-03-12 20:49:26,5081.49,-83.96,sl,-0.4147811481078902,18.85,-2.7201363307965694,20,3,0.42772886633940227,2.6502017492166265,-0.03288979573865536,1.814240473046398,1.2125293415938598,1.4393113119351764,0.757662994154551,1.8762808612791115,1.4184400129169439,1.4290233126044605,0.795428421294628,False,True,True
2026-03-13 14:55:22,sell,0.04,5057.24,B,2920.89,2026-03-13 15:05:26,5056.3,3.76,sl,0.0185872135789402,10.066666666666666,0.1287278877328485,14,4,0.35811100853233757,2.6586642314515454,0.6082160244130885,2.679371779506932,0.7048535369273856,0.8032262430391901,-0.13425110845488586,0.4400583882349096,0.5498156026925827,0.9284496085349869,1.3355227148330222,False,True,True
2026-03-13 19:47:20,sell,0.03,5014.17,A,3087.17,2026-03-15 23:55:14,4987.54,79.89,sl,0.5310948771182491,3127.9,2.5878069558851635,19,4,0.5092112660586431,2.6586642314515454,0.6082160244130885,2.679371779506932,0.7048535369273856,1.6480358715544097,-0.23397713459445413,0.8246174647533078,1.3253395368240661,1.9035486039168492,0.605514787636214,False,False,True
2026-03-16 10:01:41,sell,0.03,4970.94,A,3004.33,2026-03-16 10:51:51,4995.81,-74.61,sl,-0.5003077888689222,50.16666666666666,-2.4834156034789787,10,0,0.5544861929722202,2.7487501393498177,2.148288980356272,1.25077535666407,0.3447663903616949,0.5350482623937669,0.7328046286597778,0.8826992149136403,1.8349771458425534,2.9484050786704907,0.6832539353769483,False,False,True
2026-03-16 10:02:15,sell,0.04,4970.2,B,3004.05,2026-03-16 10:26:50,4987.7,-70.0,sl,-0.3520985071023299,24.58333333333333,-2.330187580100198,10,0,0.5544861929722202,2.7487501393498177,2.148288980356272,1.25077535666407,0.3447663903616949,0.5498551327816181,0.7328046286597778,0.8826992149136403,1.8349771458425534,2.9484050786704907,0.6832539353769483,True,True,True
2026-03-18 10:35:37,sell,0.04,4969.43,B,2859.02,2026-03-18 10:36:18,4968.78,2.6,sl,0.0130799709423524,0.6833333333333333,0.0909402522542689,10,2,0.2874031926120779,2.615632028860572,1.6969754533354031,1.414559751507595,0.19968162649759424,0.672188620564218,0.3453410892018116,0.21606819839898872,0.4259251774858974,1.765147159498659,0.7562104843929133,False,True,True
2026-03-18 10:35:37,sell,0.02,4970.7,A,2859.3,2026-03-18 10:36:24,4969.84,1.72,sl,0.0173013861226723,0.7833333333333333,0.0601545832896163,10,2,0.2874031926120779,2.615632028860572,1.6969754533354031,1.414559751507595,0.19968162649759424,0.6468041558566284,0.3453410892018116,0.21606819839898872,0.4259251774858974,1.765147159498659,0.7562104843929133,False,False,True
2026-03-31 02:24:56,buy,0.04,4584.73,B,3005.13,2026-03-31 03:01:24,4596.08,45.4,sl,0.2475609250708409,36.46666666666667,1.5107499509172646,2,1,0.7084284800123684,3.897068347379918,-4.0971051698708845,3.574365829381905,0.5882313591087707,1.6387300728693877,0.8156162014764989,-0.26646840540043293,1.0653591793598594,-0.7161468061513965,2.03161722318302,False,True,False
2026-03-31 15:00:37,buy,0.03,4616.51,A,2908.53,2026-03-31 15:03:37,4617.06,1.65,sl,0.0119137616944441,3.0,0.0567296881930047,15,1,0.7693772089229147,3.897068347379918,-4.0971051698708845,3.574365829381905,0.5882313591087707,2.34325985798558,1.3298702898136172,0.052550319102051546,1.7412877640001545,0.6194258558105625,1.1808418465010455,False,False,False
2026-04-07 23:54:36,buy,0.03,4797.27,A,2909.48,2026-04-08 00:35:00,4807.55,30.84,sl,0.2142885432756493,40.4,1.0599832272433565,23,1,0.7013700143865307,3.7431817742735305,-0.7959584947140996,2.271775926430779,0.27530953487970855,2.97620325332395,0.6360068861539059,0.4866538543668586,0.9428781972504963,1.4760368780215583,0.5917285259809058,False,False,False
2026-04-07 23:54:37,buy,0.04,4799.73,B,2909.2,2026-04-08 00:35:00,4807.55,31.28,sl,0.1629258312446871,40.38333333333333,1.0752096796370136,23,1,0.7013700143865307,3.7431817742735305,-0.7959584947140996,2.271775926430779,0.27530953487970855,3.029008590526794,0.6360068861539059,0.4866538543668586,0.9428781972504963,1.4760368780215583,0.5917285259809058,True,True,False
2026-04-14 14:38:08,buy,0.04,4798.97,B,2970.83,2026-04-14 15:20:24,4799.52,2.2,sl,0.0114607926284219,42.266666666666666,0.0740533790220241,14,1,0.3801370068084258,2.8363543344250015,0.8927631873146824,2.419232806234388,2.1244263962877152,0.8608641007479934,-0.14356690510772818,0.03039864149518845,0.4190607717526218,1.244937679495517,0.8413342259677945,False,True,False
2026-04-15 02:16:08,buy,0.03,4854.53,A,2971.11,2026-04-15 02:20:49,4854.57,0.12,sl,0.0008239726605863,4.683333333333334,0.0040388945545604,2,2,0.3956141221626625,2.6726087189034273,2.2792997137169424,2.055382400814048,1.6204253458903972,0.40102251434290803,-0.09462614408792813,1.2676466338149561,1.193844640007602,2.349235415854234,0.6816518557239927,False,False,False
2026-04-17 14:10:50,buy,0.03,4868.16,A,2972.66,2026-04-17 14:16:53,4869.13,2.91,sl,0.0199253927562005,6.05,0.0978921235526431,14,4,0.36188919867960073,2.627416855292253,1.1514232220702025,1.3604874732552996,-0.2558427835694932,1.51940441682481,1.1714925675351262,1.078020396671464,0.9659860597364123,1.8105564336965196,2.8478924862553434,False,False,False
2026-04-17 14:10:50,buy,0.04,4868.86,B,2972.87,2026-04-17 14:16:53,4869.8,3.76,sl,0.0193063674042899,6.05,0.1264771079798309,14,4,0.36188919867960073,2.627416855292253,1.1514232220702025,1.3604874732552996,-0.2558427835694932,1.534002043667737,1.1714925675351262,1.078020396671464,0.9659860597364123,1.8105564336965196,2.8478924862553434,False,True,False
2026-04-20 00:43:13,sell,0.04,4749.51,B,2909.69,2026-04-20 00:48:51,4748.63,3.52,sl,0.0185282271223791,5.633333333333334,0.1209750866930841,0,0,0.5309509412509135,2.4042317060522174,-0.5703208232991752,0.5226564674030265,-0.12884222170082005,0.626223992769015,1.6234073647160452,0.23045755426920334,0.7461375549514093,-0.2333704981154927,0.9843780786444313,False,True,True
2026-04-21 15:46:38,sell,0.04,4739.24,B,2982.57,2026-04-21 15:54:39,4738.34,3.6,sl,0.0189903866442644,8.016666666666667,0.1207012744042889,15,1,0.3539145822373184,2.15804016769682,-1.4339575897236223,1.9928496859827152,-1.010997104263267,1.831122453206957,0.2227617868543419,0.6450834991258203,0.45117462500311456,-0.03419803012292277,1.972888513513483,False,True,True
2026-04-21 18:12:22,sell,0.03,4703.41,A,2909.97,2026-04-21 19:33:07,4702.58,2.49,sl,0.0176467711724031,80.75,0.0855678924524995,18,1,0.4903036944631298,2.15804016769682,-1.4339575897236223,1.9928496859827152,-1.010997104263267,2.5733070402929936,1.4224137931034386,1.6276306750439007,1.703691814392927,1.36000713621941,1.6606574105568876,False,False,True
2026-04-23 18:45:26,sell,0.03,4671.28,A,2988.45,2026-04-23 18:53:18,4695.25,-71.91,sl,-0.5131355859635958,7.866666666666666,-2.406264116849872,18,3,0.379465747722888,2.2737144827990625,0.5649291576394155,1.1483211067217187,-0.13921084191834687,1.1595233258853033,-0.18097459582340214,-0.6058068177711817,0.10303028312743656,0.5547957052702723,1.1898663697104634,False,False,True
2026-04-23 18:46:40,sell,0.04,4670.11,B,2988.17,2026-04-23 18:53:08,4687.31,-68.8,sl,-0.3682996760247773,6.466666666666667,-2.3024125133442874,18,3,0.379465747722888,2.2737144827990625,0.5649291576394155,1.1483211067217187,-0.13921084191834687,1.184279572076652,-0.18097459582340214,-0.6058068177711817,0.10303028312743656,0.5547957052702723,1.1898663697104634,True,True,True
2026-04-24 05:22:00,sell,0.03,4667.36,A,2847.25,2026-04-24 05:39:56,4666.52,2.52,sl,0.0179973261115327,17.933333333333334,0.0885064535955746,5,4,0.45918727704513174,2.1026272263120758,1.1340062861651234,1.9037452752600548,0.6919053422709709,0.5539741251470165,0.6907941582194987,1.2973103151063592,1.0777524916433023,1.7023300780036,0.450725795711815,False,False,True
2026-04-24 05:22:07,sell,0.04,4666.59,B,2846.97,2026-04-24 05:37:20,4665.67,3.68,sl,0.0197146095971592,15.216666666666669,0.129260231052663,5,4,0.45918727704513174,2.1026272263120758,1.1340062861651234,1.9037452752600548,0.6919053422709709,0.5703802819302051,0.6907941582194987,1.2973103151063592,1.0777524916433023,1.7023300780036,0.450725795711815,True,True,True
2026-04-28 06:06:16,sell,0.03,4660.19,A,2852.96,2026-04-28 06:23:18,4659.33,2.58,sl,0.018454183198532,17.033333333333335,0.0904323930233862,6,1,0.24398417714255188,1.874180473613496,0.9522665116424633,1.3391552528460728,-0.07236415178113464,0.593428768283355,0.06508534958754586,0.05053414159408298,0.6140869812847449,1.3481778635540342,0.39425489212240805,False,False,True
2026-04-28 06:06:16,sell,0.04,4660.19,B,2852.68,2026-04-28 06:23:18,4659.33,3.44,sl,0.018454183198532,17.033333333333335,0.1205883590167842,6,1,0.24398417714255188,1.874180473613496,0.9522665116424633,1.3391552528460728,-0.07236415178113464,0.593428768283355,0.06508534958754586,0.05053414159408298,0.6140869812847449,1.3481778635540342,0.39425489212240805,False,True,True
2026-04-29 09:37:44,sell,0.03,4557.93,A,2858.49,2026-04-29 10:20:09,4580.82,-68.67,sl,-0.5022016573312758,42.41666666666666,-2.4023173073895663,9,2,0.293959345761803,1.975985248481003,2.662635314532724,3.1851029559009167,2.0010622844234605,0.7907693513209968,0.8030558686271783,0.5744049173762256,1.350494929125401,2.8211561926616557,1.607106760997922,False,False,True
2026-04-29 10:50:11,sell,0.04,4557.0,B,2858.21,2026-04-29 11:17:30,4573.26,-65.04,sl,-0.3568136932192279,27.316666666666663,-2.2755500820443566,10,2,0.3019903719190648,1.975985248481003,2.662635314532724,3.1851029559009167,2.0010622844234605,0.8110120019328537,0.3894483033514806,0.4885022455871746,1.1881394939473822,2.682176721424223,1.4141194724592563,False,True,True
2026-05-04 17:07:59,sell,0.03,4512.69,A,2724.15,2026-05-04 17:09:45,4511.83,2.58,sl,0.0190573693295943,1.7666666666666666,0.094708441165134,17,0,0.5058046130442293,1.9026659932532872,1.351962644671545,0.37345988391351315,0.1355605330750298,2.3015804286642183,1.0259340005078443,2.0252994505018385,1.5599178683668669,2.5989795363159818,2.2780224241856453,False,False,True
2026-05-04 17:07:59,sell,0.04,4512.18,B,2723.59,2026-05-04 17:09:44,4511.29,3.56,sl,0.019724390427694,1.75,0.1307098351807724,17,0,0.5058046130442293,1.9026659932532872,1.351962644671545,0.37345988391351315,0.1355605330750298,2.3126217796059723,1.0259340005078443,2.0252994505018385,1.5599178683668669,2.5989795363159818,2.2780224241856453,False,True,True
2026-05-06 06:56:28,buy,0.04,4658.06,B,2723.87,2026-05-06 07:04:55,4658.92,3.44,sl,0.0184626217781581,8.45,0.1262909022824143,6,2,0.35808932166764934,1.9353477306323073,-1.816417063424669,1.5956423242103845,1.2312228553213567,1.8493576007766688,0.49112006502154415,1.756544084331635,1.537358704488856,0.6468589633987998,0.6169226808547358,False,True,False
2026-05-06 09:50:47,buy,0.02,4698.69,A,2724.36,2026-05-06 10:02:25,4699.52,1.66,sl,0.0176644979771135,11.633333333333333,0.0609317417668736,9,2,0.36295201172968816,1.9353477306323073,-1.816417063424669,1.5956423242103845,1.2312228553213567,2.737740189090143,0.7049009653937954,2.64255270635283,2.0183977956934163,1.3223220007331227,1.4371348102063948,False,False,False
2026-05-07 02:48:43,buy,0.02,4720.07,A,2734.2,2026-05-07 05:15:20,4696.36,-47.42,sl,-0.502323058768197,146.61666666666667,-1.734328139858094,2,3,0.39774030854580467,1.9720355341564113,0.7251124626694194,3.2666388358778797,2.657932252901518,0.5337581815587189,-0.036884162409700494,-0.07608371339669073,1.0813247158889094,1.235151715997107,0.844032480465758,False,False,False
2026-05-07 02:52:39,buy,0.04,4720.85,B,2733.92,2026-05-07 03:14:30,4704.07,-67.12,sl,-0.3554444644502718,21.85,-2.4550828114941186,2,3,0.39774030854580467,1.9720355341564113,0.7251124626694194,3.2666388358778797,2.657932252901518,0.550371564703811,-0.036884162409700494,-0.07608371339669073,1.0813247158889094,1.235151715997107,0.844032480465758,True,True,False
2026-05-12 00:52:19,buy,0.02,4761.94,A,2619.24,2026-05-12 01:00:49,4762.88,1.88,sl,0.0197398539250916,8.5,0.0717765458682671,0,1,0.3990304556713998,1.7991626389262254,1.5525593192740716,2.2570080278174287,1.2594071898531123,0.23047827926390152,0.5492028622040346,2.0204471224357645,1.0076186100008266,1.737378269379164,0.9310123959157854,False,False,False
2026-05-12 00:52:19,buy,0.03,4763.15,B,2619.03,2026-05-12 01:22:53,4764.1,2.85,sl,0.0199447844388845,30.566666666666663,0.1088189138726933,0,1,0.3990304556713998,1.7991626389262254,1.5525593192740716,2.2570080278174287,1.2594071898531123,0.2559466553286649,0.5492028622040346,2.0204471224357645,1.0076186100008266,1.737378269379164,0.9310123959157854,False,True,False
2026-05-12 16:22:47,sell,0.04,4650.29,B,2729.24,2026-05-12 16:25:35,4649.42,3.48,sl,0.0187085106520215,2.8,0.1275080242118685,16,1,0.42195376285541425,1.7991626389262254,-1.5525593192740716,2.2570080278174287,-1.2594071898531123,2.119558239440622,0.7162130579811743,1.20967145221883,0.6912661401512254,0.061168953892598577,1.2917225140373199,False,True,True
2026-05-15 01:25:18,sell,0.03,4641.08,A,2729.52,2026-05-15 01:50:17,4627.7,40.14,sl,0.2882949658269219,24.98333333333333,1.4705882352941175,1,4,0.3631753073954874,1.8789485633885876,0.41245966182189564,1.594668851516713,0.8002093608112437,0.45791572205911013,0.04383081306158498,0.9531636218088502,0.7474928723067653,0.6236942657603994,1.0890335672613793,False,False,True
2026-05-15 01:25:18,sell,0.04,4640.4,B,2626.61,2026-05-15 01:50:17,4627.7,50.8,sl,0.2736833031635164,24.98333333333333,1.934051876753686,1,4,0.3631753073954874,1.8789485633885876,0.41245966182189564,1.594668851516713,0.8002093608112437,0.4725003914268,0.04383081306158498,0.9531636218088502,0.7474928723067653,0.6236942657603994,1.0890335672613793,False,True,True
2026-05-18 01:29:26,sell,0.03,4514.77,A,2717.34,2026-05-18 01:56:28,4496.57,54.6,sl,0.4031213107201635,27.03333333333333,2.00931793592263,1,0,0.5100129156252603,1.8710775028250188,2.370870889558918,0.3761449323819073,-0.03080497808445326,0.6900359425798586,0.19138377065623935,0.6353273545546934,1.5977286087204057,2.5815132369867766,0.6888504753673139,False,False,True
2026-05-18 01:33:09,sell,0.04,4513.75,B,2717.06,2026-05-18 01:56:28,4496.57,68.72,sl,0.380614788147334,23.316666666666663,2.529204360595644,1,0,0.5100129156252603,1.8710775028250188,2.370870889558918,0.3761449323819073,-0.03080497808445326,0.7124725591380887,0.19138377065623935,0.6353273545546934,1.5977286087204057,2.5815132369867766,0.6888504753673139,True,True,True
2026-05-19 14:31:21,sell,0.04,4482.68,B,2839.89,2026-05-19 14:32:58,4481.97,2.84,sl,0.0158387393255828,1.6166666666666667,0.1000038733894622,14,1,0.3814588727796662,1.8656890061287563,1.6062708467784015,2.268916197892863,-0.6126076187710883,1.9937164807919738,0.10105969567600903,0.573251757446136,0.5681522203563327,1.8827481212956187,1.1382113821138045,False,True,True
2026-05-19 14:31:21,sell,0.03,4482.68,A,2840.17,2026-05-19 14:32:58,4481.97,2.13,sl,0.0158387393255828,1.6166666666666667,0.074995510832098,14,1,0.3814588727796662,1.8656890061287563,1.6062708467784015,2.268916197892863,-0.6126076187710883,1.9937164807919738,0.10105969567600903,0.573251757446136,0.5681522203563327,1.8827481212956187,1.1382113821138045,False,False,True
2026-05-20 02:32:04,sell,0.03,4467.7,A,2844.65,2026-05-20 02:38:59,4467.01,2.07,sl,0.0154441882847908,6.916666666666667,0.0727681788620744,2,2,0.47193316443739425,2.0733905325104534,3.2042375969507764,2.7717199826962657,1.952176165916386,0.37329075648241394,-0.43087001827459837,0.6592640168093689,0.8350601707663108,2.3846838294045103,1.3694935772412549,False,False,True
2026-05-20 02:36:09,sell,0.04,4466.87,B,2844.37,2026-05-20 02:38:55,4466.01,3.44,sl,0.0192528549073439,2.7666666666666666,0.1209406652439731,2,2,0.47193316443739425,2.0733905325104534,3.2042375969507764,2.7717199826962657,1.952176165916386,0.3917991990081249,-0.43087001827459837,0.6592640168093689,0.8350601707663108,2.3846838294045103,1.3694935772412549,True,True,True
2026-05-25 00:02:28,buy,0.03,4568.7,B,2626.89,2026-05-25 00:51:41,4575.24,19.62,sl,0.1431479414275387,49.21666666666667,0.7468908100453389,0,0,0.433501140899528,1.824297091989172,-0.8014275128204518,0.37872482104211674,0.31686040123932724,0.0749132583324652,1.1178665957894296,0.7294374109164004,0.9223199845867169,-0.02658360388143599,0.8736420399177065,False,True,False
2026-05-26 00:10:34,buy,0.04,4577.78,B,2868.73,2026-05-26 00:34:47,4561.51,-65.08,sl,-0.355412448828898,24.216666666666665,-2.2685996939412214,0,1,0.23116568018697733,1.7650934514506806,-0.5360841671355754,0.6404441578596528,0.21181614271195137,0.06645186393106073,0.02886110157576116,0.22169500288071742,0.5925883092320561,0.1865289885662813,0.6552748885586442,False,True,False
2026-05-26 18:59:04,sell,0.04,4490.84,B,2849.39,2026-05-26 19:10:41,4489.95,3.56,sl,0.0198181186593226,11.616666666666667,0.1249390220362955,18,1,0.3823829543804093,1.7650934514506806,0.5360841671355754,0.6404441578596528,-0.21181614271195137,1.8339840078343217,0.2042425746083376,0.4534265524114178,0.684999520839169,1.2034559603242845,0.6443587510884217,False,True,True
2026-05-27 07:21:45,sell,0.04,4484.6,B,2806.65,2026-05-27 09:00:50,4483.7,3.6,sl,0.0200686794809023,99.08333333333331,0.1282667949334616,7,2,0.3613005931999893,1.8888156638406608,1.7463526013344333,2.161609757503347,1.3935218176333475,0.5878806150135585,0.18553040390589803,0.16381725275359527,0.5963169915656596,1.233209221210041,1.35630769230769,False,True,True
2026-05-27 11:46:17,sell,0.03,4456.18,A,2849.67,2026-05-27 11:46:54,4455.32,2.58,sl,0.0192990408825626,0.6166666666666667,0.0905367989977787,11,2,0.36530185921529684,1.8888156638406608,1.7463526013344333,2.161609757503347,1.3935218176333475,1.2178793736366988,-0.10969165942078529,0.3665620825696547,0.6447696730005892,1.3410404429529121,0.6639087267026312,False,False,True
2026-05-28 03:02:55,sell,0.03,4404.3,A,2812.62,2026-05-28 03:15:06,4403.79,1.53,sl,0.0115795926708039,12.183333333333334,0.0543976790323612,3,3,0.4767681610347787,1.9419085993246492,2.644236413285095,2.8308236265412576,1.1917217897107646,1.1906124014833819,1.0613905989195316,0.6519501057672961,1.6735780977141235,2.78097704823258,2.466979209131673,False,False,True
2026-05-28 03:03:15,sell,0.04,4403.65,B,2812.34,2026-05-28 03:14:43,4402.77,3.52,sl,0.0199834228423966,11.466666666666669,0.125162675921119,3,3,0.4767681610347787,1.9419085993246492,2.644236413285095,2.8308236265412576,1.1917217897107646,1.2051949916654925,1.0613905989195316,0.6519501057672961,1.6735780977141235,2.78097704823258,2.466979209131673,True,True,True
2026-05-29 16:04:46,buy,0.02,4577.31,A,2627.1,2026-05-29 16:35:00,4578.2,1.78,sl,0.0194437344204219,30.23333333333333,0.0677553195538807,16,4,0.4261507682638733,1.9512081853856116,-1.7266125343953331,3.34408767347774,0.7591920796343965,1.9175318790788376,0.5682506736822246,1.386763219565279,1.6203991253648686,1.0115078496231167,2.315596195512462,False,False,False
2026-05-29 16:04:57,buy,0.04,4578.2,B,2806.93,2026-05-29 16:27:51,4579.09,3.56,sl,0.0194399545673043,22.9,0.1268289554780489,16,4,0.4261507682638733,1.9512081853856116,-1.7266125343953331,3.34408767347774,0.7591920796343965,1.9373484533052432,0.5682506736822246,1.386763219565279,1.6203991253648686,1.0115078496231167,2.315596195512462,True,True,False
2026-06-03 09:51:47,sell,0.04,4449.97,B,2817.11,2026-06-03 10:03:37,4449.08,3.56,sl,0.020000134832377,11.833333333333334,0.1263706422539411,9,2,0.3334713775346358,1.9565204234753137,1.4283183473053906,1.752089776206093,0.017165659763240804,0.7823752636531123,0.362228049293456,0.7594513587895091,0.8655104546108183,1.2558135316595886,1.3056611033619991,False,True,True
2026-06-09 16:31:49,sell,0.03,4271.21,A,2825.59,2026-06-09 16:32:20,4270.45,2.28,sl,0.017793552646679,0.5166666666666667,0.0806911122986703,16,1,0.4427768252004778,1.9466010812873389,3.3810697917336263,1.9566026095736808,-0.24041523741584747,1.3103292112608411,0.9009465699512553,0.8159293015017943,1.0882994251742772,2.8811030038852548,3.006901725431375,False,False,True
2026-06-09 16:31:49,sell,0.04,4270.11,B,2825.31,2026-06-09 16:33:16,4269.28,3.32,sl,0.0194374383798058,1.45,0.1175092290757474,16,1,0.4427768252004778,1.9466010812873389,3.3810697917336263,1.9566026095736808,-0.24041523741584747,1.335745577552272,0.9009465699512553,0.8159293015017943,1.0882994251742772,2.8811030038852548,3.006901725431375,False,True,True
2026-06-17 17:22:45,buy,0.03,4366.53,A,2825.8,2026-06-17 19:00:01,4371.68,15.45,sl,0.1179426226317131,97.26666666666668,0.546747823625168,17,2,0.3344825407447025,2.4023257177915545,-0.6739627372970736,1.10918392294528,0.5452087261224925,0.7150221541541546,0.6927186090247339,0.7227007912546712,0.9662278687581516,1.2658654477245346,1.4380933737888233,False,False,False
2026-06-17 18:33:33,buy,0.04,4367.15,B,2830.28,2026-06-17 19:00:01,4371.68,18.12,sl,0.1037289765636778,26.466666666666665,0.64021934225589,18,2,0.32944774942637317,2.4023257177915545,-0.6739627372970736,1.10918392294528,0.5452087261224925,0.7293225972372364,0.44977580335212597,0.7529674962097443,0.8344616682420813,1.1564077825284125,0.7944496941364175,False,True,False
2026-06-18 17:35:59,sell,0.05,4221.25,B,2830.56,2026-06-18 18:00:57,4220.46,3.95,sl,0.0187148356529455,24.966666666666665,0.1395483579221073,17,3,0.49438057181521494,2.5498354248269255,2.039989372118245,3.8236817496830118,1.5845813545287357,1.06661729274673,0.46883462453198854,2.1531089402287207,1.6132743117575288,1.7908021192452162,1.514612886686037,False,True,True
2026-06-23 05:59:06,sell,0.04,4122.94,B,2866.82,2026-06-23 06:01:05,4122.14,3.2,sl,0.0194036294488707,1.9833333333333332,0.1116219365010708,5,1,0.43315479264206963,2.4670526632331065,2.483496318731848,2.0131168824969676,-0.8112985106946136,1.599772790735987,1.175870217885333,1.290268796074645,1.181844359332107,2.5400519150000744,1.0528828936373298,False,True,True
2026-06-23 05:59:06,sell,0.03,4124.36,A,2867.1,2026-06-23 06:01:20,4123.59,2.31,sl,0.0186695632776849,2.2333333333333334,0.0805692162812598,5,1,0.43315479264206963,2.4670526632331065,2.483496318731848,2.0131168824969676,-0.8112985106946136,1.5658823332864058,1.175870217885333,1.290268796074645,1.181844359332107,2.5400519150000744,1.0528828936373298,False,False,True
2026-06-24 00:37:49,sell,0.05,4092.82,B,2871.77,2026-06-24 00:46:07,4092.2,3.1,sl,0.0151484795324579,8.3,0.1079473634727015,0,2,0.41358457835082946,2.670070016136148,4.0680606401594765,2.62062782017173,2.043212719900156,0.2797066491240896,0.32735608960038354,0.436401567067346,1.2324506725557738,2.9771882559878393,1.0668630338733174,False,True,True
2026-06-24 00:37:49,sell,0.03,4093.17,A,2872.12,2026-06-24 00:46:07,4092.83,1.02,sl,0.0083065203741878,8.3,0.0355138364692283,0,2,0.41358457835082946,2.670070016136148,4.0680606401594765,2.62062782017173,2.043212719900156,0.2711790073825049,0.32735608960038354,0.436401567067346,1.2324506725557738,2.9771882559878393,1.0668630338733174,False,False,True
2026-06-30 02:07:11,sell,0.03,3961.68,A,2875.68,2026-06-30 02:08:41,3961.19,1.47,sl,0.0123684901354925,1.5,0.051118344182941,2,1,0.4045702247492927,2.252920399647682,4.065023767137877,1.8820452139253954,1.2831894315160963,1.3162221137271723,0.7210688551040012,1.2885736566526695,1.245182268724121,2.9927378725692066,2.179596174282672,False,False,True
2026-06-30 02:07:11,sell,0.05,3960.29,B,2875.33,2026-06-30 02:08:40,3959.65,3.2,sl,0.0161604326955822,1.4833333333333334,0.111291573488956,2,1,0.4045702247492927,2.252920399647682,4.065023767137877,1.8820452139253954,1.2831894315160963,1.3508464274682885,0.7210688551040012,1.2885736566526695,1.245182268724121,2.9927378725692066,2.179596174282672,False,True,True
2026-07-01 14:44:49,buy,0.04,4094.64,B,2863.36,2026-07-01 14:46:37,4095.32,2.72,sl,0.0166070765683989,1.8,0.09499329459097,14,2,0.41006718035001366,2.30675693522143,-3.7148358355506894,3.007816685396479,-0.03263154748264219,2.029557534031534,0.9632373609605338,0.6512661284067578,0.31445566133350145,-1.3655550388823046,0.8686728729162119,False,True,False
2026-07-02 13:30:39,buy,0.03,4114.46,A,2863.64,2026-07-02 13:30:51,4115.14,2.04,sl,0.0165270776724112,0.2,0.0712380047771368,13,3,0.3835422442905301,2.407515774700513,-2.6756661558242967,3.841409299577524,0.7958756002083067,1.7156729442826535,-0.2676505871876067,0.7456860981212898,0.6019013544253271,-0.249008982140142,0.9530441156259774,False,False,False
2026-07-02 13:30:39,buy,0.05,4114.46,B,2882.37,2026-07-02 13:30:51,4115.14,3.4,sl,0.0165270776724112,0.2,0.1179584855518202,13,3,0.3835422442905301,2.407515774700513,-2.6756661558242967,3.841409299577524,0.7958756002083067,1.7156729442826535,-0.2676505871876067,0.7456860981212898,0.6019013544253271,-0.249008982140142,0.9530441156259774,False,True,False
2026-07-03 01:49:50,buy,0.03,4141.39,A,2887.6,2026-07-03 02:41:03,4182.29,122.7,sl,0.9875911227872678,51.21666666666667,4.249203490788198,1,4,0.5155062136337818,2.47378827597457,-0.6872798808251757,2.744624574826852,1.9710461649518285,0.4019579083642588,0.11427961382710627,1.4710945415556065,1.374711283667862,1.121391292200169,0.6069377749421065,False,False,False
2026-07-03 01:51:06,buy,0.04,4142.0,B,2887.32,2026-07-03 02:41:03,4182.29,161.16,sl,0.972718493481409,49.95,5.581646648102739,1,4,0.5155062136337818,2.47378827597457,-0.6872798808251757,2.744624574826852,1.9710461649518285,0.4167464683221711,0.11427961382710627,1.4710945415556065,1.374711283667862,1.121391292200169,0.6069377749421065,True,True,False
2026-07-06 00:28:03,buy,0.03,4192.97,A,3170.34,2026-07-06 00:34:45,4193.79,2.46,sl,0.0195565434524861,6.7,0.0775942012528624,0,0,0.29894930294620387,2.094197085171818,0.714695568446011,0.3519378068114478,0.20312219630360673,0.11365237177696219,0.440300440300434,0.4053862916623574,1.5612120989171308,2.2537325345165504,1.1772491300131223,False,False,False
2026-07-06 00:28:04,buy,0.05,4193.43,B,3169.99,2026-07-06 00:34:43,4194.12,3.45,sl,0.016454310671684,6.65,0.1088331508932204,0,0,0.29894930294620387,2.094197085171818,0.714695568446011,0.3519378068114478,0.20312219630360673,0.12463558417559195,0.440300440300434,0.4053862916623574,1.5612120989171308,2.2537325345165504,1.1772491300131223,True,True,False
2026-07-08 09:56:36,sell,0.05,4058.59,B,3170.55,2026-07-08 10:15:17,4057.86,3.65,sl,0.0179865421242357,18.683333333333334,0.1151219819905063,9,2,0.39774884001476585,2.2518039876999127,1.3203553284523384,2.1534917993587777,1.5827123910699514,0.9742541209997846,0.10108551786328634,0.14610814425695118,0.2726511991976377,-0.15613622523391602,0.7571030155133285,False,True,True
2026-07-13 15:16:46,sell,0.04,4020.68,A,3170.9,2026-07-13 15:18:57,4019.9,3.12,sl,0.0193997035327294,2.183333333333333,0.098394777507963,15,0,0.4459769855029637,2.0564671270116177,1.411696767377646,0.5859901983389257,0.3519698088119583,1.3785051313749852,0.42849860491690483,0.7150557041162298,1.0703666803911105,1.4166016399992931,1.4124777183600663,False,False,True
2026-07-13 15:16:46,sell,0.05,4020.68,B,3178.64,2026-07-13 15:18:57,4019.9,3.9,sl,0.0193997035327294,2.183333333333333,0.1226939823320665,15,0,0.4459769855029637,2.0564671270116177,1.411696767377646,0.5859901983389257,0.3519698088119583,1.3785051313749852,0.42849860491690483,0.7150557041162298,1.0703666803911105,1.4166016399992931,1.4124777183600663,False,True,True
2026-07-14 01:07:24,sell,0.03,3988.33,A,3185.45,2026-07-14 02:58:16,4009.09,-62.28,sl,-0.5205186130535894,110.86666666666666,-1.955139776169772,1,1,0.42278282248191257,2.080484385923448,2.94480228459153,2.6158068111950294,1.859755499303395,0.31691997770563196,0.022737948887086024,1.4647756908308662,1.484092547755178,2.2402646836721107,0.6183338259511078,False,False,True
2026-07-14 01:07:24,sell,0.05,3988.33,B,3185.1,2026-07-14 01:34:06,4002.5,-70.85,sl,-0.355286548505266,26.7,-2.2244199554174124,1,1,0.42278282248191257,2.080484385923448,2.94480228459153,2.6158068111950294,1.859755499303395,0.31691997770563196,0.022737948887086024,1.4647756908308662,1.484092547755178,2.2402646836721107,0.6183338259511078,False,True,True
2026-07-16 14:02:39,sell,0.03,3983.26,A,3051.76,2026-07-16 14:03:22,3982.57,2.07,sl,0.01732249464007,0.7166666666666667,0.0678297113796628,14,3,0.35920383341586737,2.178134204145982,1.2277137524670634,1.5695741064610635,-0.2600532948727752,1.882656064871946,0.9725257145124844,1.2883622149643892,1.2067847220820105,1.8895698152513685,3.693495368064571,False,False,True
2026-07-16 14:02:39,sell,0.05,3983.26,B,3051.41,2026-07-16 14:03:22,3982.57,3.45,sl,0.01732249464007,0.7166666666666667,0.1130624858671892,14,3,0.35920383341586737,2.178134204145982,1.2277137524670634,1.5695741064610635,-0.2600532948727752,1.882656064871946,0.9725257145124844,1.2883622149643892,1.2067847220820105,1.8895698152513685,3.693495368064571,False,True,True
2026-07-17 13:43:03,sell,0.03,3971.92,A,3056.72,2026-07-17 13:44:22,3971.13,2.37,sl,0.0198896251686832,1.3166666666666669,0.0775340888272396,13,4,0.34346832548192957,2.1724377149061986,2.907540579668577,2.3317950574088595,2.000399045247303,0.16513802975499647,0.0057581189477184935,-0.20195279572914338,0.41681401124069595,1.4660359469917283,0.6429240862230358,False,False,True
2026-07-17 13:43:03,sell,0.05,3968.67,B,3056.37,2026-07-17 14:02:38,3967.92,3.75,sl,0.0188980187317161,19.58333333333333,0.1226945690475957,13,4,0.34346832548192957,2.1724377149061986,2.907540579668577,2.3317950574088595,2.000399045247303,0.24682731388038226,0.0057581189477184935,-0.20195279572914338,0.41681401124069595,1.4660359469917283,0.6429240862230358,False,True,True
2026-07-21 07:41:45,buy,0.05,4079.27,B,3175.34,2026-07-21 09:21:02,4064.92,-71.75,sl,-0.3517786270582704,99.28333333333332,-2.259600546713108,7,1,0.34342637805813514,1.8082425507191733,-1.784888945317742,1.4530574698852428,0.1414310317205958,1.9654355303151627,0.5799656775222539,1.289817375625657,1.1130045769479846,0.5121758573444435,1.5406595657517275,False,True,False
2026-07-22 01:30:14,buy,0.03,4101.18,A,3175.69,2026-07-22 02:55:43,4118.07,50.67,sl,0.4118326920544676,85.48333333333333,1.5955587604583572,1,2,0.28165641697751564,1.8955510067045969,0.16295138560713518,2.127153804493004,1.9979303311470131,0.5055691022043618,-0.08935981648187097,0.441543482434259,0.9199444642897348,0.8759277151751288,0.3279890628883928,False,False,False
2026-07-22 14:31:30,buy,0.05,4140.57,B,3040.71,2026-07-22 14:34:42,4141.38,4.05,sl,0.0195625240003284,3.2,0.1331925767337233,14,2,0.34231433038134707,1.8955510067045969,0.16295138560713518,2.127153804493004,1.9979303311470131,1.470880150960041,-0.051031938703338664,0.3758325056069989,0.9464257505645834,1.4411321960444923,1.9645883009487017,False,True,False
2026-07-28 10:57:43,sell,0.05,4023.67,B,3062.14,2026-07-28 11:32:48,4022.89,3.9,sl,0.0193852875608635,35.083333333333336,0.1273619102980268,10,1,0.25744463642588467,1.761030061458109,0.016718185187281076,1.2480610261344314,0.37095090096808114,1.2368497272990497,-0.006921698288131495,0.9269281820452613,0.5709440535879962,0.5222660235576937,1.2990878540566129,False,True,True
2026-07-29 02:04:04,sell,0.05,4013.68,B,3047.75,2026-07-29 02:38:01,4027.77,-70.45,sl,-0.3510494110143346,33.95,-2.3115413009597243,2,2,0.3271858923083699,1.8107910848001993,1.2590356292690785,1.5787495924964614,1.3669410857964803,0.11646542370520319,0.1620954749794512,0.1531728121982212,0.6908543031317937,0.9677988260552217,0.9103837594311471,False,True,True
2026-07-29 20:01:48,buy,0.05,4114.17,B,3044.2,2026-07-29 20:05:51,4099.74,-72.15,sl,-0.3507390312019263,4.05,-2.370080809408055,20,2,0.4466720557871369,1.8107910848001993,-1.2590356292690785,1.5787495924964614,-1.3669410857964803,2.3843060352979784,2.4222488784037655,1.6284646011239134,1.6250676878881265,1.2456804995474302,3.720359771054753,False,True,False
2026-08-05 03:37:53,buy,0.03,4117.89,A,3044.55,2026-08-05 04:29:29,4130.35,37.38,sl,0.3025821476532893,51.6,1.2277676503916837,3,2,0.4140102763296124,1.774069065879876,0.14135655811446934,1.5594254954782647,0.5662597985151452,1.0269796836627876,0.629560387255701,0.7511778606415387,0.836096239015105,0.9616006657525489,1.4752029613426807,False,False,False
2026-08-05 03:37:54,buy,0.05,4118.46,B,2904.8,2026-08-05 04:29:29,4130.35,59.45,sl,0.2887001451999127,51.583333333333336,2.046612503442577,3,2,0.4140102763296124,1.774069065879876,0.14135655811446934,1.5594254954782647,0.5662597985151452,1.0409638790686015,0.629560387255701,0.7511778606415387,0.836096239015105,0.9616006657525489,1.4752029613426807,True,True,False
2026-08-07 09:33:50,buy,0.03,4301.32,A,3001.42,2026-08-07 09:36:52,4302.06,2.22,sl,0.0172040210912159,3.033333333333333,0.0739649899047784,9,4,0.36129104441082754,1.937492778468165,3.3869191092258166,1.9008250821191472,-0.21952321346220272,1.429241801490777,0.5910958133253263,1.1005144374768738,1.4378901375750042,3.745622703507978,0.958064516128997,False,False,False
2026-08-07 09:33:51,buy,0.04,4302.2,B,3001.14,2026-08-07 09:36:50,4303.02,3.28,sl,0.0190600158058811,2.9833333333333334,0.1092918024484029,9,4,0.36129104441082754,1.937492778468165,3.3869191092258166,1.9008250821191472,-0.21952321346220272,1.449993043617681,0.5910958133253263,1.1005144374768738,1.4378901375750042,3.745622703507978,0.958064516128997,True,True,False
2026-08-10 19:31:20,buy,0.03,4368.98,A,3005.87,2026-08-10 21:06:04,4387.5,55.56,sl,0.4238975687689218,94.73333333333332,1.8483833299510624,19,0,0.36450470214506064,1.8326011308119985,4.737121553124557,0.27085790094340123,0.050235276224896985,0.6264711708101167,0.3417351862974316,0.2994962390449052,1.1547671967493844,4.005546404742333,0.8600961754527889,False,False,False
2026-08-10 19:31:21,buy,0.04,4369.69,B,3005.59,2026-08-10 21:06:04,4387.5,71.24,sl,0.407580400440315,94.71666666666668,2.370250100645797,19,0,0.36450470214506064,1.8326011308119985,4.737121553124557,0.27085790094340123,0.050235276224896985,0.6428239109305345,0.3417351862974316,0.2994962390449052,1.1547671967493844,4.005546404742333,0.8600961754527889,True,True,False
2026-08-12 13:30:03,buy,0.05,4433.26,B,3131.83,2026-08-12 13:30:06,4413.12,-100.7,sl,-0.4542932289105608,0.05,-3.215372481903552,13,2,0.33899375039454477,1.9260775708445927,4.307476716703551,1.7939949920119407,-0.7013827649844928,1.4694236288812723,0.25012267597186444,0.9440522648561878,0.8335297296367283,3.6363322423565103,0.5929427493673857,False,True,False
2026-08-12 13:30:03,buy,0.03,4432.69,A,3132.18,2026-08-12 13:30:06,4409.57,-69.36,sl,-0.5215794472430937,0.05,-2.214432120759344,13,2,0.33899375039454477,1.9260775708445927,4.307476716703551,1.7939949920119407,-0.7013827649844928,1.4563773443257544,0.25012267597186444,0.9440522648561878,0.8335297296367283,3.6363322423565103,0.5929427493673857,False,False,False
2026-08-13 01:34:10,buy,0.04,4439.02,B,2961.28,2026-08-13 01:38:25,4439.64,2.48,sl,0.0139670467805932,4.25,0.0837475686189755,1,3,0.45360565853399815,1.9564239668182517,4.596354200094921,1.7844730852576423,0.7635509697738074,0.8327351693182994,0.01517966378177249,0.03784445250181179,0.5641049963714284,3.2790057037672016,0.641720767639311,False,True,False
2026-08-13 01:34:10,buy,0.03,4438.26,A,2961.56,2026-08-13 01:38:40,4439.02,2.28,sl,0.0171238278063975,4.5,0.076986453085536,1,3,0.45360565853399815,1.9564239668182517,4.596354200094921,1.7844730852576423,0.7635509697738074,0.8154717015419033,0.01517966378177249,0.03784445250181179,0.5641049963714284,3.2790057037672016,0.641720767639311,False,False,False
2026-08-14 02:19:01,sell,0.05,4318.86,B,3006.08,2026-08-14 03:27:10,4318.23,3.15,sl,0.0145871827287781,68.15,0.1047876304023845,2,4,0.42900482661281103,2.047156841422599,-3.1265733020224618,2.428075106374668,1.0782852833480128,0.8321278501067897,0.20780892612898283,1.062959375534167,0.8718314635971947,-1.0460250973938212,1.7483220189468274,False,True,True
2026-08-19 13:56:32,buy,0.04,4434.76,B,2965.55,2026-08-19 13:58:32,4435.59,3.32,sl,0.0187157816882971,2.0,0.1119522516902429,13,2,0.30833548262088684,1.9438791285366877,1.4195688324434963,2.4689306991919446,-1.7695203686368677,2.3222760843633505,0.20593657520817654,0.729273403675923,-0.14477706226687648,0.5527563909694555,0.8099357783556755,False,True,False
2026-08-19 14:12:24,buy,0.03,4446.87,A,2965.83,2026-08-19 14:35:43,4454.49,22.86,sl,0.1713564821998369,23.316666666666663,0.7707791748009832,14,2,0.4153574268856054,1.9438791285366877,1.4195688324434963,2.4689306991919446,-1.7695203686368677,2.601687543694098,1.7600047685422782,2.318757059542187,1.4867996003121497,2.234818600284072,4.346828871411357,False,False,False
2026-08-20 16:01:27,buy,0.04,4523.2,B,2994.11,2026-08-20 16:03:02,4523.99,3.16,sl,0.0174655111425531,1.5833333333333333,0.1055405446025697,16,3,0.3971566682620424,2.086686958072159,5.174299430669582,4.4419905641171,4.264081899167316,0.09072602951913922,1.097830977906833,0.5624870567853435,1.516539493418212,3.2215010594419002,1.9731581043408648,False,True,False
2026-08-20 16:01:27,buy,0.03,4523.2,A,2994.39,2026-08-20 16:03:02,4523.99,2.37,sl,0.0174655111425531,1.5833333333333333,0.0791480067726649,16,3,0.3971566682620424,2.086686958072159,5.174299430669582,4.4419905641171,4.264081899167316,0.09072602951913922,1.097830977906833,0.5624870567853435,1.516539493418212,3.2215010594419002,1.9731581043408648,False,False,False
2026-08-21 02:34:57,buy,0.03,4538.52,A,2999.43,2026-08-21 06:01:03,4539.39,2.61,sl,0.0191692445995586,206.1,0.0870165331412968,2,4,0.4235476398454668,2.1265057216554606,4.770511962604185,1.9969984240621261,0.11484587639130073,0.31541139415374175,-0.1821292077268888,0.9749294267504593,0.9008289996135455,2.8022726366065065,0.9223061392357678,False,False,False
2026-08-21 02:34:58,buy,0.04,4538.76,B,2999.15,2026-08-21 03:04:48,4522.71,-64.2,sl,-0.3536208127329971,29.83333333333333,-2.140606505176467,2,4,0.4235476398454668,2.1265057216554606,4.770511962604185,1.9969984240621261,0.11484587639130073,0.3207161407968284,-0.1821292077268888,0.9749294267504593,0.9008289996135455,2.8022726366065065,0.9223061392357678,True,True,False
2026-08-24 01:05:08,buy,0.04,4630.01,B,2937.07,2026-08-24 01:18:08,4630.83,3.28,sl,0.0177105449016245,13.0,0.1116759219221877,1,0,0.41948387280140764,1.867292110874202,5.398650543474481,0.31652645861600925,-0.0865464704657426,0.5138569884116206,0.15637860082304833,0.7773697573307592,1.8252738429754833,4.458052294616421,1.0284641160658243,False,True,False
2026-08-24 01:05:08,buy,0.03,4629.51,A,2937.35,2026-08-24 01:18:54,4630.43,2.76,sl,0.0198725135057505,13.766666666666667,0.0939622448805896,1,0,0.41948387280140764,1.867292110874202,5.398650543474481,0.31652645861600925,-0.0865464704657426,0.5030023836712028,0.15637860082304833,0.7773697573307592,1.8252738429754833,4.458052294616421,1.0284641160658243,False,False,False
2026-08-25 00:50:12,buy,0.03,4677.96,A,2942.9,2026-08-25 01:04:46,4678.76,2.4,sl,0.0171014715816334,14.566666666666666,0.0815522104047028,0,1,0.4376057211779627,1.757293709232216,6.1184472695749115,1.8471347131499678,1.3335967384083824,0.21873493653259413,0.6705228741254565,0.4694401157134376,1.3835089645614085,4.414587824136307,0.7984753645487032,False,False,False
2026-08-25 00:50:15,buy,0.04,4678.78,B,2942.62,2026-08-25 01:04:10,4679.58,3.2,sl,0.0170984743886265,13.916666666666666,0.1087466271553921,0,1,0.4376057211779627,1.757293709232216,6.1184472695749115,1.8471347131499678,1.3335967384083824,0.23630228696909228,0.6705228741254565,0.4694401157134376,1.3835089645614085,4.414587824136307,0.7984753645487032,True,True,False
2026-08-27 10:37:06,sell,0.04,4584.99,B,2968.42,2026-08-27 11:42:33,4584.1,3.56,sl,0.0194111655641433,65.45,0.1199291205422413,10,3,0.3738938417320456,1.9080201931233178,-3.763001908161656,1.9622561281182913,1.3504287771878176,0.5287068052831634,0.17364540306353815,-0.10273443366555224,0.44344182739903815,-1.342474012389272,0.711223726842209,False,True,True
2026-08-28 15:05:15,sell,0.04,4567.42,B,2951.5,2026-08-28 15:05:29,4566.71,2.84,sl,0.0155448809174552,0.2333333333333333,0.0962222598678637,15,4,0.37445754447041807,1.9066415496536087,-3.4189524519538272,1.6882102888869641,-0.031240779631014348,0.9399751884721863,-0.11999504368298552,-0.6503567565204982,-0.028110509182543986,-1.170426935754043,1.944750465934983,False,True,True
2026-08-28 19:23:56,sell,0.03,4453.44,A,3006.43,2026-08-28 19:45:07,4452.6,2.52,sl,0.018861823668877,21.183333333333334,0.0838203450604205,19,4,0.6765589959828046,1.9066415496536087,-3.4189524519538272,1.6882102888869641,-0.031240779631014348,3.412018842880582,2.344717884400671,2.274466587075652,2.6402926004652882,1.790578056871639,0.8624949802754348,False,False,True
2026-09-01 09:09:51,sell,0.03,4399.35,A,2956.37,2026-09-01 09:12:52,4398.5,2.55,sl,0.0193210360621538,3.0166666666666666,0.0862544268816149,9,1,0.34846516317943155,1.9952541140220472,0.229263558771009,1.6970381097149496,0.3196291763608916,1.0723987191480044,0.14706181340092828,0.24306190292420204,1.2332175518114608,2.1553710568368745,1.4906325357076549,False,False,True
2026-09-01 09:09:51,sell,0.04,4397.41,B,2956.09,2026-09-01 09:12:18,4396.53,3.52,sl,0.0200117796612121,2.45,0.1190762121586284,9,1,0.34846516317943155,1.9952541140220472,0.229263558771009,1.6970381097149496,0.3196291763608916,1.1160232424264227,0.14706181340092828,0.24306190292420204,1.2332175518114608,2.1553710568368745,1.4906325357076549,False,True,True
2026-09-03 13:32:14,buy,0.04,4470.08,B,2956.58,2026-09-03 13:41:30,4470.87,3.16,sl,0.0176730617796541,9.266666666666667,0.1068802467716077,13,3,0.33254922583582264,2.3122395779880534,-1.2327380668135768,2.621153964572329,1.2773103032514888,1.9462955614244049,0.20766488614507583,1.3340994543667772,1.0830760175942977,-0.3408180258410609,1.347832390894574,False,True,False
2026-09-08 19:49:15,sell,0.04,4367.77,B,2964.76,2026-09-08 19:53:24,4366.9,3.48,sl,0.019918631246627,4.15,0.1173788097518854,19,1,0.3945945171993233,1.9763907205458473,0.6667334383681389,1.2015309537151952,0.49058120213840706,0.9018677169927769,0.197557022140471,0.6578247656202185,0.5141906876934721,1.1734764597573166,1.0662213425696978,False,True,True
2026-09-10 13:34:33,sell,0.04,4343.53,B,2967.96,2026-09-10 13:44:49,4342.82,2.84,sl,0.0163461516324288,10.266666666666667,0.0956886211404466,13,3,0.3704014527391217,2.1214288798890557,0.6060900410059356,2.108538478497534,-1.0479777680806324,1.2762291803040338,0.45893477983872666,0.44239832689685343,0.6156333785674373,1.1798903449779519,1.0046724852331612,False,True,True
2026-09-11 13:30:11,sell,0.03,4303.64,A,2970.59,2026-09-11 13:30:22,4302.89,2.25,sl,0.0174271082153711,0.1833333333333333,0.0757425292618638,13,4,0.40701557514912395,2.2097691225758123,2.2101099526559365,2.796456324617717,1.8410429849443632,0.34617780340342463,0.3133137646420092,-0.4224572039033925,0.6818482153525984,1.7081229599332337,0.7081359089620898,False,False,True
2026-09-11 13:30:12,sell,0.04,4302.63,B,2970.31,2026-09-11 13:30:20,4302.4,0.92,sl,0.0053455677109226,0.1333333333333333,0.0309731980837017,13,4,0.40701557514912395,2.2097691225758123,2.2101099526559365,2.796456324617717,1.8410429849443632,0.3695650663758321,0.3133137646420092,-0.4224572039033925,0.6818482153525984,1.7081229599332337,0.7081359089620898,True,True,True
2026-09-14 10:19:02,sell,0.03,4292.14,A,2973.27,2026-09-14 11:12:41,4288.45,11.07,sl,0.0859711006630843,53.65,0.3723173475668204,10,0,0.3622403606846558,2.139262670473985,1.476509644785462,0.3284916355656165,0.007837080917860728,1.0571692023974122,0.7089369864529682,0.9580557401705159,1.021817625170729,2.057512507766601,0.9640584222334125,False,False,True
2026-09-14 10:19:02,sell,0.04,4292.14,B,2972.99,2026-09-14 11:12:41,4288.45,14.76,sl,0.0859711006630843,53.65,0.4964698838543016,10,0,0.3622403606846558,2.139262670473985,1.476509644785462,0.3284916355656165,0.007837080917860728,1.0571692023974122,0.7089369864529682,0.9580557401705159,1.021817625170729,2.057512507766601,0.9640584222334125,False,True,True
2026-09-16 20:07:07,sell,0.05,4255.77,B,2998.26,2026-09-16 20:15:14,4255.07,3.5,sl,0.0164482573071554,8.116666666666667,0.1167343726027762,20,2,0.5304272786765657,2.082826093979974,2.140700466814127,1.3056382589313817,0.15131797960233895,0.7745413255801359,2.104431252182548,1.659804663700315,1.3276710187754892,2.2302884865640915,4.857061593401409,False,True,True
2026-09-16 20:07:07,sell,0.03,4255.77,A,2998.61,2026-09-16 20:15:14,4255.07,2.1,sl,0.0164482573071554,8.116666666666667,0.0700324483677437,20,2,0.5304272786765657,2.082826093979974,2.140700466814127,1.3056382589313817,0.15131797960233895,0.7745413255801359,2.104431252182548,1.659804663700315,1.3276710187754892,2.2302884865640915,4.857061593401409,False,False,True
2026-09-17 13:19:13,buy,0.04,4365.02,B,2965.04,2026-09-17 13:35:35,4365.83,3.24,sl,0.0185566160063296,16.366666666666667,0.1092733993470577,13,3,0.48320419207181825,2.18868087517101,-2.405922783924108,3.0975048398513088,-0.5206353943469244,2.3050763241591277,0.8875828847487277,1.8330024720952798,0.9164835867486731,0.011311033755401212,1.414891086417271,False,True,False
2026-09-23 14:42:32,sell,0.05,4293.32,B,3003.51,2026-09-23 14:44:36,4292.5,4.1,sl,0.0190994381970062,2.066666666666667,0.1365069535310353,14,2,0.2903634150052267,1.844484753654434,0.14911631279439508,1.9400271874304942,-0.025222358015319912,1.5821783721580718,0.1003662324417065,1.0951007322855144,0.6549596505514899,0.8910388394144042,1.4607305936072796,False,True,True
2026-09-24 09:15:35,sell,0.05,4275.96,B,3010.5,2026-09-24 11:00:25,4256.41,97.75,sl,0.4572072704141334,104.83333333333331,3.2469689420362067,9,3,0.32825467608076325,1.9449440945136243,1.6454115845415784,2.202815706222871,1.6695168189549636,0.3156545051870796,0.2538710083504703,0.2731673662890066,0.7589235025028618,1.3752664000276305,0.9704521181915345,False,True,True
