<DATE>	<TIME>	<OPEN>	<HIGH>	<LOW>	<CLOSE>	<TICKVOL>	<VOL>	<SPREAD>
2025.01.01	23:00:00	2625.14	2625.85	2621.64	2623.77	1848	0	4
2025.01.02	00:00:00	2623.79	2628.06	2622.88	2625.42	2815	0	4
2025.01.02	01:00:00	2625.41	2634.43	2623.90	2632.88	10679	0	4
2025.01.02	02:00:00	2632.96	2636.41	2632.38	2634.77	5963	0	4
2025.01.02	03:00:00	2634.74	2635.41	2632.34	2633.60	4396	0	4
2025.01.02	04:00:00	2633.59	2634.21	2631.28	2634.00	2780	0	4
2025.01.02	05:00:00	2634.02	2636.56	2633.26	2634.18	4701	0	4
2025.01.02	06:00:00	2634.17	2635.50	2631.31	2634.18	4882	0	4
2025.01.02	07:00:00	2634.17	2636.09	2633.06	2635.99	5005	0	4
2025.01.02	08:00:00	2636.00	2638.01	2631.15	2636.51	6822	0	4
2025.01.02	09:00:00	2636.53	2640.05	2636.15	2636.23	5455	0	4
2025.01.02	10:00:00	2636.21	2646.55	2632.67	2642.65	9377	0	4
2025.01.02	11:00:00	2642.61	2644.65	2640.42	2642.08	4871	0	4
2025.01.02	12:00:00	2642.05	2646.57	2640.45	2643.38	6283	0	4
2025.01.02	13:00:00	2643.34	2647.43	2636.02	2643.07	13016	0	4
2025.01.02	14:00:00	2643.06	2651.22	2640.36	2647.75	14071	0	4
2025.01.02	15:00:00	2647.67	2656.00	2645.22	2654.15	15249	0	4
2025.01.02	16:00:00	2654.09	2660.56	2650.07	2659.39	13476	0	4
2025.01.02	17:00:00	2659.40	2660.39	2652.68	2656.78	9203	0	4
2025.01.02	18:00:00	2656.77	2659.00	2653.95	2655.49	6928	0	4
2025.01.02	19:00:00	2655.50	2657.21	2653.85	2654.76	6091	0	4
2025.01.02	20:00:00	2654.85	2660.44	2654.21	2659.67	5905	0	4
2025.01.02	21:00:00	2659.64	2660.05	2656.61	2657.23	1477	0	4
2025.01.02	23:00:00	2657.82	2659.61	2657.70	2658.34	1386	0	4
2025.01.03	00:00:00	2658.36	2661.27	2658.23	2660.81	2667	0	4
2025.01.03	01:00:00	2660.83	2662.64	2656.86	2659.55	5827	0	4
2025.01.03	02:00:00	2659.53	2664.10	2656.22	2662.52	6646	0	4
2025.01.03	03:00:00	2662.56	2665.42	2661.42	2662.31	3694	0	4
2025.01.03	04:00:00	2662.26	2664.43	2661.72	2662.96	1743	0	4
2025.01.03	05:00:00	2662.95	2663.01	2655.99	2658.65	4991	0	4
2025.01.03	06:00:00	2658.64	2660.35	2656.79	2659.60	5830	0	4
2025.01.03	07:00:00	2659.59	2659.60	2651.94	2654.40	7476	0	4
2025.01.03	08:00:00	2654.31	2655.86	2649.95	2653.01	9380	0	4
2025.01.03	09:00:00	2652.99	2655.98	2652.86	2653.70	7318	0	4
2025.01.03	10:00:00	2653.69	2658.02	2653.16	2657.76	6003	0	4
2025.01.03	11:00:00	2657.68	2659.36	2656.36	2657.64	6193	0	4
2025.01.03	12:00:00	2657.63	2658.34	2654.88	2655.40	6221	0	4
2025.01.03	13:00:00	2655.32	2656.41	2643.58	2649.84	12892	0	4
2025.01.03	14:00:00	2649.83	2652.72	2645.23	2647.79	16487	0	4
2025.01.03	15:00:00	2647.88	2648.35	2641.04	2644.01	17797	0	4
2025.01.03	16:00:00	2643.97	2647.33	2639.22	2640.04	12426	0	4
2025.01.03	17:00:00	2640.03	2642.65	2639.21	2641.86	8455	0	4
2025.01.03	18:00:00	2641.92	2642.39	2639.78	2641.91	8482	0	4
2025.01.03	19:00:00	2641.94	2642.97	2639.16	2639.59	5596	0	4
2025.01.03	20:00:00	2639.58	2640.16	2636.99	2638.23	6228	0	4
2025.01.03	21:00:00	2638.24	2640.93	2636.77	2639.67	2052	0	4
2025.01.05	23:00:00	2639.77	2642.47	2639.73	2641.08	2494	0	4
2025.01.06	00:00:00	2641.03	2643.39	2638.67	2643.23	3864	0	4
2025.01.06	01:00:00	2643.25	2647.46	2640.85	2641.38	10251	0	4
2025.01.06	02:00:00	2641.40	2645.36	2639.80	2644.61	7179	0	4
2025.01.06	03:00:00	2644.62	2645.40	2639.24	2640.24	5768	0	4
2025.01.06	04:00:00	2640.21	2640.87	2634.42	2635.43	4228	0	4
2025.01.06	05:00:00	2635.39	2636.21	2631.40	2634.03	6713	0	4
2025.01.06	06:00:00	2633.90	2635.46	2630.30	2631.64	5815	0	4
2025.01.06	07:00:00	2631.63	2633.79	2625.24	2627.02	5931	0	4
2025.01.06	08:00:00	2627.01	2632.65	2625.88	2631.66	6243	0	4
2025.01.06	09:00:00	2631.57	2635.69	2631.36	2632.80	5316	0	4
2025.01.06	10:00:00	2632.83	2635.11	2630.98	2633.83	4469	0	4
2025.01.06	11:00:00	2633.84	2649.32	2632.70	2646.76	12180	0	4
2025.01.06	12:00:00	2644.59	2647.99	2642.10	2645.42	7541	0	4
2025.01.06	13:00:00	2645.45	2648.91	2621.90	2624.27	18793	0	4
2025.01.06	14:00:00	2624.33	2634.87	2616.47	2631.61	21159	0	4
2025.01.06	15:00:00	2631.63	2639.70	2629.40	2634.43	19285	0	4
2025.01.06	16:00:00	2634.47	2641.32	2632.64	2640.96	10668	0	4
2025.01.06	17:00:00	2640.97	2641.17	2634.33	2636.80	7288	0	4
2025.01.06	18:00:00	2636.79	2638.72	2633.86	2634.65	8105	0	4
2025.01.06	19:00:00	2634.64	2635.54	2632.96	2634.43	6748	0	4
2025.01.06	20:00:00	2634.45	2635.51	2633.26	2634.63	4946	0	4
2025.01.06	21:00:00	2634.68	2637.06	2634.67	2635.82	1593	0	4
2025.01.06	23:00:00	2635.79	2636.12	2633.63	2634.67	1584	0	4
2025.01.07	00:00:00	2634.69	2635.25	2633.02	2635.11	3237	0	4
2025.01.07	01:00:00	2635.09	2641.20	2634.96	2639.06	9627	0	4
2025.01.07	02:00:00	2639.03	2640.14	2637.00	2638.65	6079	0	4
2025.01.07	03:00:00	2638.60	2640.30	2637.61	2639.66	3646	0	4
2025.01.07	04:00:00	2639.58	2639.82	2637.41	2638.35	3612	0	4
2025.01.07	05:00:00	2638.34	2645.79	2637.14	2644.52	7358	0	4
2025.01.07	06:00:00	2644.51	2646.85	2639.97	2640.33	7323	0	4
2025.01.07	07:00:00	2640.31	2642.18	2638.17	2640.57	7703	0	4
2025.01.07	08:00:00	2640.58	2644.87	2640.17	2642.74	7220	0	4
2025.01.07	09:00:00	2642.64	2644.21	2640.20	2641.43	6189	0	4
2025.01.07	10:00:00	2641.37	2644.77	2641.30	2643.97	6028	0	4
2025.01.07	11:00:00	2643.98	2648.73	2642.08	2648.49	6844	0	4
2025.01.07	12:00:00	2648.48	2652.83	2647.46	2651.70	8161	0	4
2025.01.07	13:00:00	2651.65	2664.33	2650.05	2662.39	16398	0	4
2025.01.07	14:00:00	2662.44	2663.03	2655.83	2658.16	15021	0	4
2025.01.07	15:00:00	2658.16	2658.16	2641.98	2647.83	22469	0	4
2025.01.07	16:00:00	2647.81	2655.59	2646.55	2651.89	15682	0	4
2025.01.07	17:00:00	2651.90	2656.20	2650.39	2652.57	11324	0	4
2025.01.07	18:00:00	2652.56	2652.61	2647.36	2649.21	11524	0	4
2025.01.07	19:00:00	2649.18	2650.39	2647.10	2649.37	9297	0	4
2025.01.07	20:00:00	2649.35	2651.53	2647.27	2650.31	8139	0	4
2025.01.07	21:00:00	2650.42	2650.49	2647.78	2648.71	1266	0	4
2025.01.07	23:00:00	2648.92	2650.25	2648.38	2649.81	1475	0	4
2025.01.08	00:00:00	2649.69	2651.58	2648.73	2650.61	3122	0	4
2025.01.08	01:00:00	2650.62	2650.91	2647.22	2648.85	8713	0	4
2025.01.08	02:00:00	2648.88	2650.39	2645.99	2648.90	6024	0	4
2025.01.08	03:00:00	2648.81	2648.85	2645.70	2646.83	4612	0	4
2025.01.08	04:00:00	2646.82	2648.76	2645.35	2647.06	4042	0	4
2025.01.08	05:00:00	2647.07	2650.84	2646.72	2650.05	5430	0	4
2025.01.08	06:00:00	2650.03	2653.08	2649.01	2652.18	6756	0	4
2025.01.08	07:00:00	2652.17	2654.48	2651.71	2652.70	5738	0	4
2025.01.08	08:00:00	2652.72	2653.82	2649.64	2652.05	8335	0	4
2025.01.08	09:00:00	2652.04	2655.05	2651.88	2653.61	7224	0	4
2025.01.08	10:00:00	2653.58	2655.21	2652.74	2653.23	5312	0	4
2025.01.08	11:00:00	2653.22	2653.22	2647.65	2650.76	9134	0	4
2025.01.08	12:00:00	2650.92	2652.53	2645.88	2652.02	9334	0	4
2025.01.08	13:00:00	2652.08	2660.35	2651.75	2660.29	15463	0	4
2025.01.08	14:00:00	2660.25	2667.60	2660.09	2661.50	16939	0	4
2025.01.08	15:00:00	2661.48	2667.80	2659.42	2665.85	14601	0	4
2025.01.08	16:00:00	2665.83	2670.12	2662.67	2669.65	11003	0	4
2025.01.08	17:00:00	2669.69	2669.79	2649.37	2655.69	12960	0	4
2025.01.08	18:00:00	2655.70	2659.17	2651.69	2653.28	9109	0	4
2025.01.08	19:00:00	2653.24	2660.55	2652.57	2658.34	9840	0	4
2025.01.08	20:00:00	2658.39	2664.13	2658.37	2663.44	6992	0	4
2025.01.08	21:00:00	2663.43	2664.15	2661.16	2661.47	2940	0	4
2025.01.08	23:00:00	2662.21	2663.26	2662.11	2662.64	1043	0	4
2025.01.09	00:00:00	2662.62	2662.83	2659.55	2660.01	2745	0	4
2025.01.09	01:00:00	2659.94	2661.48	2657.45	2658.60	6678	0	4
2025.01.09	02:00:00	2658.58	2660.21	2656.41	2658.81	4978	0	4
2025.01.09	03:00:00	2658.83	2662.23	2658.60	2659.42	4620	0	4
2025.01.09	04:00:00	2659.41	2659.83	2655.60	2659.10	3646	0	4
2025.01.09	05:00:00	2659.06	2660.97	2657.70	2658.45	5038	0	4
2025.01.09	06:00:00	2658.44	2666.91	2658.40	2666.77	6542	0	4
2025.01.09	07:00:00	2666.78	2666.80	2662.34	2662.41	5659	0	4
2025.01.09	08:00:00	2662.42	2666.97	2660.50	2664.43	8856	0	4
2025.01.09	09:00:00	2664.44	2666.54	2662.36	2665.08	6456	0	4
2025.01.09	10:00:00	2665.04	2668.59	2664.52	2667.52	5676	0	4
2025.01.09	11:00:00	2667.51	2673.33	2665.36	2670.23	7454	0	4
2025.01.09	12:00:00	2670.22	2675.18	2669.49	2674.13	6736	0	4
2025.01.09	13:00:00	2674.08	2678.35	2672.02	2672.65	12578	0	4
2025.01.09	14:00:00	2672.66	2675.72	2667.39	2672.47	10922	0	4
2025.01.09	15:00:00	2672.53	2675.45	2668.19	2668.40	9524	0	4
2025.01.09	16:00:00	2668.39	2671.07	2666.34	2667.55	7947	0	4
2025.01.09	17:00:00	2667.53	2668.64	2662.82	2666.00	8309	0	4
2025.01.09	18:00:00	2665.98	2672.58	2665.15	2671.40	7605	0	4
2025.01.09	19:00:00	2671.39	2671.85	2668.75	2670.25	6471	0	4
2025.01.09	20:00:00	2670.24	2670.75	2669.25	2669.59	3624	0	4
2025.01.09	21:00:00	2669.61	2671.33	2669.03	2669.95	832	0	4
2025.01.09	23:00:00	2670.53	2671.01	2668.56	2670.06	1350	0	4
2025.01.10	00:00:00	2670.05	2671.29	2669.00	2670.60	4604	0	4
2025.01.10	01:00:00	2670.54	2671.96	2669.32	2671.04	6734	0	4
2025.01.10	02:00:00	2670.97	2674.79	2670.58	2673.52	6231	0	4
2025.01.10	03:00:00	2673.60	2674.85	2672.60	2673.76	3841	0	4
2025.01.10	04:00:00	2673.77	2674.11	2671.84	2671.84	3024	0	4
2025.01.10	05:00:00	2671.77	2675.93	2671.64	2675.05	5451	0	4
2025.01.10	06:00:00	2675.03	2678.52	2674.34	2678.21	6678	0	4
2025.01.10	07:00:00	2678.22	2678.77	2673.54	2676.20	6660	0	4
2025.01.10	08:00:00	2676.22	2680.46	2675.77	2680.12	10393	0	4
2025.01.10	09:00:00	2680.09	2682.35	2677.78	2678.56	10579	0	4
2025.01.10	10:00:00	2678.64	2682.74	2678.26	2681.02	9341	0	4
2025.01.10	11:00:00	2681.03	2683.05	2680.35	2681.39	7631	0	4
2025.01.10	12:00:00	2681.36	2681.45	2674.96	2678.33	10133	0	4
2025.01.10	13:00:00	2678.23	2683.75	2663.68	2682.76	18797	0	4
2025.01.10	14:00:00	2682.78	2693.31	2680.95	2688.10	25083	0	4
2025.01.10	15:00:00	2688.05	2697.93	2682.66	2692.72	25028	0	4
2025.01.10	16:00:00	2692.71	2697.18	2687.03	2696.22	20831	0	4
2025.01.10	17:00:00	2696.23	2697.77	2692.47	2696.07	13456	0	4
2025.01.10	18:00:00	2696.14	2697.18	2685.12	2687.33	13564	0	4
2025.01.10	19:00:00	2687.34	2687.87	2684.66	2685.93	9580	0	4
2025.01.10	20:00:00	2685.97	2690.76	2684.42	2690.56	5768	0	4
2025.01.10	21:00:00	2690.53	2693.29	2688.79	2689.37	2049	0	4
2025.01.12	23:00:00	2689.55	2691.31	2687.47	2691.19	3345	0	4
2025.01.13	00:00:00	2691.17	2693.44	2688.18	2689.67	2948	0	4
2025.01.13	01:00:00	2689.79	2689.98	2679.43	2685.75	15642	0	4
2025.01.13	02:00:00	2685.76	2690.53	2684.95	2688.57	8741	0	4
2025.01.13	03:00:00	2688.55	2688.70	2685.42	2688.07	7429	0	4
2025.01.13	04:00:00	2688.08	2690.86	2684.38	2685.92	7931	0	4
2025.01.13	05:00:00	2686.04	2687.10	2683.38	2687.00	9531	0	4
2025.01.13	06:00:00	2687.08	2691.28	2686.99	2689.98	7839	0	4
2025.01.13	07:00:00	2689.94	2690.46	2684.50	2685.37	10541	0	4
2025.01.13	08:00:00	2685.36	2689.71	2684.12	2687.26	12771	0	4
2025.01.13	09:00:00	2687.24	2688.42	2683.51	2684.85	13426	0	4
2025.01.13	10:00:00	2684.84	2685.09	2677.47	2679.48	11295	0	4
2025.01.13	11:00:00	2679.47	2680.61	2675.54	2676.02	9553	0	4
2025.01.13	12:00:00	2675.99	2677.19	2664.51	2671.15	15034	0	4
2025.01.13	13:00:00	2671.34	2672.27	2663.86	2669.34	18841	0	4
2025.01.13	14:00:00	2669.23	2674.27	2664.25	2671.77	18210	0	4
2025.01.13	15:00:00	2671.82	2672.87	2661.11	2661.76	16272	0	4
2025.01.13	16:00:00	2661.71	2668.00	2660.77	2661.36	12655	0	4
2025.01.13	17:00:00	2661.41	2664.26	2659.38	2660.96	10147	0	4
2025.01.13	18:00:00	2660.97	2662.53	2657.62	2659.37	9238	0	4
2025.01.13	19:00:00	2659.35	2660.71	2656.95	2658.94	7955	0	4
2025.01.13	20:00:00	2658.98	2662.90	2658.75	2662.35	6485	0	4
2025.01.13	21:00:00	2662.33	2664.18	2661.01	2663.68	1661	0	4
2025.01.13	23:00:00	2664.29	2669.43	2664.25	2668.02	2703	0	4
2025.01.14	00:00:00	2668.12	2671.12	2666.49	2670.55	4432	0	4
2025.01.14	01:00:00	2670.54	2672.15	2667.99	2670.74	11314	0	4
2025.01.14	02:00:00	2670.78	2672.19	2668.62	2670.56	8980	0	4
2025.01.14	03:00:00	2670.55	2672.29	2668.91	2669.88	7632	0	4
2025.01.14	04:00:00	2669.87	2674.07	2668.49	2673.63	5012	0	4
2025.01.14	05:00:00	2673.64	2675.31	2667.45	2668.63	7764	0	4
2025.01.14	06:00:00	2668.69	2669.66	2667.44	2669.11	7192	0	4
2025.01.14	07:00:00	2669.12	2670.93	2667.29	2669.28	8621	0	4
2025.01.14	08:00:00	2669.23	2674.49	2667.39	2670.99	11392	0	4
2025.01.14	09:00:00	2670.98	2671.61	2664.95	2667.34	9336	0	4
2025.01.14	10:00:00	2667.40	2668.98	2664.81	2666.80	8175	0	4
2025.01.14	11:00:00	2666.82	2669.83	2664.72	2669.28	8815	0	4
2025.01.14	12:00:00	2669.29	2671.65	2666.63	2668.40	8949	0	4
2025.01.14	13:00:00	2668.39	2674.57	2662.28	2663.09	17689	0	4
2025.01.14	14:00:00	2663.06	2665.99	2659.96	2665.27	19804	0	4
2025.01.14	15:00:00	2665.24	2672.80	2665.18	2671.73	15948	0	4
2025.01.14	16:00:00	2671.74	2673.99	2669.91	2671.71	12757	0	4
2025.01.14	17:00:00	2671.61	2672.03	2667.99	2669.05	10313	0	4
2025.01.14	18:00:00	2669.01	2672.60	2666.83	2672.42	8416	0	4
2025.01.14	19:00:00	2672.44	2676.30	2671.96	2674.34	7078	0	4
2025.01.14	20:00:00	2674.33	2676.52	2671.99	2676.52	8771	0	4
2025.01.14	21:00:00	2676.53	2678.24	2676.01	2677.01	1784	0	4
2025.01.14	23:00:00	2676.51	2677.37	2674.08	2675.64	1512	0	4
2025.01.15	00:00:00	2675.64	2676.05	2672.73	2672.81	2507	0	4
2025.01.15	01:00:00	2672.84	2674.36	2669.90	2669.99	5470	0	4
2025.01.15	02:00:00	2670.00	2675.05	2669.36	2673.47	6293	0	4
2025.01.15	03:00:00	2673.46	2676.38	2672.39	2676.20	4493	0	4
2025.01.15	04:00:00	2676.21	2676.79	2674.27	2675.64	4235	0	4
2025.01.15	05:00:00	2675.59	2679.37	2674.63	2679.34	7149	0	4
2025.01.15	06:00:00	2679.36	2683.34	2679.15	2681.06	7325	0	4
2025.01.15	07:00:00	2681.03	2684.21	2680.11	2681.39	6587	0	4
2025.01.15	08:00:00	2681.41	2685.36	2681.24	2683.96	8605	0	4
2025.01.15	09:00:00	2683.90	2688.55	2683.04	2685.98	9006	0	4
2025.01.15	10:00:00	2686.00	2689.10	2684.87	2688.36	8940	0	4
2025.01.15	11:00:00	2688.50	2688.96	2685.16	2686.86	10255	0	4
2025.01.15	12:00:00	2686.87	2687.54	2684.16	2684.64	9263	0	4
2025.01.15	13:00:00	2684.65	2694.15	2682.15	2693.76	19334	0	4
2025.01.15	14:00:00	2693.73	2695.96	2678.12	2682.06	22982	0	4
2025.01.15	15:00:00	2682.05	2682.98	2676.76	2678.47	19942	0	4
2025.01.15	16:00:00	2678.53	2689.95	2676.99	2689.30	16067	0	4
2025.01.15	17:00:00	2689.32	2692.98	2688.48	2692.71	10707	0	4
2025.01.15	18:00:00	2692.75	2695.01	2691.08	2694.08	10078	0	4
2025.01.15	19:00:00	2694.06	2695.17	2692.67	2694.09	6290	0	4
2025.01.15	20:00:00	2694.08	2696.51	2693.30	2696.50	6464	0	4
2025.01.15	21:00:00	2696.38	2697.53	2694.08	2696.72	1818	0	4
2025.01.15	23:00:00	2693.28	2696.85	2693.24	2694.93	1616	0	4
2025.01.16	00:00:00	2695.04	2698.27	2692.88	2695.35	6366	0	4
2025.01.16	01:00:00	2695.31	2702.29	2694.56	2696.24	12343	0	4
2025.01.16	02:00:00	2696.38	2698.13	2695.29	2697.52	8181	0	4
2025.01.16	03:00:00	2697.51	2698.66	2695.63	2697.24	6252	0	4
2025.01.16	04:00:00	2697.19	2698.05	2696.75	2697.36	4463	0	4
2025.01.16	05:00:00	2697.33	2697.48	2693.84	2694.78	7219	0	4
2025.01.16	06:00:00	2694.79	2695.55	2690.05	2693.95	8268	0	4
2025.01.16	07:00:00	2693.93	2699.96	2693.47	2698.36	8677	0	4
2025.01.16	08:00:00	2698.49	2703.33	2697.26	2699.01	10769	0	4
2025.01.16	09:00:00	2699.02	2706.15	2697.57	2705.49	11082	0	4
2025.01.16	10:00:00	2705.50	2708.59	2704.80	2707.80	7616	0	4
2025.01.16	11:00:00	2707.83	2711.30	2706.29	2706.39	7037	0	4
2025.01.16	12:00:00	2706.42	2707.42	2700.35	2703.70	11910	0	4
2025.01.16	13:00:00	2703.69	2718.32	2701.47	2715.48	17130	0	4
2025.01.16	14:00:00	2715.49	2719.33	2712.94	2718.52	18441	0	4
2025.01.16	15:00:00	2718.60	2719.61	2712.73	2716.96	18908	0	4
2025.01.16	16:00:00	2716.95	2722.45	2716.76	2720.47	16234	0	4
2025.01.16	17:00:00	2720.38	2724.80	2719.58	2721.79	10820	0	4
2025.01.16	18:00:00	2721.84	2723.30	2714.88	2715.22	8146	0	4
2025.01.16	19:00:00	2715.20	2717.23	2714.88	2715.29	4899	0	4
2025.01.16	20:00:00	2715.30	2717.04	2714.40	2715.60	5988	0	4
2025.01.16	21:00:00	2715.78	2715.86	2712.59	2713.99	1852	0	4
2025.01.16	23:00:00	2714.10	2715.12	2712.46	2714.65	1659	0	4
2025.01.17	00:00:00	2714.64	2716.14	2713.88	2714.80	3587	0	4
2025.01.17	01:00:00	2714.82	2714.90	2709.96	2714.65	10329	0	4
2025.01.17	02:00:00	2714.68	2717.12	2713.98	2715.93	7591	0	4
2025.01.17	03:00:00	2715.82	2717.34	2714.69	2715.50	5647	0	4
2025.01.17	04:00:00	2715.48	2716.57	2714.31	2714.76	4399	0	4
2025.01.17	05:00:00	2714.72	2715.53	2711.22	2711.61	7150	0	4
2025.01.17	06:00:00	2711.62	2713.33	2710.76	2712.59	8649	0	4
2025.01.17	07:00:00	2712.60	2714.69	2708.76	2710.58	6962	0	4
2025.01.17	08:00:00	2710.60	2712.99	2709.49	2711.80	7425	0	4
2025.01.17	09:00:00	2711.78	2712.12	2704.08	2704.88	8798	0	4
2025.01.17	10:00:00	2704.86	2706.15	2702.81	2703.98	8041	0	4
2025.01.17	11:00:00	2704.01	2708.79	2703.75	2708.07	7621	0	4
2025.01.17	12:00:00	2708.08	2711.68	2706.96	2711.01	10667	0	4
2025.01.17	13:00:00	2711.09	2712.22	2704.63	2705.16	17801	0	4
2025.01.17	14:00:00	2705.15	2712.56	2702.89	2711.72	17524	0	4
2025.01.17	15:00:00	2711.74	2715.19	2710.21	2714.36	12876	0	4
2025.01.17	16:00:00	2714.32	2717.35	2713.63	2716.16	10973	0	4
2025.01.17	17:00:00	2716.08	2716.38	2710.64	2712.64	8608	0	4
2025.01.17	18:00:00	2712.65	2713.36	2705.42	2705.63	8348	0	4
2025.01.17	19:00:00	2705.64	2707.22	2702.84	2703.13	6797	0	4
2025.01.17	20:00:00	2703.15	2704.25	2700.03	2701.02	8870	0	4
2025.01.17	21:00:00	2700.85	2703.05	2699.08	2702.69	1708	0	4
2025.01.19	23:00:00	2701.20	2703.20	2691.13	2696.72	4039	0	4
2025.01.20	00:00:00	2696.62	2696.68	2692.78	2694.61	3210	0	4
2025.01.20	01:00:00	2694.71	2696.01	2689.45	2693.92	13248	0	4
2025.01.20	02:00:00	2693.91	2698.06	2693.84	2697.49	8665	0	4
2025.01.20	03:00:00	2697.48	2704.01	2697.48	2703.54	6748	0	4
2025.01.20	04:00:00	2703.53	2706.69	2702.27	2706.02	5982	0	4
2025.01.20	05:00:00	2706.03	2707.57	2703.79	2707.22	8084	0	4
2025.01.20	06:00:00	2707.21	2713.80	2706.59	2711.77	9193	0	4
2025.01.20	07:00:00	2711.79	2711.93	2702.86	2703.60	7180	0	4
2025.01.20	08:00:00	2703.72	2708.12	2703.05	2706.99	6626	0	4
2025.01.20	09:00:00	2707.02	2709.01	2702.95	2706.16	8047	0	4
2025.01.20	10:00:00	2706.13	2709.87	2705.19	2708.48	6789	0	4
2025.01.20	11:00:00	2708.46	2712.44	2704.72	2708.48	8953	0	4
2025.01.20	12:00:00	2708.47	2710.04	2706.25	2708.21	8406	0	4
2025.01.20	13:00:00	2708.20	2710.39	2701.13	2705.10	18391	0	4
2025.01.20	14:00:00	2705.24	2712.22	2705.18	2710.40	18237	0	4
2025.01.20	15:00:00	2710.39	2710.64	2705.29	2707.11	10939	0	4
2025.01.20	16:00:00	2707.10	2709.23	2703.51	2707.51	8014	0	4
2025.01.20	17:00:00	2707.50	2710.23	2704.67	2707.43	5757	0	4
2025.01.20	18:00:00	2707.44	2711.10	2705.62	2710.84	3507	0	4
2025.01.20	19:00:00	2710.74	2711.07	2708.21	2709.29	442	0	4
2025.01.20	23:00:00	2707.66	2711.19	2706.63	2710.37	2029	0	4
2025.01.21	00:00:00	2710.38	2711.76	2702.51	2705.39	5357	0	4
2025.01.21	01:00:00	2705.22	2719.24	2703.02	2718.00	9873	0	4
2025.01.21	02:00:00	2717.91	2725.74	2717.85	2724.84	8782	0	4
2025.01.21	03:00:00	2724.76	2727.01	2721.36	2724.27	7153	0	4
2025.01.21	04:00:00	2724.31	2727.88	2723.00	2727.38	5358	0	4
2025.01.21	05:00:00	2727.46	2729.13	2725.42	2726.20	5715	0	4
2025.01.21	06:00:00	2726.18	2729.35	2723.79	2724.41	6562	0	4
2025.01.21	07:00:00	2724.36	2732.93	2722.64	2729.84	7380	0	4
2025.01.21	08:00:00	2729.82	2729.82	2721.59	2723.38	9187	0	4
2025.01.21	09:00:00	2723.26	2724.18	2718.01	2721.26	8858	0	4
2025.01.21	10:00:00	2721.27	2724.16	2718.93	2719.94	7495	0	4
2025.01.21	11:00:00	2719.95	2724.63	2716.57	2724.07	6375	0	4
2025.01.21	12:00:00	2724.08	2727.32	2721.94	2726.95	7854	0	4
2025.01.21	13:00:00	2726.94	2730.13	2724.63	2726.35	10452	0	4
2025.01.21	14:00:00	2726.39	2738.50	2725.43	2738.23	10619	0	4
2025.01.21	15:00:00	2738.19	2740.50	2734.60	2738.84	11110	0	4
2025.01.21	16:00:00	2738.83	2744.84	2737.81	2743.21	8892	0	4
2025.01.21	17:00:00	2743.33	2745.73	2740.13	2740.32	7066	0	4
2025.01.21	18:00:00	2740.30	2746.03	2739.92	2744.65	6723	0	4
2025.01.21	19:00:00	2744.70	2745.54	2741.37	2742.78	4994	0	4
2025.01.21	20:00:00	2742.80	2743.25	2740.06	2742.60	4901	0	4
2025.01.21	21:00:00	2742.57	2745.92	2742.11	2744.77	1340	0	4
2025.01.21	23:00:00	2743.52	2744.95	2741.97	2744.40	2047	0	4
2025.01.22	00:00:00	2744.49	2749.04	2742.64	2748.38	2674	0	4
2025.01.22	01:00:00	2748.36	2749.94	2746.87	2748.03	7782	0	4
2025.01.22	02:00:00	2748.04	2749.76	2746.40	2749.08	6772	0	4
2025.01.22	03:00:00	2749.09	2751.18	2748.10	2750.43	5704	0	4
2025.01.22	04:00:00	2750.41	2752.93	2749.40	2752.14	3776	0	4
2025.01.22	05:00:00	2752.15	2758.62	2750.42	2758.14	8054	0	4
2025.01.22	06:00:00	2758.12	2758.26	2745.66	2747.01	10612	0	4
2025.01.22	07:00:00	2747.02	2753.96	2746.54	2748.79	5970	0	4
2025.01.22	08:00:00	2748.78	2753.90	2746.95	2753.33	7769	0	4
2025.01.22	09:00:00	2753.22	2762.32	2753.07	2758.61	7449	0	4
2025.01.22	10:00:00	2758.62	2763.47	2758.54	2760.11	5618	0	4
2025.01.22	11:00:00	2760.08	2760.52	2756.37	2756.66	5588	0	4
2025.01.22	12:00:00	2756.64	2758.76	2751.81	2758.44	7487	0	4
2025.01.22	13:00:00	2758.43	2761.73	2751.09	2757.86	12284	0	4
2025.01.22	14:00:00	2757.85	2758.32	2750.49	2753.93	13320	0	4
2025.01.22	15:00:00	2753.90	2760.31	2750.55	2759.43	10855	0	4
2025.01.22	16:00:00	2759.42	2760.21	2755.93	2758.36	8464	0	4
2025.01.22	17:00:00	2758.35	2758.47	2756.02	2756.65	6653	0	4
2025.01.22	18:00:00	2756.64	2759.45	2754.98	2757.89	6532	0	4
2025.01.22	19:00:00	2757.90	2757.90	2755.12	2755.38	4434	0	4
2025.01.22	20:00:00	2755.40	2757.11	2754.99	2756.71	4964	0	4
2025.01.22	21:00:00	2756.70	2757.26	2754.90	2756.28	1406	0	4
2025.01.22	23:00:00	2755.10	2756.65	2753.87	2755.45	1730	0	4
2025.01.23	00:00:00	2755.44	2756.02	2753.32	2755.35	2372	0	4
2025.01.23	01:00:00	2755.42	2756.30	2750.74	2752.65	8939	0	4
2025.01.23	02:00:00	2752.67	2754.94	2752.14	2752.68	6987	0	4
2025.01.23	03:00:00	2752.64	2753.20	2749.63	2750.14	6155	0	4
2025.01.23	04:00:00	2750.15	2753.61	2750.00	2751.69	3925	0	4
2025.01.23	05:00:00	2751.70	2753.48	2751.45	2752.08	5641	0	4
2025.01.23	06:00:00	2752.05	2755.60	2751.27	2753.26	6655	0	4
2025.01.23	07:00:00	2753.28	2754.75	2751.87	2752.94	5781	0	4
2025.01.23	08:00:00	2752.88	2754.89	2752.10	2752.77	7148	0	4
2025.01.23	09:00:00	2752.75	2753.83	2741.02	2746.01	9527	0	4
2025.01.23	10:00:00	2745.94	2752.47	2745.36	2751.30	8218	0	4
2025.01.23	11:00:00	2751.32	2754.53	2750.92	2751.95	7447	0	4
2025.01.23	12:00:00	2751.90	2753.33	2742.08	2744.81	11265	0	4
2025.01.23	13:00:00	2744.86	2746.05	2735.95	2741.63	13318	0	4
2025.01.23	14:00:00	2741.64	2747.57	2740.35	2746.22	12871	0	4
2025.01.23	15:00:00	2746.09	2749.48	2742.27	2746.64	9974	0	4
2025.01.23	16:00:00	2746.55	2757.51	2744.26	2754.02	12845	0	4
2025.01.23	17:00:00	2754.03	2758.92	2752.39	2757.77	10650	0	4
2025.01.23	18:00:00	2757.78	2758.24	2755.20	2755.89	6678	0	4
2025.01.23	19:00:00	2755.88	2758.22	2753.94	2754.21	6432	0	4
2025.01.23	20:00:00	2754.22	2754.67	2751.46	2753.87	8798	0	4
2025.01.23	21:00:00	2753.88	2754.72	2752.14	2754.31	1654	0	4
2025.01.23	23:00:00	2753.76	2755.69	2753.57	2754.57	1186	0	4
2025.01.24	00:00:00	2754.54	2761.01	2754.39	2759.79	3923	0	4
2025.01.24	01:00:00	2759.77	2762.63	2758.63	2762.40	9963	0	4
2025.01.24	02:00:00	2762.42	2775.31	2762.42	2774.38	13974	0	4
2025.01.24	03:00:00	2774.35	2777.34	2771.02	2772.49	11033	0	4
2025.01.24	04:00:00	2772.48	2775.09	2770.64	2772.18	7548	0	4
2025.01.24	05:00:00	2772.14	2776.66	2772.14	2775.32	8943	0	4
2025.01.24	06:00:00	2775.31	2778.33	2773.29	2773.92	11298	0	4
2025.01.24	07:00:00	2773.93	2775.53	2772.12	2772.66	7380	0	4
2025.01.24	08:00:00	2772.69	2775.48	2770.05	2774.21	8054	0	4
2025.01.24	09:00:00	2774.27	2777.85	2771.16	2772.94	7199	0	4
2025.01.24	10:00:00	2772.90	2776.30	2771.66	2775.90	6993	0	4
2025.01.24	11:00:00	2775.91	2780.13	2774.18	2776.72	7061	0	4
2025.01.24	12:00:00	2776.62	2779.22	2776.12	2778.68	6363	0	4
2025.01.24	13:00:00	2778.65	2784.65	2777.96	2782.43	13057	0	4
2025.01.24	14:00:00	2782.47	2784.39	2773.84	2778.49	16371	0	4
2025.01.24	15:00:00	2778.56	2785.98	2775.64	2775.89	15023	0	4
2025.01.24	16:00:00	2775.92	2777.61	2769.95	2772.06	13559	0	4
2025.01.24	17:00:00	2772.05	2776.15	2770.63	2773.35	8783	0	4
2025.01.24	18:00:00	2773.38	2774.15	2771.48	2773.45	8325	0	4
2025.01.24	19:00:00	2773.46	2775.28	2771.37	2774.67	5827	0	4
2025.01.24	20:00:00	2774.66	2774.84	2770.85	2771.09	7202	0	4
2025.01.24	21:00:00	2771.13	2772.16	2770.63	2771.23	1512	0	4
2025.01.26	23:00:00	2765.77	2768.98	2764.09	2767.64	2972	0	4
2025.01.27	00:00:00	2767.51	2771.01	2766.40	2769.78	4831	0	4
2025.01.27	01:00:00	2769.80	2772.70	2763.02	2763.07	11631	0	4
2025.01.27	02:00:00	2763.08	2763.72	2754.02	2756.30	10635	0	4
2025.01.27	03:00:00	2756.41	2762.74	2755.29	2761.22	8749	0	4
2025.01.27	04:00:00	2761.21	2761.22	2755.78	2758.16	7937	0	4
2025.01.27	05:00:00	2758.17	2758.17	2752.92	2753.34	9633	0	4
2025.01.27	06:00:00	2753.29	2755.16	2750.85	2754.74	10567	0	4
2025.01.27	07:00:00	2754.79	2755.13	2747.36	2749.32	10293	0	4
2025.01.27	08:00:00	2749.42	2759.79	2749.33	2757.23	9382	0	4
2025.01.27	09:00:00	2757.21	2764.97	2755.71	2763.41	9283	0	4
2025.01.27	10:00:00	2763.39	2771.15	2762.83	2768.07	9681	0	4
2025.01.27	11:00:00	2768.08	2772.03	2765.13	2771.40	8837	0	4
2025.01.27	12:00:00	2771.38	2771.78	2760.63	2761.43	8521	0	4
2025.01.27	13:00:00	2761.44	2762.55	2752.35	2757.33	11992	0	4
2025.01.27	14:00:00	2757.19	2757.96	2745.09	2751.36	16574	0	4
2025.01.27	15:00:00	2751.37	2751.41	2739.55	2742.14	17435	0	4
2025.01.27	16:00:00	2742.10	2743.15	2733.50	2734.54	15976	0	4
2025.01.27	17:00:00	2734.53	2737.03	2730.58	2733.75	12798	0	4
2025.01.27	18:00:00	2733.73	2737.99	2733.10	2737.10	11552	0	4
2025.01.27	19:00:00	2737.16	2740.60	2736.96	2739.39	10257	0	4
2025.01.27	20:00:00	2739.44	2742.57	2738.24	2741.56	7713	0	4
2025.01.27	21:00:00	2741.59	2744.13	2740.48	2740.59	1550	0	4
2025.01.27	23:00:00	2741.19	2745.46	2739.60	2741.73	3653	0	4
2025.01.28	00:00:00	2741.76	2744.60	2739.96	2740.77	3546	0	4
2025.01.28	01:00:00	2740.86	2745.23	2739.52	2741.52	6228	0	4
2025.01.28	02:00:00	2741.51	2741.67	2738.43	2739.49	8967	0	4
2025.01.28	03:00:00	2739.50	2741.86	2737.96	2738.90	7384	0	4
2025.01.28	04:00:00	2738.88	2742.73	2738.62	2742.44	5427	0	4
2025.01.28	05:00:00	2742.43	2744.97	2741.41	2741.84	6149	0	4
2025.01.28	06:00:00	2741.80	2742.93	2739.22	2739.62	6164	0	4
2025.01.28	07:00:00	2739.61	2743.07	2738.41	2738.69	7734	0	4
2025.01.28	08:00:00	2738.87	2741.85	2734.83	2741.29	10327	0	4
2025.01.28	09:00:00	2741.28	2745.10	2740.52	2743.47	9632	0	4
2025.01.28	10:00:00	2743.48	2745.26	2741.03	2743.29	7853	0	4
2025.01.28	11:00:00	2743.32	2744.69	2741.62	2742.77	7414	0	4
2025.01.28	12:00:00	2742.71	2745.60	2741.37	2745.59	8087	0	4
2025.01.28	13:00:00	2745.61	2749.45	2745.17	2748.88	12356	0	4
2025.01.28	14:00:00	2748.89	2756.24	2748.88	2753.50	16518	0	4
2025.01.28	15:00:00	2753.58	2757.20	2751.04	2755.34	15356	0	4
2025.01.28	16:00:00	2755.33	2759.57	2755.29	2758.62	13483	0	4
2025.01.28	17:00:00	2758.63	2760.03	2757.60	2759.70	9653	0	4
2025.01.28	18:00:00	2759.78	2763.46	2759.22	2762.17	9367	0	4
2025.01.28	19:00:00	2762.16	2764.95	2761.23	2764.86	6111	0	4
2025.01.28	20:00:00	2764.84	2765.01	2762.41	2764.13	7227	0	4
2025.01.28	21:00:00	2764.16	2764.31	2762.88	2763.53	1611	0	4
2025.01.28	23:00:00	2763.09	2764.22	2762.62	2762.64	946	0	4
2025.01.29	00:00:00	2762.69	2764.78	2762.26	2764.02	3112	0	4
2025.01.29	01:00:00	2763.96	2766.31	2763.72	2763.84	5807	0	4
2025.01.29	02:00:00	2763.83	2765.72	2763.51	2764.23	6682	0	4
2025.01.29	03:00:00	2764.21	2764.54	2762.37	2762.83	6447	0	4
2025.01.29	04:00:00	2762.74	2764.19	2761.51	2762.45	7750	0	4
2025.01.29	05:00:00	2762.46	2763.04	2760.20	2760.78	6279	0	4
2025.01.29	06:00:00	2760.86	2762.21	2759.29	2759.29	7015	0	4
2025.01.29	07:00:00	2759.26	2760.59	2757.46	2759.22	7571	0	4
2025.01.29	08:00:00	2759.24	2766.20	2759.24	2764.09	9465	0	4
2025.01.29	09:00:00	2764.13	2764.41	2760.41	2762.77	9045	0	4
2025.01.29	10:00:00	2762.75	2763.41	2757.20	2758.26	9583	0	4
2025.01.29	11:00:00	2758.29	2759.87	2757.59	2759.10	6722	0	4
2025.01.29	12:00:00	2759.09	2759.15	2755.55	2756.52	10865	0	4
2025.01.29	13:00:00	2756.50	2759.50	2752.17	2758.68	15070	0	4
2025.01.29	14:00:00	2758.73	2761.24	2756.48	2759.09	14050	0	4
2025.01.29	15:00:00	2759.20	2759.68	2748.58	2754.21	15794	0	4
2025.01.29	16:00:00	2754.27	2756.24	2748.32	2751.51	13387	0	4
2025.01.29	17:00:00	2751.59	2754.31	2751.01	2752.84	8239	0	4
2025.01.29	18:00:00	2752.82	2753.84	2748.73	2751.11	10234	0	4
2025.01.29	19:00:00	2750.45	2757.80	2744.91	2755.21	18111	0	4
2025.01.29	20:00:00	2755.19	2758.98	2752.68	2755.03	10851	0	4
2025.01.29	21:00:00	2755.01	2759.71	2754.06	2759.45	3416	0	4
2025.01.29	23:00:00	2758.08	2760.71	2757.98	2760.33	1083	0	4
2025.01.30	00:00:00	2760.27	2762.63	2759.01	2762.20	2792	0	4
2025.01.30	01:00:00	2762.19	2762.19	2759.07	2760.21	6518	0	4
2025.01.30	02:00:00	2760.22	2761.61	2759.21	2760.43	5385	0	4
2025.01.30	03:00:00	2760.42	2762.52	2759.45	2761.88	5442	0	4
2025.01.30	04:00:00	2761.79	2763.42	2759.92	2760.43	5332	0	4
2025.01.30	05:00:00	2760.44	2761.22	2758.89	2760.66	4968	0	4
2025.01.30	06:00:00	2760.64	2766.51	2760.33	2765.64	6960	0	4
2025.01.30	07:00:00	2765.65	2769.55	2765.06	2769.18	8259	0	4
2025.01.30	08:00:00	2769.19	2776.62	2768.79	2776.23	8918	0	4
2025.01.30	09:00:00	2776.25	2776.47	2771.49	2774.32	10185	0	4
2025.01.30	10:00:00	2774.23	2779.24	2773.92	2778.32	9147	0	4
2025.01.30	11:00:00	2778.31	2779.45	2777.08	2777.71	7500	0	4
2025.01.30	12:00:00	2777.74	2781.32	2776.23	2780.31	8221	0	4
2025.01.30	13:00:00	2780.28	2786.05	2778.29	2785.74	16676	0	4
2025.01.30	14:00:00	2785.73	2789.08	2780.16	2787.76	22011	0	4
2025.01.30	15:00:00	2787.69	2796.76	2786.75	2795.44	21470	0	4
2025.01.30	16:00:00	2795.43	2798.44	2790.29	2790.58	19428	0	4
2025.01.30	17:00:00	2790.69	2795.87	2788.72	2795.66	15274	0	4
2025.01.30	18:00:00	2795.71	2797.13	2792.21	2795.19	12045	0	4
2025.01.30	19:00:00	2795.18	2795.37	2790.78	2793.49	7779	0	4
2025.01.30	20:00:00	2793.48	2798.22	2792.37	2795.56	12292	0	4
2025.01.30	21:00:00	2795.55	2798.59	2789.75	2792.78	4754	0	4
2025.01.30	23:00:00	2792.91	2796.98	2791.49	2796.44	3438	0	4
2025.01.31	00:00:00	2796.51	2799.60	2794.50	2795.80	5005	0	4
2025.01.31	01:00:00	2795.87	2796.67	2794.69	2796.33	6903	0	4
2025.01.31	02:00:00	2796.34	2798.20	2794.84	2796.25	7883	0	4
2025.01.31	03:00:00	2796.24	2798.27	2795.80	2796.42	7256	0	4
2025.01.31	04:00:00	2796.43	2796.46	2794.53	2795.85	6549	0	4
2025.01.31	05:00:00	2795.84	2796.48	2794.13	2795.64	6838	0	4
2025.01.31	06:00:00	2795.66	2796.02	2792.27	2792.84	5302	0	4
2025.01.31	07:00:00	2792.83	2801.11	2792.37	2798.40	8759	0	4
2025.01.31	08:00:00	2798.47	2799.50	2791.76	2793.25	10745	0	4
2025.01.31	09:00:00	2793.27	2796.54	2792.78	2793.80	9463	0	4
2025.01.31	10:00:00	2793.81	2795.22	2791.11	2794.25	8552	0	4
2025.01.31	11:00:00	2794.10	2800.75	2792.36	2800.29	9672	0	4
2025.01.31	12:00:00	2800.28	2807.82	2800.00	2805.30	10533	0	4
2025.01.31	13:00:00	2805.34	2808.45	2803.53	2806.48	13461	0	4
2025.01.31	14:00:00	2806.41	2812.62	2804.59	2812.51	16561	0	4
2025.01.31	15:00:00	2812.52	2817.23	2808.32	2809.16	18565	0	4
2025.01.31	16:00:00	2809.24	2810.30	2804.99	2807.54	12242	0	4
2025.01.31	17:00:00	2807.53	2816.33	2803.00	2808.66	19373	0	4
2025.01.31	18:00:00	2808.65	2808.86	2795.42	2799.10	19501	0	4
2025.01.31	19:00:00	2799.00	2802.95	2795.37	2796.44	13628	0	4
2025.01.31	20:00:00	2796.38	2802.20	2794.26	2801.05	15693	0	4
2025.01.31	21:00:00	2800.99	2802.41	2797.16	2797.98	3839	0	4
2025.02.02	23:00:00	2801.66	2804.29	2784.21	2794.08	5836	0	4
2025.02.03	00:00:00	2795.32	2796.16	2790.27	2792.36	8499	0	4
2025.02.03	01:00:00	2792.39	2792.39	2778.33	2782.28	14582	0	4
2025.02.03	02:00:00	2782.26	2782.76	2773.69	2778.19	14598	0	4
2025.02.03	03:00:00	2778.21	2778.43	2772.19	2774.55	10136	0	4
2025.02.03	04:00:00	2774.54	2783.03	2774.27	2780.95	11246	0	4
2025.02.03	05:00:00	2780.89	2785.21	2780.18	2783.23	9885	0	4
2025.02.03	06:00:00	2783.17	2788.16	2783.05	2786.82	8666	0	4
2025.02.03	07:00:00	2786.92	2789.90	2785.39	2789.36	12459	0	4
2025.02.03	08:00:00	2789.37	2800.62	2786.98	2796.74	13931	0	4
2025.02.03	09:00:00	2796.84	2800.88	2794.72	2796.43	12594	0	4
2025.02.03	10:00:00	2796.42	2800.23	2793.04	2798.21	10936	0	4
2025.02.03	11:00:00	2798.13	2804.27	2798.04	2801.28	8404	0	4
2025.02.03	12:00:00	2801.34	2810.72	2800.62	2810.57	9006	0	4
2025.02.03	13:00:00	2810.53	2811.83	2807.69	2811.12	13516	0	4
2025.02.03	14:00:00	2811.11	2831.08	2810.24	2830.12	18850	0	4
2025.02.03	15:00:00	2829.43	2830.18	2813.64	2817.52	23180	0	4
2025.02.03	16:00:00	2817.50	2825.26	2813.11	2814.22	15785	0	4
2025.02.03	17:00:00	2814.21	2822.26	2814.09	2817.33	12757	0	4
2025.02.03	18:00:00	2817.32	2821.83	2816.08	2821.08	10505	0	4
2025.02.03	19:00:00	2820.99	2823.02	2818.00	2818.33	8818	0	4
2025.02.03	20:00:00	2818.31	2819.52	2815.63	2816.60	9878	0	4
2025.02.03	21:00:00	2816.59	2817.63	2812.29	2814.69	4466	0	4
2025.02.03	23:00:00	2812.99	2815.05	2812.20	2813.67	1923	0	4
2025.02.04	00:00:00	2813.92	2817.76	2812.32	2817.55	2899	0	4
2025.02.04	01:00:00	2817.60	2824.26	2816.23	2823.46	7813	0	4
2025.02.04	02:00:00	2823.49	2824.62	2817.03	2821.22	10052	0	4
2025.02.04	03:00:00	2821.21	2824.36	2817.39	2821.43	8874	0	4
2025.02.04	04:00:00	2821.42	2821.54	2818.22	2819.09	8539	0	4
2025.02.04	05:00:00	2819.36	2819.36	2813.57	2815.91	15565	0	4
2025.02.04	06:00:00	2815.85	2816.13	2810.93	2813.46	10002	0	4
2025.02.04	07:00:00	2813.55	2814.58	2807.07	2812.71	11206	0	4
2025.02.04	08:00:00	2812.73	2819.37	2810.27	2815.20	15763	0	4
2025.02.04	09:00:00	2815.21	2822.00	2814.17	2820.50	12895	0	4
2025.02.04	10:00:00	2820.48	2820.48	2812.67	2814.89	10609	0	4
2025.02.04	11:00:00	2814.78	2816.87	2813.35	2815.53	10516	0	4
2025.02.04	12:00:00	2815.56	2823.02	2814.61	2821.88	11932	0	4
2025.02.04	13:00:00	2822.01	2837.03	2821.56	2831.60	16535	0	4
2025.02.04	14:00:00	2831.62	2841.30	2828.99	2839.10	19525	0	4
2025.02.04	15:00:00	2839.10	2845.38	2833.69	2835.97	19767	0	4
2025.02.04	16:00:00	2835.98	2842.45	2832.67	2840.43	15219	0	4
2025.02.04	17:00:00	2840.40	2844.68	2839.46	2844.05	12089	0	4
2025.02.04	18:00:00	2844.06	2845.08	2842.55	2842.77	9857	0	4
2025.02.04	19:00:00	2842.78	2844.17	2841.91	2843.15	8171	0	4
2025.02.04	20:00:00	2843.17	2844.88	2840.97	2844.35	9320	0	4
2025.02.04	21:00:00	2844.34	2844.76	2840.93	2841.86	2914	0	4
2025.02.04	23:00:00	2841.51	2842.63	2840.76	2841.45	1520	0	4
2025.02.05	00:00:00	2841.43	2848.27	2840.75	2845.22	4471	0	4
2025.02.05	01:00:00	2845.26	2849.16	2839.75	2844.60	15663	0	4
2025.02.05	02:00:00	2844.55	2853.88	2843.91	2851.17	9686	0	4
2025.02.05	03:00:00	2851.36	2854.61	2849.90	2852.38	7040	0	4
2025.02.05	04:00:00	2852.32	2858.17	2851.89	2855.34	5071	0	4
2025.02.05	05:00:00	2855.36	2860.56	2853.83	2859.52	5619	0	4
2025.02.05	06:00:00	2859.53	2861.82	2857.30	2859.36	6276	0	4
2025.02.05	07:00:00	2859.33	2864.37	2855.06	2864.32	9594	0	4
2025.02.05	08:00:00	2864.30	2869.78	2863.73	2867.59	10537	0	4
2025.02.05	09:00:00	2867.64	2872.09	2865.45	2870.36	8145	0	4
2025.02.05	10:00:00	2870.44	2877.10	2866.05	2867.75	9301	0	4
2025.02.05	11:00:00	2867.74	2870.55	2864.77	2868.65	10125	0	4
2025.02.05	12:00:00	2868.73	2871.00	2867.16	2870.43	8707	0	4
2025.02.05	13:00:00	2870.41	2870.82	2858.63	2861.89	16752	0	4
2025.02.05	14:00:00	2861.83	2872.65	2860.75	2870.55	17502	0	4
2025.02.05	15:00:00	2872.46	2882.31	2871.47	2880.15	19010	0	4
2025.02.05	16:00:00	2880.18	2881.03	2863.20	2874.88	17397	0	4
2025.02.05	17:00:00	2874.86	2876.77	2871.46	2873.08	10470	0	4
2025.02.05	18:00:00	2873.06	2873.53	2864.02	2865.81	9685	0	4
2025.02.05	19:00:00	2865.86	2869.03	2862.95	2863.58	9762	0	4
2025.02.05	20:00:00	2863.57	2866.26	2860.01	2862.65	11228	0	4
2025.02.05	21:00:00	2862.59	2867.05	2861.32	2866.91	2146	0	4
2025.02.05	23:00:00	2867.39	2870.89	2865.98	2869.44	2445	0	4
2025.02.06	00:00:00	2869.42	2870.10	2867.49	2869.89	2921	0	4
2025.02.06	01:00:00	2869.88	2871.85	2863.84	2871.73	11100	0	4
2025.02.06	02:00:00	2871.72	2873.31	2868.33	2870.65	9214	0	4
2025.02.06	03:00:00	2870.67	2870.70	2864.53	2869.36	8949	0	4
2025.02.06	04:00:00	2869.40	2872.41	2868.34	2868.50	4922	0	4
2025.02.06	05:00:00	2868.61	2869.81	2865.59	2868.16	7912	0	4
2025.02.06	06:00:00	2868.19	2871.38	2858.13	2859.25	10710	0	4
2025.02.06	07:00:00	2859.24	2861.92	2855.19	2855.75	10692	0	4
2025.02.06	08:00:00	2855.96	2858.56	2848.92	2856.14	12358	0	4
2025.02.06	09:00:00	2856.13	2859.97	2855.75	2859.37	9958	0	4
2025.02.06	10:00:00	2859.41	2861.81	2855.70	2859.47	9431	0	4
2025.02.06	11:00:00	2859.32	2867.42	2858.32	2866.02	9594	0	4
2025.02.06	12:00:00	2866.05	2870.43	2863.69	2864.51	11585	0	4
2025.02.06	13:00:00	2864.47	2865.03	2855.53	2856.70	16756	0	4
2025.02.06	14:00:00	2856.69	2859.78	2841.27	2842.10	19210	0	4
2025.02.06	15:00:00	2842.03	2853.21	2834.32	2850.68	18368	0	4
2025.02.06	16:00:00	2850.67	2854.71	2848.83	2848.83	12562	0	4
2025.02.06	17:00:00	2848.81	2852.71	2848.18	2852.39	9013	0	4
2025.02.06	18:00:00	2852.38	2853.80	2849.92	2852.70	9778	0	4
2025.02.06	19:00:00	2852.82	2854.20	2850.42	2853.90	8512	0	4
2025.02.06	20:00:00	2853.88	2857.35	2853.72	2856.53	9742	0	4
2025.02.06	21:00:00	2856.58	2857.20	2855.01	2855.95	1941	0	4
2025.02.06	23:00:00	2855.94	2858.63	2855.92	2858.18	1607	0	4
2025.02.07	00:00:00	2858.17	2860.46	2857.99	2858.59	2928	0	4
2025.02.07	01:00:00	2858.62	2868.27	2857.92	2866.31	10196	0	4
2025.02.07	02:00:00	2866.29	2869.06	2865.62	2868.78	7220	0	4
2025.02.07	03:00:00	2868.76	2870.50	2866.22	2867.27	6351	0	4
2025.02.07	04:00:00	2867.26	2869.58	2866.41	2866.75	5140	0	4
2025.02.07	05:00:00	2866.78	2867.09	2862.16	2862.33	7853	0	4
2025.02.07	06:00:00	2862.23	2866.24	2859.07	2860.75	9500	0	4
2025.02.07	07:00:00	2860.76	2865.68	2860.32	2864.17	7059	0	4
2025.02.07	08:00:00	2864.21	2866.85	2863.30	2866.51	7628	0	4
2025.02.07	09:00:00	2866.42	2870.80	2865.59	2868.94	9580	0	4
2025.02.07	10:00:00	2868.95	2869.17	2863.50	2867.59	9059	0	4
2025.02.07	11:00:00	2867.58	2868.39	2865.18	2867.78	8138	0	4
2025.02.07	12:00:00	2867.84	2868.15	2863.53	2863.58	9370	0	4
2025.02.07	13:00:00	2863.57	2870.31	2852.60	2862.51	19148	0	4
2025.02.07	14:00:00	2862.52	2878.41	2855.98	2876.41	21064	0	4
2025.02.07	15:00:00	2876.47	2886.83	2873.60	2880.58	18288	0	4
2025.02.07	16:00:00	2880.50	2881.58	2860.70	2860.92	18700	0	4
2025.02.07	17:00:00	2860.91	2862.71	2853.46	2860.10	15176	0	4
2025.02.07	18:00:00	2860.12	2865.12	2859.68	2861.26	7111	0	4
2025.02.07	19:00:00	2861.27	2863.26	2859.08	2860.32	5117	0	4
2025.02.07	20:00:00	2860.19	2863.80	2859.34	2860.70	7932	0	4
2025.02.07	21:00:00	2860.69	2863.33	2860.39	2860.96	2544	0	4
2025.02.09	23:00:00	2861.32	2870.39	2860.17	2867.75	3413	0	4
2025.02.10	00:00:00	2867.80	2869.35	2865.94	2867.88	3834	0	4
2025.02.10	01:00:00	2867.89	2876.66	2866.14	2871.84	11816	0	4
2025.02.10	02:00:00	2871.86	2875.07	2871.39	2873.87	8830	0	4
2025.02.10	03:00:00	2873.85	2875.73	2871.31	2875.49	6354	0	4
2025.02.10	04:00:00	2875.50	2879.65	2874.43	2879.19	6432	0	4
2025.02.10	05:00:00	2879.21	2880.02	2876.22	2879.21	7706	0	4
2025.02.10	06:00:00	2879.22	2892.18	2878.98	2888.70	9471	0	4
2025.02.10	07:00:00	2888.69	2896.53	2886.76	2895.58	8221	0	4
2025.02.10	08:00:00	2895.56	2898.90	2892.33	2896.63	10211	0	4
2025.02.10	09:00:00	2896.59	2903.23	2896.28	2902.94	9199	0	4
2025.02.10	10:00:00	2902.95	2906.25	2898.31	2902.34	10653	0	4
2025.02.10	11:00:00	2902.36	2905.74	2898.42	2904.75	8624	0	4
2025.02.10	12:00:00	2904.73	2906.93	2902.73	2902.88	10420	0	4
2025.02.10	13:00:00	2902.93	2911.01	2899.75	2901.17	16756	0	4
2025.02.10	14:00:00	2901.16	2909.23	2896.22	2908.68	15543	0	4
2025.02.10	15:00:00	2908.67	2911.91	2904.56	2909.02	13052	0	4
2025.02.10	16:00:00	2909.05	2910.34	2899.23	2901.03	11094	0	4
2025.02.10	17:00:00	2901.04	2904.39	2896.72	2903.32	10516	0	4
2025.02.10	18:00:00	2903.34	2906.94	2900.97	2905.18	9488	0	4
2025.02.10	19:00:00	2905.17	2906.67	2902.62	2904.40	7378	0	4
2025.02.10	20:00:00	2904.39	2907.77	2903.00	2907.52	8304	0	4
2025.02.10	21:00:00	2907.50	2908.26	2905.41	2908.03	2907	0	4
2025.02.10	23:00:00	2911.58	2921.51	2909.65	2917.93	4376	0	4
2025.02.11	00:00:00	2917.86	2925.11	2916.44	2922.55	5264	0	4
2025.02.11	01:00:00	2922.53	2935.94	2919.64	2934.18	12768	0	4
2025.02.11	02:00:00	2934.20	2942.86	2905.51	2918.53	14719	0	4
2025.02.11	03:00:00	2918.73	2925.98	2911.63	2919.61	10629	0	4
2025.02.11	04:00:00	2919.44	2920.88	2914.82	2916.50	7525	0	4
2025.02.11	05:00:00	2916.49	2923.78	2915.21	2922.83	7988	0	4
2025.02.11	06:00:00	2922.81	2929.59	2915.39	2917.80	11584	0	4
2025.02.11	07:00:00	2917.81	2918.33	2907.22	2913.34	10637	0	4
2025.02.11	08:00:00	2913.25	2915.44	2907.03	2907.43	11413	0	4
2025.02.11	09:00:00	2907.41	2912.28	2903.01	2903.10	12484	0	4
2025.02.11	10:00:00	2903.09	2907.13	2901.85	2902.61	12112	0	4
2025.02.11	11:00:00	2902.58	2906.74	2902.20	2903.95	9847	0	4
2025.02.11	12:00:00	2903.94	2904.26	2887.01	2889.48	15099	0	4
2025.02.11	13:00:00	2889.42	2898.29	2881.74	2896.63	20078	0	4
2025.02.11	14:00:00	2896.69	2904.30	2895.14	2896.74	18168	0	4
2025.02.11	15:00:00	2896.73	2906.59	2890.84	2904.88	16603	0	4
2025.02.11	16:00:00	2904.86	2908.77	2902.36	2902.41	13307	0	4
2025.02.11	17:00:00	2902.35	2907.36	2899.71	2905.66	10689	0	4
2025.02.11	18:00:00	2905.65	2907.22	2903.34	2905.93	8279	0	4
2025.02.11	19:00:00	2905.91	2906.45	2899.79	2900.22	8213	0	4
2025.02.11	20:00:00	2900.23	2900.50	2894.13	2897.67	11236	0	4
2025.02.11	21:00:00	2897.65	2899.68	2897.48	2897.84	2267	0	4
2025.02.11	23:00:00	2898.04	2900.87	2897.39	2898.66	1998	0	4
2025.02.12	00:00:00	2898.69	2898.99	2889.44	2892.31	4483	0	4
2025.02.12	01:00:00	2892.30	2897.74	2883.80	2893.34	11539	0	4
2025.02.12	02:00:00	2893.33	2897.77	2891.95	2892.55	8884	0	4
2025.02.12	03:00:00	2892.41	2893.01	2886.80	2888.93	8498	0	4
2025.02.12	04:00:00	2888.98	2890.59	2884.07	2885.52	5543	0	4
2025.02.12	05:00:00	2885.58	2888.11	2883.97	2886.35	7304	0	4
2025.02.12	06:00:00	2886.34	2894.65	2885.79	2892.65	8819	0	4
2025.02.12	07:00:00	2892.67	2895.83	2891.02	2892.82	7239	0	4
2025.02.12	08:00:00	2892.84	2894.06	2888.06	2891.72	9215	0	4
2025.02.12	09:00:00	2891.71	2893.41	2886.47	2886.90	8589	0	4
2025.02.12	10:00:00	2886.91	2889.78	2879.44	2882.85	8116	0	4
2025.02.12	11:00:00	2882.82	2886.05	2879.44	2879.79	7192	0	4
2025.02.12	12:00:00	2879.80	2886.05	2879.04	2885.23	8156	0	4
2025.02.12	13:00:00	2885.25	2885.90	2863.95	2884.88	18583	0	4
2025.02.12	14:00:00	2884.85	2898.06	2882.02	2894.45	16663	0	4
2025.02.12	15:00:00	2894.49	2896.02	2886.97	2894.78	13329	0	4
2025.02.12	16:00:00	2894.75	2904.49	2892.22	2902.65	12392	0	4
2025.02.12	17:00:00	2902.57	2909.09	2901.96	2902.92	11500	0	4
2025.02.12	18:00:00	2902.93	2903.84	2900.48	2901.07	9648	0	4
2025.02.12	19:00:00	2901.10	2901.83	2893.61	2897.94	7940	0	4
2025.02.12	20:00:00	2897.95	2901.48	2895.56	2900.96	7446	0	4
2025.02.12	21:00:00	2900.99	2904.41	2900.24	2904.11	4383	0	4
2025.02.12	23:00:00	2904.84	2906.55	2900.46	2905.84	2204	0	4
2025.02.13	00:00:00	2905.79	2908.97	2904.62	2906.41	4118	0	4
2025.02.13	01:00:00	2906.32	2907.50	2901.47	2906.01	8395	0	4
2025.02.13	02:00:00	2906.05	2908.98	2905.27	2908.97	6813	0	4
2025.02.13	03:00:00	2908.96	2918.12	2907.28	2916.53	6680	0	4
2025.02.13	04:00:00	2916.51	2919.19	2916.25	2918.50	4824	0	4
2025.02.13	05:00:00	2918.51	2922.82	2916.46	2918.00	6457	0	4
2025.02.13	06:00:00	2917.99	2918.90	2912.78	2916.02	9659	0	4
2025.02.13	07:00:00	2916.05	2920.61	2913.11	2914.52	8832	0	4
2025.02.13	08:00:00	2914.60	2918.09	2909.57	2911.71	10290	0	4
2025.02.13	09:00:00	2911.68	2918.35	2909.99	2915.31	7934	0	4
2025.02.13	10:00:00	2915.25	2919.42	2913.99	2917.97	6013	0	4
2025.02.13	11:00:00	2917.98	2918.37	2915.57	2917.94	7766	0	4
2025.02.13	12:00:00	2917.96	2921.40	2915.79	2917.76	7523	0	4
2025.02.13	13:00:00	2917.80	2918.03	2906.04	2908.50	15982	0	4
2025.02.13	14:00:00	2908.47	2917.43	2906.74	2915.22	15023	0	4
2025.02.13	15:00:00	2915.18	2920.96	2914.65	2920.32	13122	0	4
2025.02.13	16:00:00	2920.27	2920.80	2913.01	2913.87	9431	0	4
2025.02.13	17:00:00	2913.83	2919.27	2913.52	2919.07	8150	0	4
2025.02.13	18:00:00	2919.09	2925.38	2914.44	2924.17	11080	0	4
2025.02.13	19:00:00	2924.16	2927.34	2923.91	2926.93	6754	0	4
2025.02.13	20:00:00	2926.91	2929.06	2924.99	2928.49	7971	0	4
2025.02.13	21:00:00	2928.55	2929.45	2928.19	2928.47	3335	0	4
2025.02.13	23:00:00	2927.97	2932.30	2927.46	2931.19	2645	0	4
2025.02.14	00:00:00	2931.16	2931.46	2927.46	2927.92	3778	0	4
2025.02.14	01:00:00	2928.05	2933.86	2928.02	2929.74	9410	0	4
2025.02.14	02:00:00	2929.75	2930.36	2925.97	2927.41	7859	0	4
2025.02.14	03:00:00	2927.39	2930.43	2923.28	2924.43	7185	0	4
2025.02.14	04:00:00	2924.40	2929.21	2923.85	2928.54	4636	0	4
2025.02.14	05:00:00	2928.55	2932.44	2926.88	2931.07	8046	0	4
2025.02.14	06:00:00	2931.06	2936.86	2929.99	2934.28	10102	0	4
2025.02.14	07:00:00	2934.34	2935.14	2930.62	2931.91	7463	0	4
2025.02.14	08:00:00	2931.88	2938.60	2930.91	2935.24	9294	0	4
2025.02.14	09:00:00	2935.21	2938.77	2934.12	2935.20	8976	0	4
2025.02.14	10:00:00	2935.24	2940.00	2934.34	2935.97	8987	0	4
2025.02.14	11:00:00	2935.98	2937.59	2929.40	2931.07	6993	0	4
2025.02.14	12:00:00	2931.06	2933.12	2927.81	2930.79	8906	0	4
2025.02.14	13:00:00	2930.83	2933.16	2917.77	2920.64	18759	0	4
2025.02.14	14:00:00	2920.65	2928.54	2914.40	2921.16	19030	0	4
2025.02.14	15:00:00	2921.15	2921.85	2892.96	2901.94	20025	0	4
2025.02.14	16:00:00	2901.93	2903.93	2888.69	2895.98	17845	0	4
2025.02.14	17:00:00	2895.94	2897.59	2885.44	2887.03	14256	0	4
2025.02.14	18:00:00	2887.15	2887.93	2882.23	2883.90	12229	0	4
2025.02.14	19:00:00	2883.96	2886.09	2878.85	2880.65	7606	0	4
2025.02.14	20:00:00	2880.57	2886.32	2877.09	2885.55	9447	0	4
2025.02.14	21:00:00	2885.47	2885.72	2882.45	2882.66	3650	0	4
2025.02.16	23:00:00	2893.60	2893.79	2878.68	2879.36	7193	0	4
2025.02.17	00:00:00	2879.63	2887.95	2879.57	2883.63	4699	0	4
2025.02.17	01:00:00	2883.62	2896.86	2882.42	2895.65	11263	0	4
2025.02.17	02:00:00	2895.63	2899.93	2894.05	2899.31	7470	0	4
2025.02.17	03:00:00	2899.33	2904.62	2897.88	2903.64	6855	0	4
2025.02.17	04:00:00	2903.60	2905.02	2898.59	2899.41	5519	0	4
2025.02.17	05:00:00	2899.43	2902.57	2896.00	2896.14	5488	0	4
2025.02.17	06:00:00	2896.13	2897.96	2888.16	2896.60	9456	0	4
2025.02.17	07:00:00	2896.57	2903.69	2896.57	2902.50	6369	0	4
2025.02.17	08:00:00	2902.60	2902.69	2895.16	2900.31	7051	0	4
2025.02.17	09:00:00	2900.36	2906.47	2900.36	2902.61	8010	0	4
2025.02.17	10:00:00	2902.60	2902.96	2895.53	2902.82	7270	0	4
2025.02.17	11:00:00	2902.80	2903.86	2897.88	2901.05	7099	0	4
2025.02.17	12:00:00	2901.09	2901.69	2895.55	2897.73	8154	0	4
2025.02.17	13:00:00	2897.72	2899.19	2895.69	2896.88	10491	0	4
2025.02.17	14:00:00	2896.87	2903.91	2896.54	2903.14	9600	0	4
2025.02.17	15:00:00	2903.15	2904.20	2898.01	2899.30	7899	0	4
2025.02.17	16:00:00	2899.29	2901.25	2896.61	2899.33	5378	0	4
2025.02.17	17:00:00	2899.34	2899.83	2898.05	2898.48	4241	0	4
2025.02.17	18:00:00	2898.51	2899.19	2897.16	2898.24	3151	0	4
2025.02.17	19:00:00	2898.22	2898.39	2897.42	2897.42	722	0	4
2025.02.17	23:00:00	2898.98	2899.55	2897.35	2899.32	1113	0	4
2025.02.18	00:00:00	2899.37	2900.31	2898.38	2899.32	2227	0	4
2025.02.18	01:00:00	2899.34	2900.00	2892.07	2895.78	7857	0	4
2025.02.18	02:00:00	2895.74	2905.19	2895.44	2903.09	7528	0	4
2025.02.18	03:00:00	2903.08	2910.83	2902.81	2908.96	7360	0	4
2025.02.18	04:00:00	2908.98	2911.03	2907.29	2910.89	3096	0	4
2025.02.18	05:00:00	2910.91	2915.72	2909.98	2910.78	7562	0	4
2025.02.18	06:00:00	2910.67	2914.43	2910.13	2913.74	5443	0	4
2025.02.18	07:00:00	2913.78	2915.40	2908.59	2911.53	5330	0	4
2025.02.18	08:00:00	2911.52	2913.35	2908.26	2912.53	5758	0	4
2025.02.18	09:00:00	2912.52	2913.48	2910.13	2912.69	4695	0	4
2025.02.18	10:00:00	2912.68	2913.48	2907.19	2911.24	5381	0	4
2025.02.18	11:00:00	2911.28	2914.94	2909.86	2914.38	5196	0	4
2025.02.18	12:00:00	2914.39	2918.87	2912.25	2918.16	7429	0	4
2025.02.18	13:00:00	2918.10	2921.28	2913.48	2918.85	10737	0	4
2025.02.18	14:00:00	2918.82	2928.73	2917.90	2928.03	12028	0	4
2025.02.18	15:00:00	2928.04	2929.71	2923.60	2927.28	11567	0	4
2025.02.18	16:00:00	2927.20	2933.74	2924.32	2932.95	10889	0	4
2025.02.18	17:00:00	2932.99	2933.66	2929.66	2931.27	7681	0	4
2025.02.18	18:00:00	2931.29	2933.74	2928.44	2933.32	6549	0	4
2025.02.18	19:00:00	2933.33	2936.94	2932.01	2935.74	6152	0	4
2025.02.18	20:00:00	2935.76	2936.72	2932.48	2933.54	4972	0	4
2025.02.18	21:00:00	2933.55	2936.66	2933.34	2935.52	2774	0	4
2025.02.18	23:00:00	2935.33	2935.60	2933.20	2934.04	1291	0	4
2025.02.19	00:00:00	2934.02	2934.36	2928.65	2929.26	2600	0	4
2025.02.19	01:00:00	2929.24	2939.79	2928.02	2938.41	7124	0	4
2025.02.19	02:00:00	2938.48	2939.56	2924.12	2929.27	7979	0	4
2025.02.19	03:00:00	2929.40	2930.69	2925.14	2928.95	6185	0	4
2025.02.19	04:00:00	2928.92	2929.55	2926.71	2929.33	3797	0	4
2025.02.19	05:00:00	2929.62	2934.51	2928.00	2933.00	6166	0	4
2025.02.19	06:00:00	2932.99	2935.86	2930.80	2931.66	6285	0	4
2025.02.19	07:00:00	2931.65	2935.92	2930.40	2934.26	6460	0	4
2025.02.19	08:00:00	2934.24	2940.05	2933.77	2938.67	9229	0	4
2025.02.19	09:00:00	2938.69	2946.62	2938.22	2945.49	8225	0	4
2025.02.19	10:00:00	2945.48	2946.97	2942.68	2944.84	7859	0	4
2025.02.19	11:00:00	2944.83	2946.14	2934.17	2935.12	8679	0	4
2025.02.19	12:00:00	2935.11	2936.88	2931.33	2933.53	10745	0	4
2025.02.19	13:00:00	2933.52	2941.64	2932.45	2936.28	15876	0	4
2025.02.19	14:00:00	2936.27	2940.61	2930.26	2938.17	20972	0	4
2025.02.19	15:00:00	2938.18	2939.24	2925.51	2925.59	16710	0	4
2025.02.19	16:00:00	2925.74	2930.98	2923.08	2928.16	16884	0	4
2025.02.19	17:00:00	2928.08	2929.87	2921.60	2923.94	11389	0	4
2025.02.19	18:00:00	2923.92	2926.76	2918.67	2925.02	12373	0	4
2025.02.19	19:00:00	2925.06	2932.36	2923.58	2931.80	9116	0	4
2025.02.19	20:00:00	2931.78	2936.61	2931.52	2935.95	10018	0	4
2025.02.19	21:00:00	2935.96	2937.54	2932.47	2933.09	3525	0	4
2025.02.19	23:00:00	2933.68	2936.26	2933.68	2935.45	1672	0	4
2025.02.20	00:00:00	2935.42	2941.39	2935.42	2941.07	3884	0	4
2025.02.20	01:00:00	2941.04	2942.43	2934.69	2937.03	10128	0	4
2025.02.20	02:00:00	2937.10	2941.70	2933.99	2941.01	9155	0	4
2025.02.20	03:00:00	2941.02	2944.09	2940.70	2941.91	5053	0	4
2025.02.20	04:00:00	2941.92	2942.55	2939.41	2940.03	3580	0	4
2025.02.20	05:00:00	2940.28	2946.89	2939.41	2946.78	5401	0	4
2025.02.20	06:00:00	2946.85	2949.00	2943.92	2947.78	6650	0	4
2025.02.20	07:00:00	2947.79	2954.35	2946.50	2948.87	6699	0	4
2025.02.20	08:00:00	2948.98	2954.74	2948.96	2954.54	6723	0	4
2025.02.20	09:00:00	2954.53	2954.89	2949.87	2951.56	6262	0	4
2025.02.20	10:00:00	2951.61	2954.79	2949.28	2952.29	8430	0	4
2025.02.20	11:00:00	2952.34	2952.95	2947.35	2948.88	5735	0	4
2025.02.20	12:00:00	2948.87	2950.75	2938.90	2945.40	9668	0	4
2025.02.20	13:00:00	2945.35	2947.77	2933.90	2934.07	16222	0	4
2025.02.20	14:00:00	2933.96	2939.99	2924.14	2935.01	22314	0	4
2025.02.20	15:00:00	2935.02	2939.63	2931.83	2938.53	16110	0	4
2025.02.20	16:00:00	2938.54	2945.67	2935.91	2943.15	11515	0	4
2025.02.20	17:00:00	2943.16	2947.02	2940.05	2940.54	10033	0	4
2025.02.20	18:00:00	2940.55	2942.44	2937.36	2941.70	10487	0	4
2025.02.20	19:00:00	2941.72	2941.88	2933.55	2937.98	9031	0	4
2025.02.20	20:00:00	2938.01	2938.82	2935.59	2937.87	7237	0	4
2025.02.20	21:00:00	2937.89	2940.30	2937.52	2938.75	3644	0	4
2025.02.20	23:00:00	2939.47	2943.44	2938.73	2941.61	1995	0	4
2025.02.21	00:00:00	2941.63	2942.85	2937.28	2940.02	4040	0	4
2025.02.21	01:00:00	2940.01	2949.80	2926.80	2928.83	15873	0	4
2025.02.21	02:00:00	2928.92	2941.14	2926.44	2939.21	10163	0	4
2025.02.21	03:00:00	2939.24	2939.83	2927.11	2931.21	10339	0	4
2025.02.21	04:00:00	2931.20	2932.39	2926.66	2928.55	5899	0	4
2025.02.21	05:00:00	2928.51	2934.16	2924.13	2930.29	8682	0	4
2025.02.21	06:00:00	2930.25	2931.49	2925.73	2929.73	8160	0	4
2025.02.21	07:00:00	2929.71	2933.11	2929.09	2929.98	4834	0	4
2025.02.21	08:00:00	2930.00	2931.28	2916.79	2923.36	11092	0	4
2025.02.21	09:00:00	2923.33	2929.63	2923.17	2929.31	6643	0	4
2025.02.21	10:00:00	2929.32	2931.09	2929.05	2930.64	4580	0	4
2025.02.21	11:00:00	2930.66	2936.18	2928.04	2928.39	6367	0	4
2025.02.21	12:00:00	2928.40	2935.22	2927.63	2930.18	7835	0	4
2025.02.21	13:00:00	2930.19	2934.63	2926.92	2931.01	11868	0	4
2025.02.21	14:00:00	2931.02	2939.13	2928.16	2933.70	16036	0	4
2025.02.21	15:00:00	2933.69	2935.68	2921.56	2928.82	20318	0	4
2025.02.21	16:00:00	2928.75	2938.56	2927.39	2936.74	11057	0	4
2025.02.21	17:00:00	2936.73	2941.67	2936.17	2939.73	8508	0	4
2025.02.21	18:00:00	2939.74	2942.87	2937.83	2941.90	9611	0	4
2025.02.21	19:00:00	2941.97	2942.66	2933.04	2933.52	10127	0	4
2025.02.21	20:00:00	2933.50	2937.25	2932.49	2934.71	10051	0	4
2025.02.21	21:00:00	2934.73	2938.38	2932.18	2936.23	4116	0	4
2025.02.23	23:00:00	2939.77	2940.67	2936.54	2936.92	4485	0	4
2025.02.24	00:00:00	2936.93	2938.10	2929.70	2930.19	6351	0	4
2025.02.24	01:00:00	2930.14	2931.40	2921.32	2928.09	17097	0	4
2025.02.24	02:00:00	2928.04	2940.87	2925.08	2940.77	13349	0	4
2025.02.24	03:00:00	2940.76	2944.70	2939.88	2941.25	12865	0	4
2025.02.24	04:00:00	2941.26	2942.93	2937.76	2940.75	7553	0	4
2025.02.24	05:00:00	2940.78	2942.23	2935.65	2936.37	8817	0	4
2025.02.24	06:00:00	2936.36	2941.94	2935.28	2938.90	8255	0	4
2025.02.24	07:00:00	2938.89	2945.02	2938.37	2943.96	6932	0	4
2025.02.24	08:00:00	2943.93	2948.85	2938.31	2946.44	9585	0	4
2025.02.24	09:00:00	2946.41	2948.37	2942.88	2944.32	8803	0	4
2025.02.24	10:00:00	2944.35	2944.82	2934.99	2938.37	6407	0	4
2025.02.24	11:00:00	2938.38	2948.18	2937.78	2947.69	8026	0	4
2025.02.24	12:00:00	2947.68	2951.22	2945.49	2946.58	9388	0	4
2025.02.24	13:00:00	2946.56	2954.69	2946.32	2954.47	14621	0	4
2025.02.24	14:00:00	2954.48	2956.25	2934.76	2938.71	22067	0	4
2025.02.24	15:00:00	2938.69	2940.61	2930.76	2936.59	22160	0	4
2025.02.24	16:00:00	2936.61	2943.64	2936.56	2943.44	12980	0	4
2025.02.24	17:00:00	2943.46	2944.90	2941.06	2943.32	10186	0	4
2025.02.24	18:00:00	2943.41	2948.04	2942.83	2947.43	8310	0	4
2025.02.24	19:00:00	2947.46	2949.96	2946.89	2949.26	6237	0	4
2025.02.24	20:00:00	2949.25	2951.59	2947.04	2950.59	5795	0	4
2025.02.24	21:00:00	2950.62	2953.06	2950.31	2952.60	3206	0	4
2025.02.24	23:00:00	2952.64	2953.39	2948.24	2950.08	4221	0	4
2025.02.25	00:00:00	2950.14	2952.53	2948.47	2949.62	4041	0	4
2025.02.25	01:00:00	2949.63	2952.42	2945.28	2949.54	11215	0	4
2025.02.25	02:00:00	2949.55	2952.46	2947.16	2948.72	9435	0	4
2025.02.25	03:00:00	2948.71	2949.66	2937.59	2939.56	11485	0	4
2025.02.25	04:00:00	2939.54	2939.85	2935.20	2936.96	6475	0	4
2025.02.25	05:00:00	2936.86	2941.00	2936.77	2938.03	7630	0	4
2025.02.25	06:00:00	2937.99	2938.60	2933.61	2935.97	7558	0	4
2025.02.25	07:00:00	2935.98	2940.52	2930.74	2931.64	11449	0	4
2025.02.25	08:00:00	2931.65	2942.32	2929.63	2941.58	12493	0	4
2025.02.25	09:00:00	2941.53	2942.31	2937.44	2938.95	8981	0	4
2025.02.25	10:00:00	2938.93	2941.66	2937.36	2937.44	9295	0	4
2025.02.25	11:00:00	2937.43	2940.64	2937.12	2938.72	8496	0	4
2025.02.25	12:00:00	2938.73	2941.36	2924.08	2928.69	17150	0	4
2025.02.25	13:00:00	2928.70	2937.98	2926.17	2937.52	20161	0	4
2025.02.25	14:00:00	2937.56	2944.85	2932.02	2932.79	19449	0	4
2025.02.25	15:00:00	2932.81	2935.03	2900.58	2905.93	34923	0	4
2025.02.25	16:00:00	2906.00	2906.93	2888.30	2896.48	25338	0	4
2025.02.25	17:00:00	2896.47	2908.96	2893.69	2907.69	14117	0	4
2025.02.25	18:00:00	2907.70	2912.31	2905.50	2909.45	11630	0	4
2025.02.25	19:00:00	2909.46	2913.90	2905.84	2912.11	7806	0	4
2025.02.25	20:00:00	2912.12	2913.40	2910.88	2912.77	7249	0	4
2025.02.25	21:00:00	2912.75	2917.32	2912.64	2915.10	5125	0	4
2025.02.25	23:00:00	2915.97	2918.92	2913.77	2918.59	3354	0	4
2025.02.26	00:00:00	2918.56	2926.20	2918.56	2923.50	6252	0	4
2025.02.26	01:00:00	2923.52	2930.11	2915.34	2917.97	11977	0	4
2025.02.26	02:00:00	2917.98	2923.14	2914.78	2921.02	9195	0	4
2025.02.26	03:00:00	2921.03	2921.69	2916.48	2917.15	5246	0	4
2025.02.26	04:00:00	2917.31	2918.96	2912.76	2915.13	4917	0	4
2025.02.26	05:00:00	2915.07	2920.90	2914.83	2915.42	6767	0	4
2025.02.26	06:00:00	2915.43	2916.25	2906.74	2906.79	7908	0	4
2025.02.26	07:00:00	2906.76	2917.67	2905.92	2915.46	9919	0	4
2025.02.26	08:00:00	2915.44	2918.38	2909.68	2918.05	11465	0	4
2025.02.26	09:00:00	2917.97	2919.09	2912.25	2913.18	7693	0	4
2025.02.26	10:00:00	2913.20	2916.86	2911.05	2912.73	8277	0	4
2025.02.26	11:00:00	2912.72	2915.48	2912.13	2913.84	4909	0	4
2025.02.26	12:00:00	2913.82	2915.59	2910.17	2913.97	7347	0	4
2025.02.26	13:00:00	2914.10	2915.09	2905.58	2906.01	12543	0	4
2025.02.26	14:00:00	2905.99	2906.21	2890.84	2901.57	24297	0	4
2025.02.26	15:00:00	2901.70	2914.39	2898.61	2913.39	15451	0	4
2025.02.26	16:00:00	2913.50	2916.72	2909.89	2913.12	11940	0	4
2025.02.26	17:00:00	2913.13	2916.30	2910.52	2913.87	10926	0	4
2025.02.26	18:00:00	2913.86	2916.17	2912.42	2914.95	7128	0	4
2025.02.26	19:00:00	2914.98	2916.28	2913.41	2913.94	5161	0	4
2025.02.26	20:00:00	2913.95	2916.78	2912.08	2916.43	5974	0	4
2025.02.26	21:00:00	2916.36	2918.78	2916.03	2916.40	4159	0	4
2025.02.26	23:00:00	2915.81	2920.81	2915.81	2919.31	2278	0	4
2025.02.27	00:00:00	2919.33	2919.33	2916.02	2917.26	3176	0	4
2025.02.27	01:00:00	2917.22	2918.33	2911.09	2912.55	11665	0	4
2025.02.27	02:00:00	2912.56	2914.95	2904.39	2906.72	9431	0	4
2025.02.27	03:00:00	2906.73	2909.21	2905.37	2905.74	7797	0	4
2025.02.27	04:00:00	2905.75	2906.58	2896.40	2897.41	8398	0	4
2025.02.27	05:00:00	2897.42	2898.68	2888.65	2890.95	14158	0	4
2025.02.27	06:00:00	2890.91	2898.59	2890.61	2894.31	13044	0	4
2025.02.27	07:00:00	2894.32	2896.72	2887.94	2892.01	12677	0	4
2025.02.27	08:00:00	2892.06	2892.24	2880.76	2881.40	16245	0	4
2025.02.27	09:00:00	2881.41	2893.54	2877.15	2887.43	14499	0	4
2025.02.27	10:00:00	2887.44	2895.10	2886.66	2892.26	8688	0	4
2025.02.27	11:00:00	2892.27	2894.95	2883.50	2884.00	11669	0	4
2025.02.27	12:00:00	2884.02	2888.81	2883.20	2885.29	12576	0	4
2025.02.27	13:00:00	2885.25	2892.20	2881.17	2889.03	23796	0	4
2025.02.27	14:00:00	2888.91	2892.41	2867.87	2872.34	27229	0	4
2025.02.27	15:00:00	2872.32	2882.61	2870.44	2872.31	26268	0	4
2025.02.27	16:00:00	2872.29	2878.24	2872.01	2877.45	15013	0	4
2025.02.27	17:00:00	2877.44	2883.86	2876.15	2883.31	11398	0	4
2025.02.27	18:00:00	2883.28	2887.38	2882.90	2887.38	9125	0	4
2025.02.27	19:00:00	2887.39	2887.74	2877.25	2879.27	10027	0	4
2025.02.27	20:00:00	2879.26	2879.40	2872.77	2873.94	12167	0	4
2025.02.27	21:00:00	2873.91	2878.04	2871.33	2877.36	4461	0	4
2025.02.27	23:00:00	2876.68	2878.40	2874.93	2875.91	2452	0	4
2025.02.28	00:00:00	2875.90	2880.26	2874.96	2877.00	4783	0	4
2025.02.28	01:00:00	2877.01	2885.20	2873.93	2874.93	13462	0	4
2025.02.28	02:00:00	2874.91	2877.86	2870.53	2873.40	11814	0	4
2025.02.28	03:00:00	2873.39	2876.38	2863.67	2865.85	10467	0	4
2025.02.28	04:00:00	2865.84	2866.13	2856.95	2863.53	11225	0	4
2025.02.28	05:00:00	2863.52	2867.20	2861.90	2864.21	9046	0	4
2025.02.28	06:00:00	2864.23	2866.72	2862.05	2863.77	9635	0	4
2025.02.28	07:00:00	2863.72	2865.29	2857.46	2858.73	9307	0	4
2025.02.28	08:00:00	2858.75	2860.44	2851.14	2856.19	10743	0	4
2025.02.28	09:00:00	2856.06	2864.36	2855.98	2862.43	8962	0	4
2025.02.28	10:00:00	2862.42	2864.97	2860.78	2862.88	6184	0	4
2025.02.28	11:00:00	2862.90	2863.79	2859.17	2862.34	6290	0	4
2025.02.28	12:00:00	2862.38	2864.97	2854.41	2856.48	9881	0	4
2025.02.28	13:00:00	2856.49	2862.25	2848.37	2848.55	18985	0	4
2025.02.28	14:00:00	2848.54	2851.79	2833.57	2833.99	25512	0	4
2025.02.28	15:00:00	2833.97	2850.80	2832.71	2850.09	25365	0	4
2025.02.28	16:00:00	2850.19	2854.02	2846.36	2848.72	16441	0	4
2025.02.28	17:00:00	2848.67	2851.61	2844.65	2845.17	9622	0	4
2025.02.28	18:00:00	2845.16	2847.82	2838.15	2845.27	12210	0	4
2025.02.28	19:00:00	2845.32	2850.96	2844.24	2849.68	7725	0	4
2025.02.28	20:00:00	2849.64	2855.12	2847.83	2854.77	8846	0	4
2025.02.28	21:00:00	2854.76	2859.64	2853.31	2857.72	4289	0	4
2025.03.02	23:00:00	2873.15	2876.96	2864.46	2870.99	8707	0	4
2025.03.03	00:00:00	2871.03	2871.47	2865.44	2865.84	7487	0	4
2025.03.03	01:00:00	2865.85	2872.08	2864.15	2870.92	13597	0	4
2025.03.03	02:00:00	2870.93	2872.06	2867.75	2868.33	6508	0	4
2025.03.03	03:00:00	2868.25	2868.25	2859.47	2864.94	11422	0	4
2025.03.03	04:00:00	2864.92	2868.59	2863.11	2867.36	6586	0	4
2025.03.03	05:00:00	2867.34	2867.39	2861.27	2863.94	8292	0	4
2025.03.03	06:00:00	2863.92	2866.02	2861.84	2865.60	7504	0	4
2025.03.03	07:00:00	2865.64	2866.33	2860.22	2863.30	8209	0	4
2025.03.03	08:00:00	2863.39	2868.89	2858.99	2868.66	11860	0	4
2025.03.03	09:00:00	2868.72	2871.52	2864.35	2867.49	11207	0	4
2025.03.03	10:00:00	2867.52	2873.64	2867.23	2871.89	8577	0	4
2025.03.03	11:00:00	2871.90	2875.59	2871.25	2874.41	7911	0	4
2025.03.03	12:00:00	2874.37	2877.72	2873.95	2875.68	8858	0	4
2025.03.03	13:00:00	2875.65	2876.24	2868.92	2872.69	15365	0	4
2025.03.03	14:00:00	2872.47	2882.99	2871.36	2877.34	17502	0	4
2025.03.03	15:00:00	2877.29	2890.44	2873.86	2887.89	22793	0	4
2025.03.03	16:00:00	2887.93	2893.12	2886.07	2891.59	12511	0	4
2025.03.03	17:00:00	2891.58	2892.94	2887.38	2890.87	10359	0	4
2025.03.03	18:00:00	2890.85	2892.45	2886.68	2890.02	12727	0	4
2025.03.03	19:00:00	2890.01	2891.33	2879.86	2881.63	12048	0	4
2025.03.03	20:00:00	2881.62	2891.54	2878.45	2890.52	15134	0	4
2025.03.03	21:00:00	2890.54	2895.20	2890.19	2893.44	4955	0	4
2025.03.03	23:00:00	2892.87	2893.32	2890.55	2890.90	2579	0	4
2025.03.04	00:00:00	2890.86	2893.83	2890.02	2892.01	5149	0	4
2025.03.04	01:00:00	2892.00	2893.06	2881.85	2888.37	12430	0	4
2025.03.04	02:00:00	2888.38	2889.44	2884.91	2885.46	8308	0	4
2025.03.04	03:00:00	2885.47	2893.16	2884.98	2888.73	7620	0	4
2025.03.04	04:00:00	2888.59	2892.78	2886.67	2891.34	6006	0	4
2025.03.04	05:00:00	2891.36	2894.41	2888.52	2889.74	7627	0	4
2025.03.04	06:00:00	2889.73	2889.96	2884.48	2887.43	8465	0	4
2025.03.04	07:00:00	2887.42	2901.35	2887.10	2900.03	9649	0	4
2025.03.04	08:00:00	2900.01	2918.76	2896.87	2914.06	17811	0	4
2025.03.04	09:00:00	2914.10	2921.35	2912.58	2918.01	9967	0	4
2025.03.04	10:00:00	2917.99	2918.10	2912.10	2914.67	8877	0	4
2025.03.04	11:00:00	2914.66	2921.84	2912.99	2920.02	8594	0	4
2025.03.04	12:00:00	2920.03	2925.36	2918.74	2925.05	11993	0	4
2025.03.04	13:00:00	2925.08	2927.86	2919.82	2922.65	19767	0	4
2025.03.04	14:00:00	2922.70	2923.01	2903.34	2903.53	24836	0	4
2025.03.04	15:00:00	2903.54	2912.29	2900.47	2906.05	25326	0	4
2025.03.04	16:00:00	2906.02	2915.97	2903.82	2915.21	17699	0	4
2025.03.04	17:00:00	2915.31	2916.46	2911.13	2911.65	13311	0	4
2025.03.04	18:00:00	2911.63	2915.28	2908.30	2911.38	9223	0	4
2025.03.04	19:00:00	2911.40	2916.54	2911.27	2916.14	8158	0	4
2025.03.04	20:00:00	2916.05	2920.58	2914.44	2917.26	11388	0	4
2025.03.04	21:00:00	2917.28	2918.47	2913.36	2917.52	4823	0	4
2025.03.04	23:00:00	2917.86	2917.86	2914.25	2914.33	1936	0	4
2025.03.05	00:00:00	2914.34	2917.47	2912.22	2914.03	4302	0	4
2025.03.05	01:00:00	2914.09	2915.29	2903.56	2907.20	13508	0	4
2025.03.05	02:00:00	2907.21	2914.62	2902.21	2904.46	11216	0	4
2025.03.05	03:00:00	2904.42	2913.68	2903.49	2908.82	9613	0	4
2025.03.05	04:00:00	2908.83	2912.72	2908.68	2910.54	4104	0	4
2025.03.05	05:00:00	2910.49	2919.07	2910.05	2919.02	6098	0	4
2025.03.05	06:00:00	2918.99	2921.86	2913.61	2917.33	7734	0	4
2025.03.05	07:00:00	2917.36	2919.80	2913.05	2918.07	9777	0	4
2025.03.05	08:00:00	2918.06	2921.97	2916.75	2920.03	13979	0	4
2025.03.05	09:00:00	2920.05	2922.73	2913.45	2919.02	12339	0	4
2025.03.05	10:00:00	2919.04	2919.35	2909.08	2913.25	9839	0	4
2025.03.05	11:00:00	2913.24	2917.29	2912.21	2913.30	8887	0	4
2025.03.05	12:00:00	2913.51	2919.29	2912.45	2916.17	10123	0	4
2025.03.05	13:00:00	2916.19	2916.54	2894.30	2900.03	24185	0	4
2025.03.05	14:00:00	2900.02	2917.31	2897.78	2912.38	25819	0	4
2025.03.05	15:00:00	2912.32	2923.89	2908.30	2917.20	27721	0	4
2025.03.05	16:00:00	2917.17	2929.95	2915.27	2923.89	17759	0	4
2025.03.05	17:00:00	2923.90	2925.26	2913.76	2916.04	14014	0	4
2025.03.05	18:00:00	2916.02	2920.77	2911.72	2917.51	12665	0	4
2025.03.05	19:00:00	2917.55	2921.45	2916.39	2920.58	7293	0	4
2025.03.05	20:00:00	2920.60	2923.08	2919.60	2922.08	7453	0	4
2025.03.05	21:00:00	2922.06	2922.48	2917.81	2919.20	2390	0	4
2025.03.05	23:00:00	2918.73	2919.19	2916.83	2918.28	1666	0	4
2025.03.06	00:00:00	2918.27	2920.37	2916.62	2916.77	3509	0	4
2025.03.06	01:00:00	2916.73	2925.82	2915.95	2924.73	9618	0	4
2025.03.06	02:00:00	2924.74	2926.71	2923.04	2925.66	7391	0	4
2025.03.06	03:00:00	2925.67	2925.71	2920.13	2921.29	5960	0	4
2025.03.06	04:00:00	2921.28	2921.64	2916.46	2917.46	4277	0	4
2025.03.06	05:00:00	2917.40	2920.73	2914.60	2919.87	6967	0	4
2025.03.06	06:00:00	2919.89	2923.05	2919.89	2920.67	6416	0	4
2025.03.06	07:00:00	2920.66	2922.56	2909.83	2909.90	12241	0	4
2025.03.06	08:00:00	2909.98	2911.41	2901.09	2904.82	16047	0	4
2025.03.06	09:00:00	2904.76	2905.39	2891.31	2894.22	15865	0	4
2025.03.06	10:00:00	2894.20	2905.40	2892.11	2899.37	15846	0	4
2025.03.06	11:00:00	2899.36	2907.68	2898.72	2905.88	10689	0	4
2025.03.06	12:00:00	2905.86	2907.14	2899.37	2903.28	11980	0	4
2025.03.06	13:00:00	2903.27	2909.39	2900.89	2904.54	20613	0	4
2025.03.06	14:00:00	2904.46	2916.65	2903.40	2915.22	20975	0	4
2025.03.06	15:00:00	2915.28	2922.73	2909.22	2914.53	26066	0	4
2025.03.06	16:00:00	2914.56	2918.53	2912.66	2917.18	14090	0	4
2025.03.06	17:00:00	2917.20	2921.56	2914.43	2915.57	11555	0	4
2025.03.06	18:00:00	2915.63	2920.69	2913.93	2916.25	11152	0	4
2025.03.06	19:00:00	2916.29	2917.72	2912.41	2914.08	10140	0	4
2025.03.06	20:00:00	2914.04	2916.59	2908.51	2908.85	9666	0	4
2025.03.06	21:00:00	2908.84	2911.99	2908.47	2911.05	3410	0	4
2025.03.06	23:00:00	2912.75	2913.42	2910.09	2910.41	2157	0	4
2025.03.07	00:00:00	2910.39	2910.39	2896.67	2904.81	7338	0	4
2025.03.07	01:00:00	2904.80	2910.28	2901.50	2906.97	11688	0	4
2025.03.07	02:00:00	2906.96	2909.26	2901.33	2908.17	11036	0	4
2025.03.07	03:00:00	2908.13	2909.09	2904.04	2905.43	8023	0	4
2025.03.07	04:00:00	2905.42	2908.42	2904.88	2906.55	5836	0	4
2025.03.07	05:00:00	2906.63	2912.53	2906.37	2909.65	8330	0	4
2025.03.07	06:00:00	2909.66	2914.82	2907.78	2913.54	7892	0	4
2025.03.07	07:00:00	2913.56	2917.38	2911.73	2917.20	7809	0	4
2025.03.07	08:00:00	2917.19	2922.97	2915.21	2922.46	10387	0	4
2025.03.07	09:00:00	2922.47	2922.97	2920.18	2921.68	7711	0	4
2025.03.07	10:00:00	2921.66	2921.97	2917.16	2918.01	9257	0	4
2025.03.07	11:00:00	2917.99	2922.07	2916.76	2918.84	8981	0	4
2025.03.07	12:00:00	2918.87	2922.84	2918.08	2918.71	10495	0	4
2025.03.07	13:00:00	2918.72	2926.33	2910.23	2913.84	25268	0	4
2025.03.07	14:00:00	2913.83	2928.82	2903.91	2926.80	26879	0	4
2025.03.07	15:00:00	2926.84	2930.28	2908.74	2915.81	24603	0	4
2025.03.07	16:00:00	2915.83	2919.41	2911.67	2914.12	17816	0	4
2025.03.07	17:00:00	2914.13	2916.32	2905.12	2908.25	17912	0	4
2025.03.07	18:00:00	2908.01	2908.75	2902.12	2906.61	12687	0	4
2025.03.07	19:00:00	2906.64	2909.58	2904.64	2905.37	8693	0	4
2025.03.07	20:00:00	2905.30	2911.25	2904.80	2909.75	6344	0	4
2025.03.07	21:00:00	2909.71	2912.61	2908.56	2911.15	2357	0	4
2025.03.09	22:00:00	2911.69	2915.19	2909.88	2911.94	3802	0	4
2025.03.09	23:00:00	2911.96	2917.03	2911.50	2916.32	3834	0	4
2025.03.10	00:00:00	2916.38	2918.00	2913.10	2913.89	5425	0	4
2025.03.10	01:00:00	2913.95	2918.43	2911.30	2912.14	9413	0	4
2025.03.10	02:00:00	2912.28	2914.54	2909.54	2911.50	7336	0	4
2025.03.10	03:00:00	2911.49	2913.35	2908.26	2911.00	6015	0	4
2025.03.10	04:00:00	2910.99	2912.69	2910.34	2910.98	3581	0	4
2025.03.10	05:00:00	2911.03	2912.01	2906.98	2910.02	6110	0	4
2025.03.10	06:00:00	2910.03	2914.69	2909.39	2914.51	6852	0	4
2025.03.10	07:00:00	2914.47	2915.55	2904.39	2908.49	10658	0	4
2025.03.10	08:00:00	2908.50	2910.70	2897.68	2897.95	15108	0	4
2025.03.10	09:00:00	2897.91	2915.45	2896.84	2911.25	13602	0	4
2025.03.10	10:00:00	2911.24	2911.33	2898.44	2902.90	13376	0	4
2025.03.10	11:00:00	2902.97	2904.83	2895.61	2904.17	13526	0	4
2025.03.10	12:00:00	2904.16	2907.77	2902.62	2906.72	14998	0	4
2025.03.10	13:00:00	2906.74	2908.72	2897.70	2903.79	20591	0	4
2025.03.10	14:00:00	2903.78	2909.18	2901.07	2908.09	23163	0	4
2025.03.10	15:00:00	2908.08	2910.64	2900.60	2904.57	17860	0	4
2025.03.10	16:00:00	2904.56	2906.85	2895.90	2896.02	13813	0	4
2025.03.10	17:00:00	2896.03	2896.22	2882.85	2886.16	19117	0	4
2025.03.10	18:00:00	2886.25	2889.64	2880.29	2885.63	13616	0	4
2025.03.10	19:00:00	2885.59	2890.98	2880.36	2885.33	14207	0	4
2025.03.10	20:00:00	2885.40	2889.24	2884.43	2889.17	3763	0	4
2025.03.10	22:00:00	2887.18	2890.26	2884.09	2884.67	2543	0	4
2025.03.10	23:00:00	2884.69	2885.85	2882.37	2884.84	3050	0	4
2025.03.11	00:00:00	2884.85	2888.70	2884.33	2887.39	5850	0	4
2025.03.11	01:00:00	2887.60	2891.00	2880.20	2890.67	11920	0	4
2025.03.11	02:00:00	2890.65	2900.47	2890.00	2899.16	10414	0	4
2025.03.11	03:00:00	2899.18	2899.45	2895.16	2896.94	6207	0	4
2025.03.11	04:00:00	2896.95	2898.69	2895.55	2897.78	3450	0	4
2025.03.11	05:00:00	2897.81	2899.06	2892.70	2895.93	6676	0	4
2025.03.11	06:00:00	2895.96	2902.83	2893.43	2902.45	9120	0	4
2025.03.11	07:00:00	2902.46	2903.62	2897.55	2901.12	8305	0	4
2025.03.11	08:00:00	2901.15	2910.37	2900.54	2909.97	9743	0	4
2025.03.11	09:00:00	2909.98	2912.50	2908.83	2911.75	11518	0	4
2025.03.11	10:00:00	2911.77	2914.54	2910.94	2912.09	7895	0	4
2025.03.11	11:00:00	2912.07	2915.37	2910.74	2913.54	8417	0	4
2025.03.11	12:00:00	2913.55	2916.02	2910.56	2913.09	12756	0	4
2025.03.11	13:00:00	2913.08	2922.21	2907.00	2918.12	21974	0	4
2025.03.11	14:00:00	2918.11	2920.87	2911.79	2914.04	18633	0	4
2025.03.11	15:00:00	2914.16	2919.94	2914.09	2916.84	13529	0	4
2025.03.11	16:00:00	2916.85	2918.13	2915.20	2917.18	8171	0	4
2025.03.11	17:00:00	2917.19	2920.70	2914.17	2917.85	9642	0	4
2025.03.11	18:00:00	2917.84	2919.60	2915.29	2918.38	8559	0	4
2025.03.11	19:00:00	2918.39	2921.42	2917.53	2918.40	8731	0	4
2025.03.11	20:00:00	2918.37	2919.10	2915.20	2916.13	3408	0	4
2025.03.11	22:00:00	2915.95	2918.21	2914.40	2917.68	2734	0	4
2025.03.11	23:00:00	2917.64	2919.82	2915.43	2915.53	2420	0	4
2025.03.12	00:00:00	2915.56	2915.58	2912.23	2914.28	3145	0	4
2025.03.12	01:00:00	2914.25	2917.50	2910.88	2914.87	6504	0	4
2025.03.12	02:00:00	2914.83	2918.41	2914.02	2916.32	5517	0	4
2025.03.12	03:00:00	2916.38	2920.13	2914.93	2914.98	4999	0	4
2025.03.12	04:00:00	2915.01	2916.14	2912.61	2914.90	3808	0	4
2025.03.12	05:00:00	2914.91	2916.51	2912.19	2916.04	6069	0	4
2025.03.12	06:00:00	2916.03	2921.13	2911.42	2911.91	9140	0	4
2025.03.12	07:00:00	2911.93	2915.68	2909.03	2914.57	9174	0	4
2025.03.12	08:00:00	2914.58	2922.22	2914.15	2922.22	11163	0	4
2025.03.12	09:00:00	2922.24	2925.39	2913.77	2914.80	11593	0	4
2025.03.12	10:00:00	2914.79	2917.08	2912.86	2914.39	7777	0	4
2025.03.12	11:00:00	2914.38	2916.78	2912.74	2915.34	7190	0	4
2025.03.12	12:00:00	2915.29	2923.21	2912.15	2917.43	16241	0	4
2025.03.12	13:00:00	2917.42	2918.83	2906.14	2915.61	22943	0	4
2025.03.12	14:00:00	2915.57	2922.55	2914.36	2921.94	18743	0	4
2025.03.12	15:00:00	2921.93	2929.29	2921.45	2928.42	19287	0	4
2025.03.12	16:00:00	2928.44	2939.17	2927.94	2936.61	19974	0	4
2025.03.12	17:00:00	2936.60	2940.55	2935.94	2936.20	12694	0	4
2025.03.12	18:00:00	2936.19	2937.43	2933.87	2935.20	8169	0	4
2025.03.12	19:00:00	2935.18	2935.68	2930.98	2931.30	9467	0	4
2025.03.12	20:00:00	2931.29	2934.29	2930.87	2933.30	2618	0	4
2025.03.12	22:00:00	2935.17	2939.04	2933.37	2938.22	2919	0	4
2025.03.12	23:00:00	2938.18	2939.44	2934.76	2938.20	2839	0	4
2025.03.13	00:00:00	2938.24	2939.44	2937.62	2938.71	2874	0	4
2025.03.13	01:00:00	2938.72	2941.67	2936.62	2937.95	8039	0	4
2025.03.13	02:00:00	2937.93	2946.10	2937.58	2944.41	8040	0	4
2025.03.13	03:00:00	2944.40	2947.19	2943.18	2945.73	4768	0	4
2025.03.13	04:00:00	2945.70	2946.28	2943.56	2944.73	3645	0	4
2025.03.13	05:00:00	2944.66	2945.10	2938.27	2940.12	7267	0	4
2025.03.13	06:00:00	2940.13	2940.34	2935.48	2937.05	7803	0	4
2025.03.13	07:00:00	2937.04	2938.26	2933.02	2935.37	6994	0	4
2025.03.13	08:00:00	2935.33	2945.01	2934.91	2941.55	9603	0	4
2025.03.13	09:00:00	2941.54	2948.88	2941.13	2947.82	7286	0	4
2025.03.13	10:00:00	2947.81	2948.68	2942.21	2944.21	7483	0	4
2025.03.13	11:00:00	2944.23	2948.60	2944.23	2946.38	8571	0	4
2025.03.13	12:00:00	2946.37	2949.25	2941.21	2942.55	18920	0	4
2025.03.13	13:00:00	2942.51	2952.44	2939.14	2950.48	21376	0	4
2025.03.13	14:00:00	2950.51	2971.21	2949.96	2969.97	23599	0	4
2025.03.13	15:00:00	2970.05	2978.39	2966.43	2977.88	26397	0	4
2025.03.13	16:00:00	2977.90	2985.28	2976.54	2980.17	19943	0	4
2025.03.13	17:00:00	2980.16	2982.29	2976.41	2979.40	14436	0	4
2025.03.13	18:00:00	2979.41	2984.40	2979.13	2983.34	10656	0	4
2025.03.13	19:00:00	2983.35	2985.49	2980.57	2982.94	10190	0	4
2025.03.13	20:00:00	2982.95	2989.25	2981.31	2989.25	3463	0	4
2025.03.13	22:00:00	2988.39	2990.00	2983.23	2987.24	3039	0	4
2025.03.13	23:00:00	2987.23	2989.40	2985.39	2986.40	3642	0	4
2025.03.14	00:00:00	2986.39	2988.76	2984.65	2986.70	5716	0	4
2025.03.14	01:00:00	2986.76	2990.23	2981.62	2987.93	14493	0	4
2025.03.14	02:00:00	2987.92	2988.43	2983.79	2984.09	9033	0	4
2025.03.14	03:00:00	2984.11	2992.89	2983.84	2992.73	7095	0	4
2025.03.14	04:00:00	2992.69	2993.95	2984.47	2985.51	6116	0	4
2025.03.14	05:00:00	2985.53	2986.76	2981.92	2986.50	8232	0	4
2025.03.14	06:00:00	2986.49	2987.80	2981.28	2985.86	9043	0	4
2025.03.14	07:00:00	2985.78	2987.12	2980.93	2986.98	7756	0	4
2025.03.14	08:00:00	2986.87	2993.32	2985.29	2993.03	8940	0	4
2025.03.14	09:00:00	2993.01	2999.57	2992.73	2998.76	7511	0	4
2025.03.14	10:00:00	2998.77	3005.01	2986.77	2993.39	13606	0	4
2025.03.14	11:00:00	2993.38	2999.26	2993.31	2993.55	11813	0	4
2025.03.14	12:00:00	2993.50	2999.71	2993.33	2993.92	12641	0	4
2025.03.14	13:00:00	2993.94	2996.22	2983.23	2986.04	22179	0	4
2025.03.14	14:00:00	2986.08	2993.36	2982.17	2985.43	25145	0	4
2025.03.14	15:00:00	2985.44	2986.56	2978.54	2984.58	17978	0	4
2025.03.14	16:00:00	2984.55	2990.05	2982.96	2989.81	11931	0	4
2025.03.14	17:00:00	2989.80	2990.50	2986.42	2986.61	10792	0	4
2025.03.14	18:00:00	2986.67	2987.07	2983.31	2983.55	9076	0	4
2025.03.14	19:00:00	2983.53	2986.15	2982.31	2984.08	8193	0	4
2025.03.14	20:00:00	2984.07	2989.01	2981.85	2986.26	2761	0	4
2025.03.16	22:00:00	2985.04	2990.70	2983.01	2989.17	3713	0	4
2025.03.16	23:00:00	2989.18	2994.31	2988.34	2989.96	3263	0	4
2025.03.17	00:00:00	2989.95	2991.18	2986.41	2990.92	4125	0	4
2025.03.17	01:00:00	2990.93	2993.23	2988.73	2990.86	8850	0	4
2025.03.17	02:00:00	2990.89	2992.09	2987.07	2988.14	5170	0	4
2025.03.17	03:00:00	2988.11	2988.73	2985.35	2986.96	4818	0	4
2025.03.17	04:00:00	2987.01	2987.85	2982.55	2982.67	3924	0	4
2025.03.17	05:00:00	2982.77	2986.28	2982.36	2986.16	4169	0	4
2025.03.17	06:00:00	2986.17	2990.78	2985.34	2989.96	6389	0	4
2025.03.17	07:00:00	2989.72	2989.98	2984.19	2985.64	6261	0	4
2025.03.17	08:00:00	2985.59	2988.53	2983.19	2988.53	5860	0	4
2025.03.17	09:00:00	2988.56	2996.93	2987.61	2995.80	6925	0	4
2025.03.17	10:00:00	2995.79	2999.58	2994.83	2999.01	6220	0	4
2025.03.17	11:00:00	2998.97	3001.21	2996.48	2997.56	6586	0	4
2025.03.17	12:00:00	2997.57	2997.89	2984.97	2987.23	17186	0	4
2025.03.17	13:00:00	2987.24	2991.49	2986.24	2988.43	18371	0	4
2025.03.17	14:00:00	2988.29	3000.54	2987.21	2998.70	19269	0	4
2025.03.17	15:00:00	2998.67	2999.37	2992.96	2997.21	11931	0	4
2025.03.17	16:00:00	2997.23	2997.82	2993.05	2994.54	10290	0	4
2025.03.17	17:00:00	2994.55	2999.51	2994.55	2997.94	8091	0	4
2025.03.17	18:00:00	2997.95	3000.37	2996.97	2999.39	8200	0	4
2025.03.17	19:00:00	2999.38	3000.91	2997.73	3000.36	5909	0	4
2025.03.17	20:00:00	3000.37	3001.90	3000.15	3001.36	3195	0	4
2025.03.17	22:00:00	3001.42	3001.95	3000.04	3000.29	1133	0	4
2025.03.17	23:00:00	3000.30	3002.85	2999.68	2999.86	1818	0	4
2025.03.18	00:00:00	2999.83	3003.60	2999.61	3001.64	4372	0	4
2025.03.18	01:00:00	3001.63	3008.58	2999.46	3005.77	11341	0	4
2025.03.18	02:00:00	3005.76	3012.19	3002.88	3010.81	7634	0	4
2025.03.18	03:00:00	3010.82	3015.22	3009.55	3011.56	6913	0	4
2025.03.18	04:00:00	3011.59	3017.15	3011.33	3014.45	5248	0	4
2025.03.18	05:00:00	3014.42	3014.81	3006.18	3011.96	8463	0	4
2025.03.18	06:00:00	3011.97	3017.79	3010.65	3015.82	9160	0	4
2025.03.18	07:00:00	3015.78	3019.00	3014.61	3016.60	8550	0	4
2025.03.18	08:00:00	3016.61	3027.26	3016.41	3026.46	11513	0	4
2025.03.18	09:00:00	3026.59	3028.49	3018.15	3020.26	10650	0	4
2025.03.18	10:00:00	3020.19	3025.83	3019.67	3024.08	9419	0	4
2025.03.18	11:00:00	3024.09	3029.62	3022.50	3026.91	9022	0	4
2025.03.18	12:00:00	3026.89	3035.86	3026.79	3034.28	15324	0	4
2025.03.18	13:00:00	3034.27	3038.29	3026.19	3033.33	23247	0	4
2025.03.18	14:00:00	3033.34	3033.34	3024.79	3028.03	22576	0	4
2025.03.18	15:00:00	3028.04	3032.60	3025.17	3031.73	17174	0	4
2025.03.18	16:00:00	3031.72	3037.01	3030.53	3036.07	12631	0	4
2025.03.18	17:00:00	3036.08	3036.33	3029.81	3032.67	12075	0	4
2025.03.18	18:00:00	3032.69	3036.40	3032.54	3035.89	7008	0	4
2025.03.18	19:00:00	3035.82	3038.08	3035.24	3035.46	6879	0	4
2025.03.18	20:00:00	3035.63	3036.10	3033.40	3034.00	2920	0	4
2025.03.18	22:00:00	3033.39	3034.57	3032.73	3034.50	4381	0	4
2025.03.18	23:00:00	3034.55	3035.07	3031.47	3031.79	3100	0	4
2025.03.19	00:00:00	3031.75	3034.11	3030.53	3031.47	3074	0	4
2025.03.19	01:00:00	3031.45	3032.70	3027.46	3029.57	6575	0	4
2025.03.19	02:00:00	3029.58	3033.93	3029.05	3033.38	7181	0	4
2025.03.19	03:00:00	3033.39	3039.01	3032.27	3036.35	5686	0	4
2025.03.19	04:00:00	3036.36	3037.60	3034.35	3036.50	3514	0	4
2025.03.19	05:00:00	3036.49	3045.37	3036.49	3044.61	6900	0	4
2025.03.19	06:00:00	3044.60	3044.84	3034.49	3042.26	11225	0	4
2025.03.19	07:00:00	3042.28	3042.95	3035.51	3036.00	9180	0	4
2025.03.19	08:00:00	3036.03	3037.10	3024.75	3025.23	10730	0	4
2025.03.19	09:00:00	3025.20	3031.61	3022.81	3030.53	8149	0	4
2025.03.19	10:00:00	3030.48	3037.74	3028.41	3034.70	7513	0	4
2025.03.19	11:00:00	3034.68	3039.98	3033.82	3038.96	6054	0	4
2025.03.19	12:00:00	3038.94	3041.11	3036.41	3037.17	8742	0	4
2025.03.19	13:00:00	3037.18	3038.31	3027.75	3033.29	17992	0	4
2025.03.19	14:00:00	3033.38	3033.39	3026.06	3027.62	14627	0	4
2025.03.19	15:00:00	3027.59	3033.16	3026.85	3031.56	8920	0	4
2025.03.19	16:00:00	3031.57	3038.36	3031.41	3033.07	7748	0	4
2025.03.19	17:00:00	3033.11	3034.24	3029.48	3030.36	9103	0	4
2025.03.19	18:00:00	3030.31	3048.63	3030.29	3046.85	18659	0	4
2025.03.19	19:00:00	3046.87	3051.94	3040.95	3047.96	12931	0	4
2025.03.19	20:00:00	3047.99	3048.29	3044.34	3047.35	3299	0	4
2025.03.19	22:00:00	3049.48	3050.69	3047.20	3050.23	2270	0	4
2025.03.19	23:00:00	3050.14	3051.19	3048.78	3050.08	1722	0	4
2025.03.20	00:00:00	3050.09	3055.61	3050.09	3053.30	5611	0	4
2025.03.20	01:00:00	3053.29	3056.21	3049.43	3049.70	10622	0	4
2025.03.20	02:00:00	3049.71	3052.23	3045.04	3045.72	8140	0	4
2025.03.20	03:00:00	3045.70	3050.48	3045.56	3050.01	6008	0	4
2025.03.20	04:00:00	3050.00	3057.44	3048.12	3052.40	5842	0	4
2025.03.20	05:00:00	3052.45	3053.42	3045.04	3046.97	9451	0	4
2025.03.20	06:00:00	3046.96	3051.55	3045.77	3049.09	8744	0	4
2025.03.20	07:00:00	3049.04	3049.04	3041.85	3042.32	8140	0	4
2025.03.20	08:00:00	3042.38	3044.07	3038.80	3042.01	8628	0	4
2025.03.20	09:00:00	3042.02	3046.38	3040.69	3041.53	7624	0	4
2025.03.20	10:00:00	3041.51	3041.51	3025.79	3034.30	14816	0	4
2025.03.20	11:00:00	3034.29	3035.26	3029.32	3034.49	10698	0	4
2025.03.20	12:00:00	3034.52	3042.31	3033.47	3040.96	13485	0	4
2025.03.20	13:00:00	3040.95	3041.11	3030.00	3032.90	17437	0	4
2025.03.20	14:00:00	3032.89	3040.79	3030.72	3040.19	13715	0	4
2025.03.20	15:00:00	3040.20	3041.88	3037.73	3040.75	10865	0	4
2025.03.20	16:00:00	3040.86	3043.23	3034.05	3038.27	10639	0	4
2025.03.20	17:00:00	3038.32	3041.97	3034.83	3041.76	6990	0	4
2025.03.20	18:00:00	3041.75	3045.36	3040.93	3043.29	7210	0	4
2025.03.20	19:00:00	3043.26	3046.02	3043.26	3044.73	6684	0	4
2025.03.20	20:00:00	3044.69	3045.88	3044.38	3044.70	2665	0	4
2025.03.20	22:00:00	3044.58	3046.09	3043.38	3045.84	1161	0	4
2025.03.20	23:00:00	3045.85	3046.74	3044.56	3046.56	1790	0	4
2025.03.21	00:00:00	3046.55	3047.58	3042.44	3042.88	4941	0	4
2025.03.21	01:00:00	3042.89	3044.64	3035.85	3035.87	9745	0	4
2025.03.21	02:00:00	3035.86	3037.07	3033.94	3034.80	6674	0	4
2025.03.21	03:00:00	3034.79	3034.88	3030.09	3030.58	6294	0	4
2025.03.21	04:00:00	3030.57	3032.13	3028.11	3029.85	4952	0	4
2025.03.21	05:00:00	3029.87	3030.37	3021.84	3028.19	7736	0	4
2025.03.21	06:00:00	3028.20	3034.04	3027.55	3029.94	8525	0	4
2025.03.21	07:00:00	3030.00	3033.52	3028.13	3032.11	6171	0	4
2025.03.21	08:00:00	3032.15	3034.91	3027.19	3032.88	8506	0	4
2025.03.21	09:00:00	3032.95	3033.08	3027.82	3029.68	7036	0	4
2025.03.21	10:00:00	3029.67	3033.52	3029.65	3030.91	5800	0	4
2025.03.21	11:00:00	3030.84	3037.72	3028.98	3034.32	7451	0	4
2025.03.21	12:00:00	3034.30	3038.22	3033.59	3034.10	10387	0	4
2025.03.21	13:00:00	3034.05	3036.89	3004.31	3006.69	22834	0	4
2025.03.21	14:00:00	3006.67	3016.79	2999.47	3015.67	24813	0	4
2025.03.21	15:00:00	3015.66	3017.94	3010.07	3011.12	14856	0	4
2025.03.21	16:00:00	3011.11	3016.91	3010.64	3015.20	12070	0	4
2025.03.21	17:00:00	3015.21	3018.26	3012.95	3013.76	9043	0	4
2025.03.21	18:00:00	3013.74	3021.61	3013.50	3017.60	6188	0	4
2025.03.21	19:00:00	3017.52	3022.03	3015.99	3019.94	6253	0	4
2025.03.21	20:00:00	3019.95	3024.39	3019.94	3023.30	2848	0	4
2025.03.23	22:00:00	3021.14	3026.14	3020.69	3025.60	3580	0	4
2025.03.23	23:00:00	3025.61	3026.45	3023.39	3024.80	2233	0	4
2025.03.24	00:00:00	3024.67	3025.56	3017.10	3018.61	6205	0	4
2025.03.24	01:00:00	3018.59	3025.64	3018.32	3020.89	11684	0	4
2025.03.24	02:00:00	3020.91	3024.55	3013.76	3016.28	8697	0	4
2025.03.24	03:00:00	3016.34	3019.73	3015.75	3016.97	6425	0	4
2025.03.24	04:00:00	3016.93	3020.21	3016.54	3019.52	4231	0	4
2025.03.24	05:00:00	3019.50	3023.16	3019.06	3022.08	6435	0	4
2025.03.24	06:00:00	3022.04	3025.71	3017.37	3025.04	7040	0	4
2025.03.24	07:00:00	3025.03	3028.89	3021.09	3022.48	8426	0	4
2025.03.24	08:00:00	3022.49	3028.98	3021.94	3028.87	11812	0	4
2025.03.24	09:00:00	3028.89	3030.98	3022.69	3023.73	11155	0	4
2025.03.24	10:00:00	3023.72	3033.33	3023.62	3028.20	10713	0	4
2025.03.24	11:00:00	3028.21	3029.26	3024.46	3024.66	7841	0	4
2025.03.24	12:00:00	3024.63	3028.69	3022.46	3024.28	11324	0	4
2025.03.24	13:00:00	3024.29	3028.29	3019.22	3022.66	17845	0	4
2025.03.24	14:00:00	3022.64	3024.09	3008.01	3012.17	18636	0	4
2025.03.24	15:00:00	3012.16	3015.31	3005.90	3014.16	15235	0	4
2025.03.24	16:00:00	3014.17	3015.66	3008.05	3009.82	11458	0	4
2025.03.24	17:00:00	3009.81	3010.00	3005.92	3007.16	12336	0	4
2025.03.24	18:00:00	3007.15	3008.16	3002.51	3006.80	11257	0	4
2025.03.24	19:00:00	3006.82	3008.24	3005.04	3006.14	5917	0	4
2025.03.24	20:00:00	3006.12	3014.68	3005.65	3011.90	2516	0	4
2025.03.24	22:00:00	3011.05	3012.40	3009.02	3011.52	2307	0	4
2025.03.24	23:00:00	3011.57	3012.43	3009.48	3009.92	2856	0	4
2025.03.25	00:00:00	3010.08	3014.94	3009.13	3014.16	3356	0	4
2025.03.25	01:00:00	3014.18	3014.55	3010.61	3011.87	7459	0	4
2025.03.25	02:00:00	3011.90	3012.43	3007.39	3009.15	6672	0	4
2025.03.25	03:00:00	3009.14	3016.24	3008.66	3015.33	5810	0	4
2025.03.25	04:00:00	3015.34	3016.44	3014.74	3015.25	3637	0	4
2025.03.25	05:00:00	3015.26	3021.06	3014.40	3018.43	6065	0	4
2025.03.25	06:00:00	3018.44	3018.75	3014.85	3017.85	5646	0	4
2025.03.25	07:00:00	3017.86	3018.21	3010.67	3011.30	5711	0	4
2025.03.25	08:00:00	3011.35	3021.87	3010.74	3021.36	9533	0	4
2025.03.25	09:00:00	3021.33	3023.57	3018.98	3023.34	6772	0	4
2025.03.25	10:00:00	3023.33	3024.88	3020.68	3023.65	7921	0	4
2025.03.25	11:00:00	3023.64	3026.54	3020.48	3020.80	7890	0	4
2025.03.25	12:00:00	3020.81	3023.30	3014.22	3021.79	12876	0	4
2025.03.25	13:00:00	3021.77	3030.75	3021.03	3028.97	16839	0	4
2025.03.25	14:00:00	3028.93	3036.04	3024.98	3024.99	17050	0	4
2025.03.25	15:00:00	3025.04	3028.10	3018.07	3021.61	11876	0	4
2025.03.25	16:00:00	3021.65	3025.57	3021.47	3023.22	6682	0	4
2025.03.25	17:00:00	3023.23	3023.41	3019.90	3022.69	6393	0	4
2025.03.25	18:00:00	3022.68	3022.99	3017.93	3018.60	4566	0	4
2025.03.25	19:00:00	3018.54	3020.73	3017.93	3019.68	4126	0	4
2025.03.25	20:00:00	3019.72	3020.81	3018.87	3020.43	1834	0	4
2025.03.25	22:00:00	3020.78	3022.42	3019.41	3021.38	1462	0	4
2025.03.25	23:00:00	3021.37	3022.08	3020.58	3021.03	1424	0	4
2025.03.26	00:00:00	3021.04	3022.25	3017.88	3018.24	3223	0	4
2025.03.26	01:00:00	3018.23	3025.51	3016.45	3024.88	8689	0	4
2025.03.26	02:00:00	3024.87	3027.15	3022.76	3024.33	7063	0	4
2025.03.26	03:00:00	3024.32	3024.32	3016.53	3017.65	6338	0	4
2025.03.26	04:00:00	3017.66	3017.70	3014.38	3015.23	3552	0	4
2025.03.26	05:00:00	3015.26	3024.16	3013.46	3022.74	6704	0	4
2025.03.26	06:00:00	3022.76	3026.45	3022.13	3026.31	8066	0	4
2025.03.26	07:00:00	3026.18	3030.86	3025.14	3030.49	6505	0	4
2025.03.26	08:00:00	3030.48	3032.06	3023.67	3024.05	7737	0	4
2025.03.26	09:00:00	3024.06	3024.16	3017.59	3018.76	8331	0	4
2025.03.26	10:00:00	3018.63	3025.00	3017.05	3023.32	9101	0	4
2025.03.26	11:00:00	3023.30	3030.41	3023.30	3027.60	8546	0	4
2025.03.26	12:00:00	3027.59	3030.13	3025.28	3027.01	12201	0	4
2025.03.26	13:00:00	3027.08	3027.40	3016.02	3016.75	14897	0	4
2025.03.26	14:00:00	3016.67	3021.80	3014.97	3017.46	14233	0	4
2025.03.26	15:00:00	3017.47	3018.90	3012.34	3015.93	11763	0	4
2025.03.26	16:00:00	3015.98	3020.13	3015.26	3015.70	9047	0	4
2025.03.26	17:00:00	3015.71	3019.03	3015.38	3018.81	7871	0	4
2025.03.26	18:00:00	3018.93	3020.84	3018.22	3018.33	6767	0	4
2025.03.26	19:00:00	3018.34	3019.05	3015.86	3017.31	6340	0	4
2025.03.26	20:00:00	3017.37	3021.82	3017.29	3019.19	2807	0	4
2025.03.26	22:00:00	3019.63	3021.08	3018.05	3019.48	2587	0	4
2025.03.26	23:00:00	3019.54	3021.80	3017.64	3021.74	3215	0	4
2025.03.27	00:00:00	3021.70	3025.86	3021.66	3025.42	4282	0	4
2025.03.27	01:00:00	3025.52	3028.36	3023.04	3023.65	8464	0	4
2025.03.27	02:00:00	3023.67	3032.85	3023.34	3031.74	8137	0	4
2025.03.27	03:00:00	3031.73	3034.31	3029.64	3033.63	5185	0	4
2025.03.27	04:00:00	3033.59	3038.63	3031.78	3034.18	6429	0	4
2025.03.27	05:00:00	3034.10	3035.97	3029.52	3029.84	7326	0	4
2025.03.27	06:00:00	3029.83	3033.44	3026.78	3030.22	8643	0	4
2025.03.27	07:00:00	3030.17	3036.71	3029.34	3035.91	9372	0	4
2025.03.27	08:00:00	3035.95	3037.99	3033.88	3036.18	11713	0	4
2025.03.27	09:00:00	3036.20	3041.12	3034.65	3040.03	7198	0	4
2025.03.27	10:00:00	3040.10	3055.83	3039.93	3051.42	14580	0	4
2025.03.27	11:00:00	3051.43	3055.67	3048.89	3054.70	10427	0	4
2025.03.27	12:00:00	3054.74	3055.97	3047.15	3050.10	14281	0	4
2025.03.27	13:00:00	3050.09	3052.27	3033.56	3040.73	23796	0	4
2025.03.27	14:00:00	3040.79	3059.64	3040.79	3057.66	23529	0	4
2025.03.27	15:00:00	3057.67	3059.26	3051.50	3052.23	22082	0	4
2025.03.27	16:00:00	3052.24	3054.42	3047.94	3048.45	17764	0	4
2025.03.27	17:00:00	3048.42	3053.28	3047.91	3052.93	12935	0	4
2025.03.27	18:00:00	3052.94	3057.63	3052.79	3055.90	9097	0	4
2025.03.27	19:00:00	3055.89	3057.87	3054.96	3057.49	9822	0	4
2025.03.27	20:00:00	3057.50	3057.63	3055.14	3056.77	2208	0	4
2025.03.27	22:00:00	3057.08	3057.79	3054.57	3055.12	1962	0	4
2025.03.27	23:00:00	3055.14	3056.11	3054.15	3055.77	1936	0	4
2025.03.28	00:00:00	3055.74	3063.49	3055.05	3061.94	6215	0	4
2025.03.28	01:00:00	3061.92	3074.15	3061.82	3074.00	10931	0	4
2025.03.28	02:00:00	3074.02	3077.67	3070.12	3072.05	10190	0	4
2025.03.28	03:00:00	3071.97	3076.59	3069.81	3075.24	7639	0	4
2025.03.28	04:00:00	3075.22	3075.33	3072.60	3073.98	4185	0	4
2025.03.28	05:00:00	3074.00	3082.14	3072.66	3077.94	6710	0	4
2025.03.28	06:00:00	3077.95	3084.92	3076.77	3084.76	10188	0	4
2025.03.28	07:00:00	3084.69	3086.02	3077.81	3079.35	9242	0	4
2025.03.28	08:00:00	3079.34	3081.25	3066.18	3073.00	12203	0	4
2025.03.28	09:00:00	3073.12	3076.21	3069.69	3072.92	8585	0	4
2025.03.28	10:00:00	3072.93	3074.69	3067.40	3074.40	8103	0	4
2025.03.28	11:00:00	3074.41	3079.95	3074.22	3076.36	8872	0	4
2025.03.28	12:00:00	3076.37	3081.96	3072.56	3077.50	13702	0	4
2025.03.28	13:00:00	3077.39	3084.17	3070.82	3083.60	23243	0	4
2025.03.28	14:00:00	3083.51	3086.87	3068.14	3070.34	28500	0	4
2025.03.28	15:00:00	3070.31	3085.73	3067.49	3083.80	18857	0	4
2025.03.28	16:00:00	3083.77	3086.73	3080.49	3083.90	12357	0	4
2025.03.28	17:00:00	3083.88	3085.95	3076.10	3077.51	12483	0	4
2025.03.28	18:00:00	3077.47	3080.53	3073.63	3079.88	9053	0	4
2025.03.28	19:00:00	3079.87	3081.89	3079.51	3080.77	8374	0	4
2025.03.28	20:00:00	3080.73	3085.90	3080.73	3084.69	3519	0	4
2025.03.30	23:00:00	3092.51	3097.60	3088.67	3090.04	3450	0	4
2025.03.31	00:00:00	3090.02	3090.99	3087.93	3089.15	3053	0	4
2025.03.31	01:00:00	3089.17	3089.74	3077.46	3079.07	4941	0	4
2025.03.31	02:00:00	3079.06	3095.59	3076.77	3094.83	9442	0	4
2025.03.31	03:00:00	3094.83	3107.25	3094.00	3106.78	9375	0	4
2025.03.31	04:00:00	3106.79	3111.83	3105.20	3107.16	6834	0	4
2025.03.31	05:00:00	3107.17	3115.91	3105.99	3113.39	4217	0	4
2025.03.31	06:00:00	3113.38	3120.00	3107.66	3116.79	6862	0	4
2025.03.31	07:00:00	3116.59	3128.11	3113.49	3119.52	9373	0	4
2025.03.31	08:00:00	3119.38	3125.46	3118.69	3124.56	8171	0	4
2025.03.31	09:00:00	3124.53	3127.21	3121.05	3122.30	7748	0	4
2025.03.31	10:00:00	3122.33	3123.47	3111.95	3115.08	7017	0	4
2025.03.31	11:00:00	3115.09	3123.79	3111.94	3118.46	6596	0	4
2025.03.31	12:00:00	3118.50	3119.76	3113.38	3119.56	5713	0	4
2025.03.31	13:00:00	3119.56	3126.61	3118.19	3124.68	9571	0	4
2025.03.31	14:00:00	3124.61	3124.75	3099.93	3113.63	13641	0	4
2025.03.31	15:00:00	3113.51	3123.61	3110.98	3123.22	12911	0	4
2025.03.31	16:00:00	3123.21	3127.25	3112.96	3113.82	10096	0	4
2025.03.31	17:00:00	3113.81	3120.64	3111.62	3117.68	7690	0	4
2025.03.31	18:00:00	3117.64	3120.37	3115.97	3117.94	6100	0	4
2025.03.31	19:00:00	3117.89	3123.44	3117.44	3121.49	4813	0	4
2025.03.31	20:00:00	3121.48	3124.11	3120.92	3123.88	4828	0	4
2025.03.31	23:00:00	3124.80	3125.45	3121.75	3122.89	1126	0	4
2025.04.01	00:00:00	3122.90	3126.56	3120.08	3120.49	2510	0	4
2025.04.01	01:00:00	3120.48	3127.97	3120.27	3127.27	4166	0	4
2025.04.01	02:00:00	3127.26	3138.30	3126.62	3135.37	9313	0	4
2025.04.01	03:00:00	3135.44	3145.58	3133.08	3145.27	8235	0	4
2025.04.01	04:00:00	3145.25	3147.48	3142.50	3146.12	5739	0	4
2025.04.01	05:00:00	3146.13	3147.98	3142.82	3144.72	4389	0	4
2025.04.01	06:00:00	3144.73	3149.01	3130.86	3132.18	7789	0	4
2025.04.01	07:00:00	3132.15	3138.15	3126.72	3133.77	10554	0	4
2025.04.01	08:00:00	3133.82	3137.68	3124.19	3127.66	9208	0	4
2025.04.01	09:00:00	3127.60	3135.72	3126.49	3131.00	6745	0	4
2025.04.01	10:00:00	3131.00	3134.19	3130.18	3132.31	5203	0	4
2025.04.01	11:00:00	3132.38	3139.07	3130.82	3132.39	7220	0	4
2025.04.01	12:00:00	3132.38	3135.93	3128.81	3130.42	6720	0	4
2025.04.01	13:00:00	3130.47	3134.54	3127.79	3133.42	8048	0	4
2025.04.01	14:00:00	3133.37	3137.20	3128.28	3134.05	10865	0	4
2025.04.01	15:00:00	3133.93	3135.27	3123.90	3128.71	12364	0	4
2025.04.01	16:00:00	3128.72	3133.08	3113.49	3113.82	11481	0	4
2025.04.01	17:00:00	3113.80	3116.87	3100.95	3106.66	10889	0	4
2025.04.01	18:00:00	3106.67	3114.61	3105.78	3113.70	6454	0	4
2025.04.01	19:00:00	3113.71	3118.70	3113.37	3114.18	5017	0	4
2025.04.01	20:00:00	3114.12	3118.42	3113.75	3118.04	4688	0	4
2025.04.01	23:00:00	3114.10	3114.90	3107.79	3111.39	2820	0	4
2025.04.02	00:00:00	3111.47	3116.38	3111.21	3115.35	2938	0	4
2025.04.02	01:00:00	3115.34	3123.79	3113.13	3123.02	6974	0	4
2025.04.02	02:00:00	3123.01	3135.42	3121.43	3133.05	12970	0	4
2025.04.02	03:00:00	3133.07	3135.69	3128.58	3128.70	7454	0	4
2025.04.02	04:00:00	3128.61	3132.15	3124.65	3125.63	5035	0	4
2025.04.02	05:00:00	3125.65	3126.79	3115.69	3116.29	5601	0	4
2025.04.02	06:00:00	3116.38	3119.22	3108.59	3118.10	9396	0	4
2025.04.02	07:00:00	3118.12	3119.68	3114.01	3116.59	8046	0	4
2025.04.02	08:00:00	3116.64	3126.08	3112.17	3125.27	7985	0	4
2025.04.02	09:00:00	3125.25	3133.85	3123.51	3131.31	9794	0	4
2025.04.02	10:00:00	3131.30	3131.59	3127.06	3131.14	8421	0	4
2025.04.02	11:00:00	3131.13	3131.43	3110.22	3114.69	10660	0	4
2025.04.02	12:00:00	3114.67	3123.87	3114.50	3121.34	9597	0	4
2025.04.02	13:00:00	3121.36	3127.44	3117.12	3122.45	11697	0	4
2025.04.02	14:00:00	3122.43	3132.16	3116.71	3122.48	23293	0	4
2025.04.02	15:00:00	3122.52	3129.38	3119.46	3124.93	16506	0	4
2025.04.02	16:00:00	3124.92	3128.17	3120.91	3125.87	11494	0	4
2025.04.02	17:00:00	3125.90	3134.36	3125.90	3131.54	14237	0	4
2025.04.02	18:00:00	3131.52	3131.52	3120.90	3123.69	13801	0	4
2025.04.02	19:00:00	3123.65	3126.30	3118.79	3121.92	11612	0	4
2025.04.02	20:00:00	3121.95	3127.28	3121.58	3125.54	5552	0	4
2025.04.02	23:00:00	3129.78	3147.57	3123.86	3145.93	14936	0	4
2025.04.03	00:00:00	3146.01	3167.86	3146.01	3162.68	14771	0	4
2025.04.03	01:00:00	3162.69	3165.03	3140.72	3151.36	20866	0	4
2025.04.03	02:00:00	3151.53	3163.09	3148.00	3153.52	22664	0	4
2025.04.03	03:00:00	3153.49	3155.42	3142.40	3145.23	13732	0	4
2025.04.03	04:00:00	3145.24	3152.25	3144.90	3148.07	12048	0	4
2025.04.03	05:00:00	3148.08	3149.71	3139.06	3140.40	8223	0	4
2025.04.03	06:00:00	3140.42	3141.04	3124.30	3131.79	16052	0	4
2025.04.03	07:00:00	3131.80	3134.03	3116.57	3127.77	19811	0	4
2025.04.03	08:00:00	3127.86	3130.32	3120.01	3129.20	15734	0	4
2025.04.03	09:00:00	3129.18	3132.12	3126.12	3129.13	12225	0	4
2025.04.03	10:00:00	3129.15	3129.59	3121.63	3121.65	14796	0	4
2025.04.03	11:00:00	3121.68	3123.10	3089.32	3095.49	24396	0	4
2025.04.03	12:00:00	3095.51	3100.07	3085.28	3093.10	20283	0	4
2025.04.03	13:00:00	3093.06	3094.74	3062.35	3076.50	26247	0	4
2025.04.03	14:00:00	3076.45	3093.48	3054.14	3086.10	31123	0	4
2025.04.03	15:00:00	3085.91	3135.61	3085.91	3128.98	32158	0	4
2025.04.03	16:00:00	3128.97	3129.54	3104.04	3110.68	25582	0	4
2025.04.03	17:00:00	3110.63	3114.27	3101.81	3107.53	17460	0	4
2025.04.03	18:00:00	3107.56	3109.88	3100.12	3109.58	15498	0	4
2025.04.03	19:00:00	3109.68	3111.72	3102.16	3111.66	10655	0	4
2025.04.03	20:00:00	3111.64	3113.40	3101.63	3107.00	9588	0	4
2025.04.03	23:00:00	3114.50	3116.74	3112.41	3115.37	2499	0	4
2025.04.04	00:00:00	3115.38	3116.43	3109.84	3113.06	4275	0	4
2025.04.04	01:00:00	3113.07	3115.21	3106.07	3110.66	8700	0	4
2025.04.04	02:00:00	3110.64	3115.80	3109.20	3109.88	8748	0	4
2025.04.04	03:00:00	3109.90	3113.01	3091.23	3096.82	12243	0	4
2025.04.04	04:00:00	3096.79	3099.07	3087.17	3098.49	11215	0	4
2025.04.04	05:00:00	3098.46	3105.07	3096.06	3100.13	8506	0	4
2025.04.04	06:00:00	3099.98	3108.94	3098.91	3108.94	8530	0	4
2025.04.04	07:00:00	3108.95	3110.00	3100.56	3101.15	9482	0	4
2025.04.04	08:00:00	3101.13	3103.47	3092.09	3092.90	15984	0	4
2025.04.04	09:00:00	3092.91	3094.28	3078.57	3084.26	16195	0	4
2025.04.04	10:00:00	3084.24	3096.06	3083.94	3090.83	13615	0	4
2025.04.04	11:00:00	3090.85	3116.16	3090.70	3110.37	25183	0	4
2025.04.04	12:00:00	3110.33	3136.76	3095.69	3110.31	30869	0	4
2025.04.04	13:00:00	3110.32	3111.75	3069.85	3071.27	30554	0	4
2025.04.04	14:00:00	3071.28	3087.45	3059.82	3061.82	27254	0	4
2025.04.04	15:00:00	3061.84	3061.84	3027.16	3038.47	30106	0	4
2025.04.04	16:00:00	3038.45	3050.41	3017.17	3021.89	27179	0	4
2025.04.04	17:00:00	3021.87	3036.77	3017.79	3031.04	20641	0	4
2025.04.04	18:00:00	3031.03	3032.97	3015.75	3025.96	20530	0	4
2025.04.04	19:00:00	3025.89	3027.96	3018.02	3025.68	14069	0	4
2025.04.04	20:00:00	3025.75	3040.86	3022.18	3036.65	14425	0	4
2025.04.06	23:00:00	3028.90	3028.90	3000.19	3009.71	6325	0	4
2025.04.07	00:00:00	3009.68	3017.18	2977.10	3000.02	11076	0	4
2025.04.07	01:00:00	2999.98	3009.68	2971.17	2979.06	16022	0	4
2025.04.07	02:00:00	2979.05	3055.11	2972.13	3038.35	31226	0	4
2025.04.07	03:00:00	3038.33	3055.67	3024.57	3026.30	18393	0	4
2025.04.07	04:00:00	3026.13	3034.10	3017.23	3019.07	12110	0	4
2025.04.07	05:00:00	3019.04	3035.61	3019.00	3035.54	7756	0	4
2025.04.07	06:00:00	3035.53	3044.65	3024.95	3032.11	12749	0	4
2025.04.07	07:00:00	3032.01	3033.57	3016.70	3029.47	20804	0	4
2025.04.07	08:00:00	3029.48	3030.81	3013.48	3018.63	25431	0	4
2025.04.07	09:00:00	3018.72	3035.55	3018.03	3031.26	21501	0	4
2025.04.07	10:00:00	3031.35	3033.56	3019.54	3025.15	18573	0	4
2025.04.07	11:00:00	3025.16	3036.52	3024.07	3031.41	19535	0	4
2025.04.07	12:00:00	3031.42	3046.18	3030.24	3031.15	20145	0	4
2025.04.07	13:00:00	3031.16	3032.81	3014.89	3031.35	27477	0	4
2025.04.07	14:00:00	3031.29	3034.03	3002.29	3015.48	30822	0	4
2025.04.07	15:00:00	3015.52	3038.02	2996.52	2999.15	41001	0	4
2025.04.07	16:00:00	2999.19	3004.63	2980.03	2987.63	31004	0	4
2025.04.07	17:00:00	2987.62	2987.87	2970.03	2970.62	21989	0	4
2025.04.07	18:00:00	2970.59	2975.32	2956.67	2970.23	22567	0	4
2025.04.07	19:00:00	2970.21	2976.71	2963.99	2965.85	12721	0	4
2025.04.07	20:00:00	2965.83	2982.07	2965.39	2978.04	12944	0	4
2025.04.07	23:00:00	2982.13	2988.70	2980.81	2986.69	3613	0	4
2025.04.08	00:00:00	2986.68	2987.49	2978.68	2981.32	4900	0	4
2025.04.08	01:00:00	2981.33	2992.81	2980.44	2985.37	10615	0	4
2025.04.08	02:00:00	2985.39	3003.19	2983.73	2999.94	17347	0	4
2025.04.08	03:00:00	2999.96	3004.93	2998.16	3000.93	9816	0	4
2025.04.08	04:00:00	3000.94	3001.12	2993.33	2994.86	7543	0	4
2025.04.08	05:00:00	2994.82	3003.05	2990.94	3002.26	6432	0	4
2025.04.08	06:00:00	3002.24	3008.35	2999.54	3005.73	9863	0	4
2025.04.08	07:00:00	3005.70	3015.83	3002.53	3013.33	14769	0	4
2025.04.08	08:00:00	3013.40	3013.90	3001.86	3003.80	17421	0	4
2025.04.08	09:00:00	3003.76	3009.55	3001.38	3007.57	11199	0	4
2025.04.08	10:00:00	3007.56	3007.94	2994.96	3007.10	11412	0	4
2025.04.08	11:00:00	3007.14	3010.39	3004.13	3009.00	9296	0	4
2025.04.08	12:00:00	3008.99	3019.51	3008.70	3017.47	12814	0	4
2025.04.08	13:00:00	3017.52	3019.52	3002.47	3002.70	19607	0	4
2025.04.08	14:00:00	3002.67	3022.67	3002.64	3010.35	29401	0	4
2025.04.08	15:00:00	3010.29	3018.28	3005.86	3006.24	26912	0	4
2025.04.08	16:00:00	3006.23	3012.45	3001.33	3001.49	19246	0	4
2025.04.08	17:00:00	3001.57	3001.61	2984.43	2986.04	21208	0	4
2025.04.08	18:00:00	2986.02	2987.48	2974.79	2985.27	23125	0	4
2025.04.08	19:00:00	2985.28	2992.31	2979.41	2983.68	15210	0	4
2025.04.08	20:00:00	2983.64	2987.58	2976.70	2985.64	14589	0	4
2025.04.08	23:00:00	2982.83	2985.34	2980.14	2981.85	3669	0	4
2025.04.09	00:00:00	2982.05	2991.02	2970.05	2978.32	9221	0	4
2025.04.09	01:00:00	2978.29	2987.29	2974.82	2980.32	17647	0	4
2025.04.09	02:00:00	2980.30	3009.80	2972.40	3008.68	25145	0	4
2025.04.09	03:00:00	3008.75	3011.15	2999.98	3003.03	14936	0	4
2025.04.09	04:00:00	3003.04	3009.73	3002.71	3004.52	11502	0	4
2025.04.09	05:00:00	3004.50	3014.16	2999.84	3012.35	13741	0	4
2025.04.09	06:00:00	3012.33	3020.50	3005.57	3015.36	17326	0	4
2025.04.09	07:00:00	3015.38	3040.97	3014.78	3038.94	22791	0	4
2025.04.09	08:00:00	3038.97	3052.42	3034.38	3041.10	23657	0	4
2025.04.09	09:00:00	3041.09	3051.14	3038.13	3044.11	16546	0	4
2025.04.09	10:00:00	3044.09	3049.90	3038.79	3045.02	12324	0	4
2025.04.09	11:00:00	3045.03	3047.18	3038.36	3042.85	15178	0	4
2025.04.09	12:00:00	3042.90	3068.07	3036.06	3066.58	29957	0	4
2025.04.09	13:00:00	3066.59	3073.04	3042.77	3047.43	28798	0	4
2025.04.09	14:00:00	3047.44	3078.10	3047.44	3075.29	33682	0	4
2025.04.09	15:00:00	3075.28	3084.66	3068.51	3070.62	26696	0	4
2025.04.09	16:00:00	3070.63	3087.81	3065.35	3086.38	19518	0	4
2025.04.09	17:00:00	3086.39	3094.86	3082.70	3092.40	13894	0	4
2025.04.09	18:00:00	3092.41	3098.90	3051.34	3059.92	26608	0	4
2025.04.09	19:00:00	3059.86	3073.52	3048.61	3067.26	16328	0	4
2025.04.09	20:00:00	3067.28	3099.66	3064.30	3093.99	14704	0	4
2025.04.09	21:00:00	3093.90	3095.64	3078.44	3083.46	5289	0	4
2025.04.09	23:00:00	3080.34	3090.04	3071.57	3080.19	4826	0	4
2025.04.10	00:00:00	3080.37	3089.06	3079.66	3086.84	5992	0	4
2025.04.10	01:00:00	3086.80	3101.34	3081.40	3097.12	11457	0	4
2025.04.10	02:00:00	3097.24	3100.67	3078.57	3094.14	15137	0	4
2025.04.10	03:00:00	3094.15	3120.46	3093.96	3119.69	12940	0	4
2025.04.10	04:00:00	3119.64	3131.96	3115.23	3125.52	9817	0	4
2025.04.10	05:00:00	3125.58	3129.45	3121.22	3125.46	6129	0	4
2025.04.10	06:00:00	3125.47	3132.50	3112.87	3122.53	8724	0	4
2025.04.10	07:00:00	3122.46	3126.54	3119.05	3122.21	9801	0	4
2025.04.10	08:00:00	3122.20	3123.54	3106.61	3108.84	13403	0	4
2025.04.10	09:00:00	3108.83	3115.67	3104.75	3105.07	10874	0	4
2025.04.10	10:00:00	3105.06	3118.05	3103.47	3116.65	9784	0	4
2025.04.10	11:00:00	3116.67	3122.59	3114.41	3119.80	10440	0	4
2025.04.10	12:00:00	3119.81	3125.73	3113.31	3124.65	11445	0	4
2025.04.10	13:00:00	3124.68	3133.82	3116.42	3123.15	16528	0	4
2025.04.10	14:00:00	3123.14	3136.64	3116.23	3117.08	18993	0	4
2025.04.10	15:00:00	3117.05	3154.76	3116.93	3154.63	19298	0	4
2025.04.10	16:00:00	3154.65	3174.98	3154.51	3158.15	17565	0	4
2025.04.10	17:00:00	3158.22	3167.27	3154.20	3158.55	16811	0	4
2025.04.10	18:00:00	3158.47	3165.61	3151.67	3162.85	13027	0	4
2025.04.10	19:00:00	3162.80	3175.64	3158.11	3173.38	12373	0	4
2025.04.10	20:00:00	3173.37	3176.41	3167.98	3170.90	10271	0	4
2025.04.10	21:00:00	3170.89	3176.44	3168.57	3175.85	3530	0	4
2025.04.10	23:00:00	3179.57	3190.07	3177.06	3189.11	4759	0	4
2025.04.11	00:00:00	3189.15	3191.51	3183.19	3189.08	5580	0	4
2025.04.11	01:00:00	3189.09	3218.03	3185.13	3205.70	15301	0	4
2025.04.11	02:00:00	3205.68	3219.51	3201.17	3207.33	17848	0	4
2025.04.11	03:00:00	3207.32	3219.77	3206.11	3217.53	11909	0	4
2025.04.11	04:00:00	3217.47	3219.97	3214.16	3217.78	9664	0	4
2025.04.11	05:00:00	3217.80	3218.18	3208.51	3208.54	7316	0	4
2025.04.11	06:00:00	3208.60	3219.30	3187.20	3196.13	14291	0	4
2025.04.11	07:00:00	3196.09	3209.72	3190.35	3196.76	15921	0	4
2025.04.11	08:00:00	3196.71	3213.06	3193.97	3212.34	13946	0	4
2025.04.11	09:00:00	3212.36	3227.43	3208.49	3215.85	14524	0	4
2025.04.11	10:00:00	3215.88	3230.07	3211.75	3227.75	11425	0	4
2025.04.11	11:00:00	3227.77	3237.90	3210.24	3212.74	11991	0	4
2025.04.11	12:00:00	3212.70	3224.84	3211.48	3213.72	10819	0	4
2025.04.11	13:00:00	3213.76	3234.12	3211.19	3233.67	15082	0	4
2025.04.11	14:00:00	3233.66	3244.34	3219.71	3224.11	20621	0	4
2025.04.11	15:00:00	3223.99	3237.85	3222.97	3230.24	19051	0	4
2025.04.11	16:00:00	3230.22	3242.02	3229.48	3240.52	12931	0	4
2025.04.11	17:00:00	3240.55	3245.43	3219.81	3223.23	12902	0	4
2025.04.11	18:00:00	3223.24	3235.61	3223.24	3233.99	11153	0	4
2025.04.11	19:00:00	3233.95	3238.37	3231.28	3235.98	9427	0	4
2025.04.11	20:00:00	3235.93	3235.93	3227.54	3230.96	9380	0	4
2025.04.11	21:00:00	3230.99	3238.91	3230.92	3237.38	4106	0	4
2025.04.13	23:00:00	3218.28	3224.55	3217.28	3223.94	7018	0	4
2025.04.14	00:00:00	3223.89	3227.32	3219.26	3220.93	11232	0	4
2025.04.14	01:00:00	3220.90	3243.59	3215.43	3239.95	21192	0	4
2025.04.14	02:00:00	3239.94	3245.72	3229.72	3232.07	15144	0	4
2025.04.14	03:00:00	3232.06	3234.78	3227.03	3232.52	9723	0	4
2025.04.14	04:00:00	3232.53	3235.74	3226.12	3227.45	7718	0	4
2025.04.14	05:00:00	3227.42	3236.10	3221.43	3234.50	12113	0	4
2025.04.14	06:00:00	3234.47	3238.21	3229.09	3231.06	14133	0	4
2025.04.14	07:00:00	3231.07	3233.76	3224.85	3228.02	11179	0	4
2025.04.14	08:00:00	3228.03	3230.02	3216.58	3227.03	14055	0	4
2025.04.14	09:00:00	3227.02	3231.79	3220.86	3224.01	11108	0	4
2025.04.14	10:00:00	3224.00	3224.68	3206.39	3215.41	15266	0	4
2025.04.14	11:00:00	3215.36	3225.85	3214.05	3223.48	12622	0	4
2025.04.14	12:00:00	3223.43	3227.79	3200.77	3206.63	22061	0	4
2025.04.14	13:00:00	3206.69	3210.80	3193.70	3204.77	31496	0	4
2025.04.14	14:00:00	3204.73	3215.73	3195.38	3211.23	20460	0	4
2025.04.14	15:00:00	3211.13	3211.29	3196.43	3198.13	19456	0	4
2025.04.14	16:00:00	3198.24	3208.25	3197.84	3207.65	14185	0	4
2025.04.14	17:00:00	3207.68	3216.55	3207.30	3214.09	12579	0	4
2025.04.14	18:00:00	3214.08	3214.92	3201.41	3208.15	10167	0	4
2025.04.14	19:00:00	3208.17	3213.12	3207.84	3212.72	8578	0	4
2025.04.14	20:00:00	3212.75	3213.83	3207.44	3210.42	3520	0	4
2025.04.14	23:00:00	3211.56	3214.17	3210.52	3212.66	2785	0	4
2025.04.15	00:00:00	3212.66	3215.35	3210.83	3212.03	6481	0	4
2025.04.15	01:00:00	3212.04	3225.99	3210.13	3223.73	14624	0	4
2025.04.15	02:00:00	3223.69	3225.08	3218.77	3224.43	8688	0	4
2025.04.15	03:00:00	3224.37	3229.01	3223.34	3228.40	8306	0	4
2025.04.15	04:00:00	3228.41	3232.64	3226.90	3231.94	6197	0	4
2025.04.15	05:00:00	3231.92	3232.19	3220.95	3224.68	10629	0	4
2025.04.15	06:00:00	3224.69	3228.82	3223.24	3225.21	10222	0	4
2025.04.15	07:00:00	3225.13	3226.55	3217.36	3225.69	11116	0	4
2025.04.15	08:00:00	3225.73	3232.21	3224.34	3227.75	13533	0	4
2025.04.15	09:00:00	3227.76	3230.14	3221.26	3222.64	7746	0	4
2025.04.15	10:00:00	3222.65	3226.98	3219.64	3220.28	7813	0	4
2025.04.15	11:00:00	3220.29	3224.15	3216.75	3219.98	9173	0	4
2025.04.15	12:00:00	3220.06	3226.25	3214.36	3221.49	16177	0	4
2025.04.15	13:00:00	3221.52	3226.42	3211.63	3213.08	25159	0	4
2025.04.15	14:00:00	3213.07	3227.01	3213.07	3222.72	26567	0	4
2025.04.15	15:00:00	3222.73	3224.12	3216.87	3221.31	17219	0	4
2025.04.15	16:00:00	3221.33	3223.47	3219.55	3221.52	11570	0	4
2025.04.15	17:00:00	3221.53	3230.77	3220.45	3228.06	11731	0	4
2025.04.15	18:00:00	3228.07	3229.80	3225.72	3229.16	10590	0	4
2025.04.15	19:00:00	3229.15	3231.86	3226.25	3229.82	10308	0	4
2025.04.15	20:00:00	3229.85	3233.60	3226.58	3229.72	3749	0	4
2025.04.15	23:00:00	3240.23	3251.92	3238.42	3251.90	7320	0	4
2025.04.16	00:00:00	3251.92	3268.23	3251.68	3264.46	16040	0	4
2025.04.16	01:00:00	3264.47	3275.18	3256.09	3270.25	21351	0	4
2025.04.16	02:00:00	3270.33	3275.41	3266.86	3267.87	10949	0	4
2025.04.16	03:00:00	3267.89	3281.79	3266.31	3281.53	10986	0	4
2025.04.16	04:00:00	3281.56	3287.76	3269.43	3283.76	11669	0	4
2025.04.16	05:00:00	3283.74	3291.87	3283.71	3289.83	11620	0	4
2025.04.16	06:00:00	3289.85	3295.30	3286.01	3291.89	12405	0	4
2025.04.16	07:00:00	3291.93	3300.61	3291.45	3300.41	15468	0	4
2025.04.16	08:00:00	3300.44	3317.74	3288.64	3307.11	23373	0	4
2025.04.16	09:00:00	3307.10	3310.98	3300.17	3303.62	12859	0	4
2025.04.16	10:00:00	3303.64	3306.79	3299.62	3304.04	8795	0	4
2025.04.16	11:00:00	3304.02	3313.76	3293.10	3306.92	14658	0	4
2025.04.16	12:00:00	3306.90	3313.47	3302.58	3307.26	15254	0	4
2025.04.16	13:00:00	3307.27	3316.53	3296.96	3311.68	21568	0	4
2025.04.16	14:00:00	3311.69	3319.65	3306.24	3308.61	19548	0	4
2025.04.16	15:00:00	3308.60	3328.24	3305.27	3325.40	16848	0	4
2025.04.16	16:00:00	3325.42	3333.05	3321.46	3327.32	13163	0	4
2025.04.16	17:00:00	3327.36	3332.82	3324.46	3327.63	15698	0	4
2025.04.16	18:00:00	3327.79	3340.79	3326.49	3338.35	12631	0	4
2025.04.16	19:00:00	3338.37	3342.53	3336.01	3336.67	12207	0	4
2025.04.16	20:00:00	3336.72	3342.72	3334.48	3342.41	5460	0	4
2025.04.16	23:00:00	3351.93	3352.71	3347.10	3350.08	5803	0	4
2025.04.17	00:00:00	3350.05	3351.36	3342.05	3345.48	12861	0	4
2025.04.17	01:00:00	3345.53	3356.28	3320.89	3324.15	27709	0	4
2025.04.17	02:00:00	3324.18	3340.72	3321.19	3340.42	18446	0	4
2025.04.17	03:00:00	3340.41	3344.74	3337.37	3344.65	12337	0	4
2025.04.17	04:00:00	3344.41	3344.41	3337.92	3341.66	9367	0	4
2025.04.17	05:00:00	3341.68	3345.47	3328.56	3329.46	12485	0	4
2025.04.17	06:00:00	3329.48	3333.14	3325.35	3328.91	16910	0	4
2025.04.17	07:00:00	3328.93	3330.10	3314.37	3323.47	18514	0	4
2025.04.17	08:00:00	3323.50	3324.96	3312.83	3324.29	12797	0	4
2025.04.17	09:00:00	3324.28	3326.98	3320.73	3321.60	9471	0	4
2025.04.17	10:00:00	3321.61	3334.02	3321.21	3327.67	10579	0	4
2025.04.17	11:00:00	3327.68	3332.58	3322.43	3327.46	11301	0	4
2025.04.17	12:00:00	3327.45	3342.29	3322.33	3328.14	19386	0	4
2025.04.17	13:00:00	3328.19	3332.15	3312.02	3315.23	27568	0	4
2025.04.17	14:00:00	3315.25	3315.25	3284.00	3291.33	36111	0	4
2025.04.17	15:00:00	3291.38	3304.85	3290.71	3296.37	21564	0	4
2025.04.17	16:00:00	3296.38	3318.81	3294.88	3316.18	19003	0	4
2025.04.17	17:00:00	3316.23	3322.59	3314.33	3319.05	13411	0	4
2025.04.17	18:00:00	3319.08	3320.98	3314.41	3316.47	8561	0	4
2025.04.17	19:00:00	3316.43	3322.04	3311.06	3320.79	9097	0	4
2025.04.17	20:00:00	3320.78	3328.95	3318.13	3327.31	4875	0	4
2025.04.20	23:00:00	3349.08	3351.87	3343.97	3348.16	8684	0	4
2025.04.21	00:00:00	3348.15	3370.74	3347.56	3368.78	17285	0	4
2025.04.21	01:00:00	3368.79	3378.46	3367.37	3377.64	20278	0	4
2025.04.21	02:00:00	3377.63	3385.09	3374.28	3384.85	17269	0	4
2025.04.21	03:00:00	3384.84	3385.32	3378.16	3382.39	15626	0	4
2025.04.21	04:00:00	3382.43	3382.43	3369.59	3376.49	13975	0	4
2025.04.21	05:00:00	3376.48	3386.05	3375.85	3385.57	14492	0	4
2025.04.21	06:00:00	3385.61	3393.33	3382.53	3392.54	16852	0	4
2025.04.21	07:00:00	3392.51	3396.08	3381.77	3385.34	19513	0	4
2025.04.21	08:00:00	3385.33	3394.29	3383.85	3392.79	14145	0	4
2025.04.21	09:00:00	3392.82	3397.07	3390.89	3395.00	12746	0	4
2025.04.21	10:00:00	3395.02	3397.87	3392.20	3395.02	11554	0	4
2025.04.21	11:00:00	3394.99	3405.95	3386.40	3404.46	18738	0	4
2025.04.21	12:00:00	3404.43	3415.87	3398.12	3415.01	21487	0	4
2025.04.21	13:00:00	3415.00	3426.95	3405.40	3420.61	31708	0	4
2025.04.21	14:00:00	3420.60	3430.34	3408.98	3416.84	25653	0	4
2025.04.21	15:00:00	3416.98	3426.36	3407.86	3423.07	18339	0	4
2025.04.21	16:00:00	3423.08	3424.15	3410.18	3414.70	14728	0	4
2025.04.21	17:00:00	3414.68	3422.97	3406.26	3422.65	17165	0	4
2025.04.21	18:00:00	3422.62	3426.85	3417.99	3426.50	16584	0	4
2025.04.21	19:00:00	3426.52	3430.63	3417.62	3423.54	19855	0	4
2025.04.21	20:00:00	3423.57	3427.28	3419.73	3424.94	4910	0	4
2025.04.21	23:00:00	3431.32	3444.47	3429.42	3434.62	11867	0	4
2025.04.22	00:00:00	3434.57	3435.45	3412.25	3425.52	19297	0	4
2025.04.22	01:00:00	3425.55	3455.05	3421.64	3453.16	22686	0	4
2025.04.22	02:00:00	3453.18	3476.10	3442.47	3473.20	23727	0	4
2025.04.22	03:00:00	3473.12	3494.88	3472.12	3487.85	19405	0	4
2025.04.22	04:00:00	3487.83	3488.55	3479.63	3484.49	12544	0	4
2025.04.22	05:00:00	3484.53	3495.65	3473.55	3494.43	17482	0	4
2025.04.22	06:00:00	3494.44	3500.14	3475.25	3479.74	29961	0	4
2025.04.22	07:00:00	3479.76	3480.72	3460.93	3468.72	25572	0	4
2025.04.22	08:00:00	3468.75	3472.71	3443.09	3444.04	21496	0	4
2025.04.22	09:00:00	3444.03	3458.81	3443.90	3454.76	18959	0	4
2025.04.22	10:00:00	3454.77	3468.34	3451.43	3452.50	19104	0	4
2025.04.22	11:00:00	3452.48	3461.38	3448.16	3456.81	15170	0	4
2025.04.22	12:00:00	3456.85	3464.93	3424.52	3431.70	26391	0	4
2025.04.22	13:00:00	3431.68	3449.78	3408.76	3418.80	36712	0	4
2025.04.22	14:00:00	3418.64	3439.11	3418.13	3430.00	26280	0	4
2025.04.22	15:00:00	3430.01	3433.27	3410.41	3417.76	23496	0	4
2025.04.22	16:00:00	3417.79	3421.05	3372.09	3393.04	38824	0	4
2025.04.22	17:00:00	3393.07	3410.25	3386.13	3401.87	28213	0	4
2025.04.22	18:00:00	3401.99	3402.51	3373.27	3381.55	17242	0	4
2025.04.22	19:00:00	3381.54	3385.95	3366.85	3374.73	17367	0	4
2025.04.22	20:00:00	3374.81	3382.80	3373.42	3381.33	6738	0	4
2025.04.22	23:00:00	3335.28	3350.23	3332.13	3336.75	12408	0	4
2025.04.23	00:00:00	3336.71	3371.26	3334.70	3368.01	17584	0	4
2025.04.23	01:00:00	3368.06	3386.67	3358.76	3379.29	29640	0	4
2025.04.23	02:00:00	3379.17	3380.02	3348.75	3354.17	22474	0	4
2025.04.23	03:00:00	3354.19	3355.70	3329.21	3339.07	22561	0	4
2025.04.23	04:00:00	3339.04	3347.25	3335.75	3346.90	9949	0	4
2025.04.23	05:00:00	3346.93	3349.45	3315.98	3319.13	19305	0	4
2025.04.23	06:00:00	3319.15	3325.95	3291.64	3300.73	30720	0	4
2025.04.23	07:00:00	3300.86	3320.77	3300.86	3319.27	19974	0	4
2025.04.23	08:00:00	3319.30	3321.68	3305.84	3321.68	14888	0	4
2025.04.23	09:00:00	3321.66	3340.59	3317.20	3317.61	15947	0	4
2025.04.23	10:00:00	3317.56	3336.35	3316.80	3329.88	12679	0	4
2025.04.23	11:00:00	3329.99	3339.12	3321.92	3324.68	14397	0	4
2025.04.23	12:00:00	3324.71	3333.49	3310.60	3310.76	25709	0	4
2025.04.23	13:00:00	3310.75	3313.68	3271.33	3277.50	37554	0	4
2025.04.23	14:00:00	3277.55	3296.57	3260.19	3287.51	39779	0	4
2025.04.23	15:00:00	3287.50	3294.41	3269.16	3280.45	30017	0	4
2025.04.23	16:00:00	3280.58	3305.69	3279.31	3295.20	21135	0	4
2025.04.23	17:00:00	3295.12	3301.61	3277.81	3281.36	19583	0	4
2025.04.23	18:00:00	3281.40	3287.18	3277.91	3282.95	13669	0	4
2025.04.23	19:00:00	3282.97	3297.26	3282.81	3293.99	12578	0	4
2025.04.23	20:00:00	3293.96	3295.79	3283.96	3288.44	5501	0	4
2025.04.23	23:00:00	3310.81	3316.87	3308.24	3316.45	5125	0	4
2025.04.24	00:00:00	3316.43	3339.22	3313.38	3331.79	19003	0	4
2025.04.24	01:00:00	3331.76	3367.48	3330.84	3357.42	30861	0	4
2025.04.24	02:00:00	3357.41	3363.47	3335.78	3342.05	21794	0	4
2025.04.24	03:00:00	3342.09	3342.60	3320.56	3327.10	17028	0	4
2025.04.24	04:00:00	3327.07	3331.79	3325.92	3326.11	9038	0	4
2025.04.24	05:00:00	3326.13	3335.57	3320.55	3323.76	13379	0	4
2025.04.24	06:00:00	3323.77	3328.14	3314.84	3324.78	22477	0	4
2025.04.24	07:00:00	3324.76	3339.85	3323.25	3333.81	18084	0	4
2025.04.24	08:00:00	3333.90	3341.64	3327.43	3336.12	16573	0	4
2025.04.24	09:00:00	3336.11	3342.95	3325.44	3335.82	14329	0	4
2025.04.24	10:00:00	3335.91	3336.78	3325.71	3330.07	12543	0	4
2025.04.24	11:00:00	3330.00	3344.02	3329.83	3336.98	13912	0	4
2025.04.24	12:00:00	3337.03	3344.73	3335.67	3335.91	17431	0	4
2025.04.24	13:00:00	3335.94	3336.27	3312.64	3315.41	29285	0	4
2025.04.24	14:00:00	3315.38	3330.54	3306.70	3327.59	31128	0	4
2025.04.24	15:00:00	3327.60	3330.54	3319.58	3329.51	21218	0	4
2025.04.24	16:00:00	3329.60	3335.44	3322.59	3331.65	17206	0	4
2025.04.24	17:00:00	3331.78	3338.78	3330.05	3336.68	13726	0	4
2025.04.24	18:00:00	3336.69	3340.33	3333.68	3334.85	9104	0	4
2025.04.24	19:00:00	3334.87	3347.02	3333.49	3342.30	10193	0	4
2025.04.24	20:00:00	3342.21	3350.04	3338.12	3349.24	5533	0	4
2025.04.24	23:00:00	3359.60	3362.60	3346.93	3348.89	9298	0	4
2025.04.25	00:00:00	3348.91	3361.39	3347.33	3357.84	13881	0	4
2025.04.25	01:00:00	3357.73	3363.17	3342.99	3345.81	18852	0	4
2025.04.25	02:00:00	3345.80	3353.48	3344.64	3348.71	12129	0	4
2025.04.25	03:00:00	3348.69	3354.18	3322.74	3323.75	14366	0	4
2025.04.25	04:00:00	3323.76	3327.85	3316.46	3324.83	16114	0	4
2025.04.25	05:00:00	3324.84	3327.24	3287.11	3294.57	21289	0	4
2025.04.25	06:00:00	3294.63	3306.36	3287.68	3304.57	22904	0	4
2025.04.25	07:00:00	3304.59	3314.65	3303.29	3307.37	14591	0	4
2025.04.25	08:00:00	3307.39	3307.95	3291.83	3303.83	15419	0	4
2025.04.25	09:00:00	3303.90	3308.87	3292.09	3292.30	12750	0	4
2025.04.25	10:00:00	3292.22	3306.50	3292.12	3298.10	14911	0	4
2025.04.25	11:00:00	3298.06	3301.09	3288.06	3293.56	13753	0	4
2025.04.25	12:00:00	3293.52	3303.12	3291.16	3292.69	16507	0	4
2025.04.25	13:00:00	3292.70	3292.91	3265.25	3281.41	32689	0	4
2025.04.25	14:00:00	3281.36	3287.25	3274.70	3278.08	24560	0	4
2025.04.25	15:00:00	3278.09	3285.58	3270.20	3283.01	14153	0	4
2025.04.25	16:00:00	3283.10	3287.68	3280.45	3285.47	9227	0	4
2025.04.25	17:00:00	3285.49	3295.16	3281.96	3293.30	13493	0	4
2025.04.25	18:00:00	3293.28	3297.05	3288.45	3288.48	8333	0	4
2025.04.25	19:00:00	3288.45	3312.63	3287.85	3304.91	10893	0	4
2025.04.25	20:00:00	3304.86	3319.29	3304.68	3319.04	5183	0	4
2025.04.27	23:00:00	3312.28	3318.12	3298.62	3302.74	10237	0	4
2025.04.28	00:00:00	3302.79	3316.04	3301.44	3314.15	12265	0	4
2025.04.28	01:00:00	3314.14	3315.27	3279.25	3281.01	22817	0	4
2025.04.28	02:00:00	3280.99	3286.47	3268.10	3281.02	17388	0	4
2025.04.28	03:00:00	3280.94	3295.24	3280.38	3290.98	9963	0	4
2025.04.28	04:00:00	3290.84	3299.16	3288.73	3299.04	7307	0	4
2025.04.28	05:00:00	3299.06	3301.08	3287.92	3295.11	9531	0	4
2025.04.28	06:00:00	3295.23	3296.52	3282.01	3283.32	12965	0	4
2025.04.28	07:00:00	3283.38	3292.59	3277.68	3287.50	16151	0	4
2025.04.28	08:00:00	3287.48	3288.60	3279.23	3282.71	12475	0	4
2025.04.28	09:00:00	3282.72	3287.43	3274.47	3274.54	13305	0	4
2025.04.28	10:00:00	3274.53	3292.00	3273.21	3289.63	14497	0	4
2025.04.28	11:00:00	3289.55	3297.27	3284.90	3294.19	16087	0	4
2025.04.28	12:00:00	3294.16	3302.38	3292.88	3296.07	20600	0	4
2025.04.28	13:00:00	3296.15	3301.23	3286.92	3293.25	30649	0	4
2025.04.28	14:00:00	3293.24	3333.14	3293.23	3328.52	35252	0	4
2025.04.28	15:00:00	3328.53	3336.11	3319.17	3325.11	25603	0	4
2025.04.28	16:00:00	3325.10	3339.31	3324.63	3336.74	19082	0	4
2025.04.28	17:00:00	3336.76	3340.08	3333.20	3335.47	15471	0	4
2025.04.28	18:00:00	3335.45	3349.90	3333.97	3349.07	14156	0	4
2025.04.28	19:00:00	3349.10	3353.00	3345.63	3352.14	12386	0	4
2025.04.28	20:00:00	3352.15	3352.37	3342.42	3344.30	3887	0	4
2025.04.28	23:00:00	3341.14	3341.83	3333.87	3337.76	5755	0	4
2025.04.29	00:00:00	3337.82	3339.08	3327.87	3330.04	10456	0	4
2025.04.29	01:00:00	3329.99	3340.13	3322.90	3326.56	16674	0	4
2025.04.29	02:00:00	3326.54	3333.92	3319.41	3320.71	12878	0	4
2025.04.29	03:00:00	3320.62	3321.70	3308.14	3316.09	14851	0	4
2025.04.29	04:00:00	3316.12	3318.16	3306.79	3309.39	8383	0	4
2025.04.29	05:00:00	3309.40	3316.63	3305.17	3310.35	10052	0	4
2025.04.29	06:00:00	3310.34	3323.93	3308.86	3318.84	11950	0	4
2025.04.29	07:00:00	3318.80	3323.23	3312.39	3322.87	11315	0	4
2025.04.29	08:00:00	3322.91	3324.93	3311.83	3311.97	10107	0	4
2025.04.29	09:00:00	3311.96	3316.03	3308.73	3309.28	10019	0	4
2025.04.29	10:00:00	3309.26	3315.63	3306.31	3312.98	9508	0	4
2025.04.29	11:00:00	3312.93	3316.08	3307.98	3309.44	9314	0	4
2025.04.29	12:00:00	3309.43	3314.67	3300.50	3312.83	18950	0	4
2025.04.29	13:00:00	3312.78	3321.34	3299.80	3306.88	27683	0	4
2025.04.29	14:00:00	3306.87	3317.87	3299.80	3314.58	24816	0	4
2025.04.29	15:00:00	3314.56	3315.59	3305.39	3312.44	17543	0	4
2025.04.29	16:00:00	3312.43	3330.03	3312.28	3328.75	13203	0	4
2025.04.29	17:00:00	3328.82	3329.73	3314.34	3314.48	10822	0	4
2025.04.29	18:00:00	3314.42	3320.05	3313.34	3320.00	10353	0	4
2025.04.29	19:00:00	3320.02	3325.03	3318.00	3320.56	10381	0	4
2025.04.29	20:00:00	3320.55	3323.58	3317.04	3317.33	3608	0	4
2025.04.29	23:00:00	3316.02	3317.89	3311.08	3317.08	3783	0	4
2025.04.30	00:00:00	3317.09	3328.05	3311.58	3313.13	10563	0	4
2025.04.30	01:00:00	3313.18	3322.80	3307.88	3308.24	14176	0	4
2025.04.30	02:00:00	3308.22	3313.25	3305.15	3306.81	11086	0	4
2025.04.30	03:00:00	3306.82	3311.34	3303.80	3304.80	8876	0	4
2025.04.30	04:00:00	3304.79	3309.04	3301.35	3308.09	8037	0	4
2025.04.30	05:00:00	3308.08	3314.73	3307.69	3309.65	10256	0	4
2025.04.30	06:00:00	3309.64	3311.31	3305.01	3305.95	9548	0	4
2025.04.30	07:00:00	3305.96	3314.65	3303.12	3307.18	12810	0	4
2025.04.30	08:00:00	3307.21	3307.68	3280.43	3284.59	21338	0	4
2025.04.30	09:00:00	3284.57	3287.07	3275.15	3276.01	17099	0	4
2025.04.30	10:00:00	3276.03	3280.97	3271.97	3272.53	13654	0	4
2025.04.30	11:00:00	3272.56	3281.75	3268.37	3272.33	16133	0	4
2025.04.30	12:00:00	3272.42	3304.81	3266.95	3298.68	31279	0	4
2025.04.30	13:00:00	3298.74	3319.74	3296.24	3308.84	26512	0	4
2025.04.30	14:00:00	3308.79	3313.78	3292.84	3310.03	27737	0	4
2025.04.30	15:00:00	3309.93	3314.72	3299.09	3308.14	19728	0	4
2025.04.30	16:00:00	3308.16	3314.34	3307.24	3310.87	13173	0	4
2025.04.30	17:00:00	3310.83	3313.58	3305.03	3305.34	9458	0	4
2025.04.30	18:00:00	3305.30	3307.78	3300.53	3301.84	9128	0	4
2025.04.30	19:00:00	3301.93	3305.84	3292.17	3295.84	9453	0	4
2025.04.30	20:00:00	3295.86	3298.03	3283.22	3288.63	6861	0	4
2025.04.30	23:00:00	3277.51	3285.25	3269.83	3272.99	7269	0	4
2025.05.01	00:00:00	3273.07	3276.35	3241.39	3246.64	17514	0	4
2025.05.01	01:00:00	3246.61	3251.44	3234.48	3239.09	13440	0	4
2025.05.01	02:00:00	3239.08	3251.74	3235.15	3241.71	9867	0	4
2025.05.01	03:00:00	3241.68	3242.76	3228.97	3229.41	11143	0	4
2025.05.01	04:00:00	3229.42	3231.98	3221.29	3226.72	9788	0	4
2025.05.01	05:00:00	3226.70	3238.88	3223.48	3236.68	10753	0	4
2025.05.01	06:00:00	3236.66	3243.24	3233.93	3235.73	12223	0	4
2025.05.01	07:00:00	3235.74	3236.95	3226.17	3230.24	9575	0	4
2025.05.01	08:00:00	3230.28	3236.84	3230.08	3235.30	6467	0	4
2025.05.01	09:00:00	3235.28	3236.29	3215.92	3218.72	12834	0	4
2025.05.01	10:00:00	3218.71	3225.40	3213.59	3223.02	14060	0	4
2025.05.01	11:00:00	3223.04	3227.26	3203.42	3205.58	16874	0	4
2025.05.01	12:00:00	3205.61	3232.82	3201.99	3227.05	27031	0	4
2025.05.01	13:00:00	3227.02	3233.32	3218.87	3224.43	25506	0	4
2025.05.01	14:00:00	3224.33	3231.61	3214.40	3219.10	30762	0	4
2025.05.01	15:00:00	3219.16	3221.77	3205.03	3216.53	20380	0	4
2025.05.01	16:00:00	3216.54	3220.58	3208.98	3219.55	15926	0	4
2025.05.01	17:00:00	3219.61	3220.75	3209.97	3214.76	11993	0	4
2025.05.01	18:00:00	3214.75	3226.85	3212.91	3224.05	10664	0	4
2025.05.01	19:00:00	3224.04	3229.83	3224.02	3228.26	8860	0	4
2025.05.01	20:00:00	3228.27	3239.85	3228.11	3238.17	6418	0	4
2025.05.01	23:00:00	3241.08	3241.33	3234.87	3237.39	3930	0	4
2025.05.02	00:00:00	3237.46	3244.41	3227.48	3231.34	12208	0	4
2025.05.02	01:00:00	3231.43	3237.53	3231.24	3236.45	11158	0	4
2025.05.02	02:00:00	3236.47	3249.19	3235.94	3248.09	11542	0	4
2025.05.02	03:00:00	3248.12	3258.75	3245.93	3255.03	9792	0	4
2025.05.02	04:00:00	3254.98	3257.52	3250.61	3251.85	8623	0	4
2025.05.02	05:00:00	3251.82	3257.05	3249.67	3251.87	8151	0	4
2025.05.02	06:00:00	3251.90	3262.53	3246.44	3252.92	11690	0	4
2025.05.02	07:00:00	3252.98	3263.37	3251.65	3259.02	12976	0	4
2025.05.02	08:00:00	3259.03	3261.67	3255.42	3258.22	11096	0	4
2025.05.02	09:00:00	3258.23	3267.16	3255.22	3265.30	14554	0	4
2025.05.02	10:00:00	3265.33	3265.77	3257.34	3259.45	12113	0	4
2025.05.02	11:00:00	3259.48	3269.33	3258.14	3262.78	13092	0	4
2025.05.02	12:00:00	3262.76	3265.08	3250.37	3250.43	26103	0	4
2025.05.02	13:00:00	3250.38	3259.68	3239.58	3250.70	33105	0	4
2025.05.02	14:00:00	3250.60	3264.49	3242.26	3262.88	30330	0	4
2025.05.02	15:00:00	3263.02	3264.21	3230.39	3231.62	28191	0	4
2025.05.02	16:00:00	3231.61	3236.45	3222.90	3225.01	33009	0	4
2025.05.02	17:00:00	3225.06	3239.89	3223.70	3231.53	28733	0	4
2025.05.02	18:00:00	3231.60	3232.40	3224.40	3226.38	12136	0	4
2025.05.02	19:00:00	3226.40	3234.61	3226.38	3233.62	13864	0	4
2025.05.02	20:00:00	3233.66	3241.37	3232.78	3241.29	4790	0	4
2025.05.04	23:00:00	3241.61	3252.43	3238.92	3248.09	7700	0	4
2025.05.05	00:00:00	3248.12	3248.70	3241.28	3246.73	9579	0	4
2025.05.05	01:00:00	3246.75	3271.14	3246.60	3264.86	15182	0	4
2025.05.05	02:00:00	3264.88	3272.38	3259.54	3270.24	13434	0	4
2025.05.05	03:00:00	3270.23	3271.32	3253.13	3254.70	11772	0	4
2025.05.05	04:00:00	3254.68	3259.49	3253.77	3256.49	8735	0	4
2025.05.05	05:00:00	3256.50	3262.07	3254.18	3259.73	10320	0	4
2025.05.05	06:00:00	3259.72	3265.70	3256.91	3262.06	11268	0	4
2025.05.05	07:00:00	3262.02	3267.91	3258.79	3264.86	11832	0	4
2025.05.05	08:00:00	3264.84	3283.00	3263.19	3282.67	14557	0	4
2025.05.05	09:00:00	3282.68	3309.01	3282.28	3308.81	19074	0	4
2025.05.05	10:00:00	3308.80	3318.63	3308.59	3313.27	18205	0	4
2025.05.05	11:00:00	3313.30	3319.03	3311.36	3312.85	14462	0	4
2025.05.05	12:00:00	3312.78	3322.60	3312.73	3319.62	18728	0	4
2025.05.05	13:00:00	3319.63	3321.08	3311.82	3315.53	20075	0	4
2025.05.05	14:00:00	3315.60	3328.89	3309.95	3312.76	25695	0	4
2025.05.05	15:00:00	3312.80	3317.86	3309.13	3312.12	15345	0	4
2025.05.05	16:00:00	3312.09	3313.60	3305.71	3309.82	12568	0	4
2025.05.05	17:00:00	3309.81	3318.31	3309.28	3317.19	8861	0	4
2025.05.05	18:00:00	3317.20	3323.59	3313.94	3323.27	8996	0	4
2025.05.05	19:00:00	3323.28	3337.65	3322.90	3328.82	14162	0	4
2025.05.05	20:00:00	3328.71	3334.79	3328.71	3333.88	5316	0	4
2025.05.05	23:00:00	3332.98	3335.47	3328.98	3334.16	4703	0	4
2025.05.06	00:00:00	3334.15	3334.39	3323.39	3329.67	12290	0	4
2025.05.06	01:00:00	3329.66	3381.88	3329.65	3379.66	29889	0	4
2025.05.06	02:00:00	3379.83	3387.13	3356.53	3358.47	21365	0	4
2025.05.06	03:00:00	3358.43	3372.46	3352.47	3360.62	17194	0	4
2025.05.06	04:00:00	3360.63	3366.18	3356.23	3363.11	10919	0	4
2025.05.06	05:00:00	3363.10	3364.01	3350.32	3362.04	14367	0	4
2025.05.06	06:00:00	3362.03	3367.97	3358.74	3364.85	13728	0	4
2025.05.06	07:00:00	3365.16	3379.60	3365.12	3371.25	19491	0	4
2025.05.06	08:00:00	3371.26	3383.12	3368.62	3377.17	17965	0	4
2025.05.06	09:00:00	3377.24	3383.24	3371.42	3383.19	13858	0	4
2025.05.06	10:00:00	3383.20	3383.83	3376.76	3383.66	10812	0	4
2025.05.06	11:00:00	3383.64	3385.09	3373.79	3379.17	12677	0	4
2025.05.06	12:00:00	3379.22	3392.52	3373.28	3391.09	19844	0	4
2025.05.06	13:00:00	3391.15	3397.62	3387.79	3391.72	27943	0	4
2025.05.06	14:00:00	3391.74	3398.05	3378.28	3386.40	26570	0	4
2025.05.06	15:00:00	3386.33	3399.89	3385.38	3395.17	16348	0	4
2025.05.06	16:00:00	3395.19	3411.63	3394.81	3408.98	16981	0	4
2025.05.06	17:00:00	3408.99	3417.83	3407.50	3414.05	14788	0	4
2025.05.06	18:00:00	3414.04	3417.54	3410.31	3415.70	10448	0	4
2025.05.06	19:00:00	3415.69	3424.18	3412.68	3423.16	10465	0	4
2025.05.06	20:00:00	3423.15	3434.98	3419.32	3430.58	8887	0	4
2025.05.06	23:00:00	3386.27	3404.68	3379.80	3400.81	13707	0	4
2025.05.07	00:00:00	3400.80	3401.59	3360.99	3379.70	24573	0	4
2025.05.07	01:00:00	3379.62	3385.17	3360.30	3374.70	23921	0	4
2025.05.07	02:00:00	3374.68	3394.06	3372.10	3390.74	18148	0	4
2025.05.07	03:00:00	3390.80	3392.65	3369.77	3375.46	13319	0	4
2025.05.07	04:00:00	3375.50	3387.58	3375.13	3382.34	11614	0	4
2025.05.07	05:00:00	3382.33	3389.38	3378.77	3388.14	10840	0	4
2025.05.07	06:00:00	3388.16	3396.01	3387.47	3392.57	13733	0	4
2025.05.07	07:00:00	3392.48	3397.42	3383.79	3388.16	13035	0	4
2025.05.07	08:00:00	3388.17	3388.72	3378.29	3382.87	12508	0	4
2025.05.07	09:00:00	3382.89	3385.26	3369.77	3370.12	13186	0	4
2025.05.07	10:00:00	3370.13	3393.47	3369.31	3391.34	15388	0	4
2025.05.07	11:00:00	3391.32	3391.60	3383.76	3387.05	11605	0	4
2025.05.07	12:00:00	3387.06	3393.90	3384.12	3390.94	15855	0	4
2025.05.07	13:00:00	3390.93	3398.10	3381.46	3394.46	25871	0	4
2025.05.07	14:00:00	3394.53	3394.75	3375.74	3385.81	23616	0	4
2025.05.07	15:00:00	3385.84	3389.55	3382.07	3385.24	16238	0	4
2025.05.07	16:00:00	3385.23	3389.73	3378.91	3387.01	10520	0	4
2025.05.07	17:00:00	3386.94	3389.94	3383.86	3385.67	9835	0	4
2025.05.07	18:00:00	3385.76	3397.98	3376.14	3384.61	25469	0	4
2025.05.07	19:00:00	3384.60	3387.00	3363.79	3372.03	21925	0	4
2025.05.07	20:00:00	3372.04	3374.50	3363.82	3364.35	7310	0	4
2025.05.07	23:00:00	3370.30	3377.17	3369.86	3376.44	4070	0	4
2025.05.08	00:00:00	3376.50	3386.96	3373.80	3380.47	10853	0	4
2025.05.08	01:00:00	3380.54	3409.81	3379.15	3408.77	21302	0	4
2025.05.08	02:00:00	3408.82	3414.83	3402.03	3402.03	16595	0	4
2025.05.08	03:00:00	3402.04	3408.48	3395.85	3396.92	13806	0	4
2025.05.08	04:00:00	3396.88	3399.33	3382.04	3382.06	12571	0	4
2025.05.08	05:00:00	3382.09	3384.31	3354.93	3355.52	20245	0	4
2025.05.08	06:00:00	3355.51	3361.97	3320.42	3329.91	29774	0	4
2025.05.08	07:00:00	3329.84	3349.35	3327.28	3343.10	20112	0	4
2025.05.08	08:00:00	3343.11	3344.31	3337.20	3339.43	12267	0	4
2025.05.08	09:00:00	3339.37	3344.51	3331.25	3332.11	13054	0	4
2025.05.08	10:00:00	3332.09	3346.77	3330.54	3342.56	14732	0	4
2025.05.08	11:00:00	3342.55	3345.57	3339.43	3344.47	11773	0	4
2025.05.08	12:00:00	3344.43	3358.64	3343.16	3356.16	17804	0	4
2025.05.08	13:00:00	3356.15	3369.53	3354.74	3356.09	23761	0	4
2025.05.08	14:00:00	3356.07	3362.92	3350.91	3356.58	22413	0	4
2025.05.08	15:00:00	3356.69	3360.10	3327.01	3330.70	26296	0	4
2025.05.08	16:00:00	3330.57	3330.57	3304.45	3310.39	25834	0	4
2025.05.08	17:00:00	3310.37	3311.28	3297.93	3308.48	20071	0	4
2025.05.08	18:00:00	3308.46	3311.14	3305.74	3308.56	10682	0	4
2025.05.08	19:00:00	3308.60	3310.07	3288.83	3306.51	14901	0	4
2025.05.08	20:00:00	3306.55	3310.86	3303.96	3306.44	5715	0	4
2025.05.08	23:00:00	3318.55	3321.87	3312.12	3316.50	5477	0	4
2025.05.09	00:00:00	3316.54	3323.20	3308.89	3322.29	11786	0	4
2025.05.09	01:00:00	3322.28	3322.54	3286.82	3291.27	22416	0	4
2025.05.09	02:00:00	3291.23	3308.71	3274.74	3308.45	23475	0	4
2025.05.09	03:00:00	3308.46	3313.46	3299.76	3308.08	15814	0	4
2025.05.09	04:00:00	3308.12	3327.58	3308.12	3324.60	11946	0	4
2025.05.09	05:00:00	3324.64	3330.34	3312.98	3321.45	14352	0	4
2025.05.09	06:00:00	3321.52	3326.85	3315.37	3325.52	14944	0	4
2025.05.09	07:00:00	3325.48	3332.43	3322.51	3327.26	16178	0	4
2025.05.09	08:00:00	3327.35	3328.98	3320.37	3328.52	14073	0	4
2025.05.09	09:00:00	3328.55	3329.46	3323.52	3325.24	9973	0	4
2025.05.09	10:00:00	3325.12	3329.84	3322.05	3323.43	8440	0	4
2025.05.09	11:00:00	3323.42	3338.47	3323.32	3333.02	15222	0	4
2025.05.09	12:00:00	3333.20	3335.81	3329.11	3333.54	15118	0	4
2025.05.09	13:00:00	3333.61	3340.46	3328.75	3330.72	23341	0	4
2025.05.09	14:00:00	3330.83	3341.42	3320.42	3337.20	26907	0	4
2025.05.09	15:00:00	3337.16	3346.26	3336.10	3345.05	17809	0	4
2025.05.09	16:00:00	3345.11	3347.47	3336.51	3336.99	12503	0	4
2025.05.09	17:00:00	3336.96	3342.57	3336.14	3340.95	9615	0	4
2025.05.09	18:00:00	3341.00	3342.99	3336.33	3338.80	6739	0	4
2025.05.09	19:00:00	3338.85	3339.85	3325.57	3328.97	9583	0	4
2025.05.09	20:00:00	3328.90	3330.48	3325.19	3326.64	4282	0	4
2025.05.11	23:00:00	3267.34	3289.03	3266.03	3287.73	11693	0	4
2025.05.12	00:00:00	3287.70	3290.17	3272.11	3279.14	15158	0	4
2025.05.12	01:00:00	3279.16	3282.28	3258.97	3271.98	23566	0	4
2025.05.12	02:00:00	3271.88	3279.93	3269.61	3272.21	16966	0	4
2025.05.12	03:00:00	3272.23	3284.85	3270.63	3283.51	14298	0	4
2025.05.12	04:00:00	3283.55	3283.81	3275.71	3279.04	14300	0	4
2025.05.12	05:00:00	3279.03	3279.78	3268.64	3276.21	15455	0	4
2025.05.12	06:00:00	3276.31	3281.76	3273.08	3277.52	18955	0	4
2025.05.12	07:00:00	3277.49	3277.70	3216.22	3222.59	38196	0	4
2025.05.12	08:00:00	3222.58	3234.45	3220.79	3231.48	28556	0	4
2025.05.12	09:00:00	3231.53	3231.57	3213.04	3214.96	13651	0	4
2025.05.12	10:00:00	3215.21	3219.62	3207.83	3208.20	14926	0	4
2025.05.12	11:00:00	3208.06	3229.39	3207.87	3224.97	15031	0	4
2025.05.12	12:00:00	3224.95	3234.49	3220.46	3233.81	15059	0	4
2025.05.12	13:00:00	3233.80	3248.65	3231.85	3240.96	22029	0	4
2025.05.12	14:00:00	3240.85	3247.84	3233.49	3237.65	21045	0	4
2025.05.12	15:00:00	3237.64	3243.97	3232.76	3239.32	14667	0	4
2025.05.12	16:00:00	3239.31	3240.15	3223.35	3224.22	13398	0	4
2025.05.12	17:00:00	3224.24	3227.67	3221.23	3223.17	10743	0	4
2025.05.12	18:00:00	3223.18	3230.05	3220.40	3229.68	9413	0	4
2025.05.12	19:00:00	3229.78	3238.89	3228.95	3235.46	9805	0	4
2025.05.12	20:00:00	3235.48	3238.47	3232.61	3234.46	3154	0	4
2025.05.12	23:00:00	3234.43	3240.11	3233.52	3236.92	3676	0	4
2025.05.13	00:00:00	3236.85	3243.32	3234.03	3239.99	8794	0	4
2025.05.13	01:00:00	3239.98	3243.44	3215.91	3225.28	14897	0	4
2025.05.13	02:00:00	3225.30	3241.33	3223.35	3229.00	12513	0	4
2025.05.13	03:00:00	3228.99	3238.51	3228.21	3236.61	10113	0	4
2025.05.13	04:00:00	3236.62	3253.55	3235.00	3252.51	8291	0	4
2025.05.13	05:00:00	3252.50	3260.74	3251.18	3256.61	10907	0	4
2025.05.13	06:00:00	3256.71	3265.57	3247.28	3262.05	12430	0	4
2025.05.13	07:00:00	3262.19	3265.01	3254.36	3259.15	10572	0	4
2025.05.13	08:00:00	3259.27	3261.32	3250.45	3255.80	9755	0	4
2025.05.13	09:00:00	3255.74	3256.67	3250.61	3253.43	8251	0	4
2025.05.13	10:00:00	3253.42	3256.37	3251.26	3252.99	7445	0	4
2025.05.13	11:00:00	3253.04	3258.62	3248.89	3249.20	9959	0	4
2025.05.13	12:00:00	3249.12	3250.04	3237.39	3242.03	17215	0	4
2025.05.13	13:00:00	3241.91	3246.81	3227.23	3227.57	19291	0	4
2025.05.13	14:00:00	3227.60	3248.74	3225.58	3242.76	18001	0	4
2025.05.13	15:00:00	3242.90	3255.87	3242.09	3253.40	14397	0	4
2025.05.13	16:00:00	3253.45	3257.89	3248.79	3250.99	9333	0	4
2025.05.13	17:00:00	3250.92	3252.72	3242.04	3247.11	8124	0	4
2025.05.13	18:00:00	3247.07	3250.85	3245.76	3248.82	6124	0	4
2025.05.13	19:00:00	3248.78	3251.19	3246.45	3249.45	6514	0	4
2025.05.13	20:00:00	3249.42	3254.85	3248.19	3250.24	3045	0	4
2025.05.13	23:00:00	3255.62	3257.14	3252.21	3254.50	3091	0	4
2025.05.14	00:00:00	3254.49	3254.73	3240.66	3243.79	9750	0	4
2025.05.14	01:00:00	3243.80	3251.86	3237.34	3239.00	13290	0	4
2025.05.14	02:00:00	3238.89	3241.56	3229.01	3232.88	11336	0	4
2025.05.14	03:00:00	3232.87	3233.77	3226.36	3228.45	9397	0	4
2025.05.14	04:00:00	3228.46	3230.45	3222.65	3223.94	8716	0	4
2025.05.14	05:00:00	3223.93	3234.56	3221.83	3233.86	9915	0	4
2025.05.14	06:00:00	3233.95	3236.74	3227.71	3228.65	10633	0	4
2025.05.14	07:00:00	3228.75	3238.91	3224.26	3238.09	13202	0	4
2025.05.14	08:00:00	3237.89	3243.87	3230.62	3232.63	13906	0	4
2025.05.14	09:00:00	3232.67	3236.61	3229.12	3232.37	12415	0	4
2025.05.14	10:00:00	3232.39	3236.58	3229.66	3235.65	9270	0	4
2025.05.14	11:00:00	3235.71	3239.20	3219.50	3220.21	10782	0	4
2025.05.14	12:00:00	3220.15	3222.60	3184.25	3184.79	20081	0	4
2025.05.14	13:00:00	3184.85	3198.40	3175.09	3191.41	22860	0	4
2025.05.14	14:00:00	3191.40	3194.30	3179.36	3181.88	17400	0	4
2025.05.14	15:00:00	3181.87	3186.75	3179.15	3182.69	13831	0	4
2025.05.14	16:00:00	3182.86	3190.90	3173.79	3188.61	12816	0	4
2025.05.14	17:00:00	3188.59	3190.59	3181.04	3181.97	10333	0	4
2025.05.14	18:00:00	3182.16	3183.10	3171.82	3172.01	7733	0	4
2025.05.14	19:00:00	3171.98	3181.65	3168.04	3180.60	9347	0	4
2025.05.14	20:00:00	3180.59	3183.31	3176.94	3178.23	4008	0	4
2025.05.14	23:00:00	3182.67	3187.39	3182.37	3186.15	3716	0	4
2025.05.15	00:00:00	3186.09	3187.96	3180.35	3187.95	7439	0	4
2025.05.15	01:00:00	3187.87	3192.77	3171.20	3172.43	12794	0	4
2025.05.15	02:00:00	3172.47	3175.63	3150.06	3154.13	13920	0	4
2025.05.15	03:00:00	3154.02	3157.06	3148.34	3150.55	9862	0	4
2025.05.15	04:00:00	3150.35	3152.75	3135.66	3138.76	9174	0	4
2025.05.15	05:00:00	3138.84	3143.05	3123.60	3129.10	11734	0	4
2025.05.15	06:00:00	3129.14	3154.01	3120.87	3149.92	16323	0	4
2025.05.15	07:00:00	3149.91	3152.07	3130.70	3142.36	14764	0	4
2025.05.15	08:00:00	3142.31	3164.30	3139.14	3162.60	12288	0	4
2025.05.15	09:00:00	3162.62	3171.73	3159.39	3165.37	11289	0	4
2025.05.15	10:00:00	3165.33	3179.13	3164.19	3178.36	10784	0	4
2025.05.15	11:00:00	3178.37	3180.12	3172.51	3179.25	10144	0	4
2025.05.15	12:00:00	3179.27	3189.91	3177.61	3188.81	15559	0	4
2025.05.15	13:00:00	3188.79	3199.87	3185.29	3192.41	20476	0	4
2025.05.15	14:00:00	3192.32	3207.16	3190.54	3205.47	18981	0	4
2025.05.15	15:00:00	3205.48	3220.23	3204.67	3219.88	14498	0	4
2025.05.15	16:00:00	3219.89	3222.75	3215.96	3222.55	9799	0	4
2025.05.15	17:00:00	3222.56	3229.24	3216.53	3221.24	10811	0	4
2025.05.15	18:00:00	3221.30	3226.04	3219.87	3223.28	7966	0	4
2025.05.15	19:00:00	3223.32	3232.73	3222.34	3231.98	7869	0	4
2025.05.15	20:00:00	3232.01	3240.65	3231.13	3240.50	4476	0	4
2025.05.15	23:00:00	3243.65	3248.20	3236.53	3237.18	6638	0	4
2025.05.16	00:00:00	3237.19	3244.04	3232.19	3243.23	10826	0	4
2025.05.16	01:00:00	3243.19	3244.65	3214.95	3222.41	14089	0	4
2025.05.16	02:00:00	3222.24	3227.57	3212.81	3215.49	11392	0	4
2025.05.16	03:00:00	3215.52	3217.45	3206.64	3212.08	11053	0	4
2025.05.16	04:00:00	3211.92	3222.49	3211.86	3219.73	7694	0	4
2025.05.16	05:00:00	3219.72	3222.26	3212.03	3218.73	9917	0	4
2025.05.16	06:00:00	3218.72	3231.33	3213.00	3214.87	11425	0	4
2025.05.16	07:00:00	3214.89	3218.09	3205.44	3207.75	10470	0	4
2025.05.16	08:00:00	3207.76	3209.28	3195.64	3207.52	10257	0	4
2025.05.16	09:00:00	3207.40	3213.01	3203.79	3209.22	8657	0	4
2025.05.16	10:00:00	3209.34	3211.20	3168.91	3175.62	12501	0	4
2025.05.16	11:00:00	3175.76	3179.26	3154.32	3163.26	12640	0	4
2025.05.16	12:00:00	3163.30	3182.14	3154.79	3177.48	15267	0	4
2025.05.16	13:00:00	3177.52	3186.66	3169.55	3180.56	17763	0	4
2025.05.16	14:00:00	3180.54	3188.48	3166.06	3173.34	16439	0	4
2025.05.16	15:00:00	3173.35	3185.15	3172.77	3183.53	11056	0	4
2025.05.16	16:00:00	3183.54	3189.84	3180.55	3189.44	9388	0	4
2025.05.16	17:00:00	3189.45	3192.23	3183.53	3189.49	8305	0	4
2025.05.16	18:00:00	3189.48	3191.21	3184.84	3187.51	5740	0	4
2025.05.16	19:00:00	3187.55	3195.82	3187.45	3192.66	5858	0	4
2025.05.16	20:00:00	3192.64	3203.01	3192.23	3202.39	5542	0	4
2025.05.18	23:00:00	3240.60	3245.20	3226.67	3234.94	7407	0	4
2025.05.19	00:00:00	3234.92	3249.83	3233.53	3246.54	10581	0	4
2025.05.19	01:00:00	3246.46	3246.67	3214.68	3218.51	15300	0	4
2025.05.19	02:00:00	3218.44	3230.08	3217.19	3228.63	11594	0	4
2025.05.19	03:00:00	3228.68	3230.53	3208.25	3212.20	10227	0	4
2025.05.19	04:00:00	3212.19	3218.28	3206.76	3215.90	7249	0	4
2025.05.19	05:00:00	3215.93	3224.47	3214.99	3224.10	8725	0	4
2025.05.19	06:00:00	3224.22	3231.72	3220.24	3224.16	10834	0	4
2025.05.19	07:00:00	3224.20	3234.63	3224.15	3232.53	11241	0	4
2025.05.19	08:00:00	3232.48	3244.92	3230.07	3244.54	8943	0	4
2025.05.19	09:00:00	3244.68	3247.68	3233.65	3242.05	9677	0	4
2025.05.19	10:00:00	3242.07	3245.28	3234.21	3241.82	8072	0	4
2025.05.19	11:00:00	3241.69	3248.55	3239.13	3243.84	8275	0	4
2025.05.19	12:00:00	3243.83	3244.47	3228.91	3229.31	12651	0	4
2025.05.19	13:00:00	3229.24	3241.70	3224.69	3229.96	17954	0	4
2025.05.19	14:00:00	3230.06	3236.10	3217.26	3234.00	15686	0	4
2025.05.19	15:00:00	3234.01	3239.84	3229.71	3231.73	11306	0	4
2025.05.19	16:00:00	3231.66	3234.21	3228.19	3231.85	8854	0	4
2025.05.19	17:00:00	3231.86	3233.27	3225.61	3226.41	8244	0	4
2025.05.19	18:00:00	3226.36	3235.18	3225.32	3233.60	5263	0	4
2025.05.19	19:00:00	3233.61	3235.90	3231.61	3233.04	4966	0	4
2025.05.19	20:00:00	3233.10	3233.79	3228.05	3230.32	2617	0	4
2025.05.19	23:00:00	3226.12	3226.48	3219.03	3222.55	4340	0	4
2025.05.20	00:00:00	3222.56	3224.14	3214.18	3222.88	8650	0	4
2025.05.20	01:00:00	3222.91	3232.76	3220.70	3221.16	11697	0	4
2025.05.20	02:00:00	3221.17	3223.06	3206.33	3206.55	10836	0	4
2025.05.20	03:00:00	3206.57	3214.19	3204.63	3211.45	8081	0	4
2025.05.20	04:00:00	3211.40	3218.08	3211.33	3217.29	6756	0	4
2025.05.20	05:00:00	3217.32	3219.80	3209.97	3213.87	9562	0	4
2025.05.20	06:00:00	3213.90	3219.22	3208.68	3209.79	10037	0	4
2025.05.20	07:00:00	3209.78	3225.49	3208.03	3222.94	11461	0	4
2025.05.20	08:00:00	3222.93	3236.02	3218.36	3235.90	10097	0	4
2025.05.20	09:00:00	3235.92	3239.39	3230.56	3236.48	11429	0	4
2025.05.20	10:00:00	3236.45	3238.41	3231.97	3235.30	7276	0	4
2025.05.20	11:00:00	3235.31	3241.63	3235.21	3241.23	8115	0	4
2025.05.20	12:00:00	3241.24	3250.51	3234.52	3242.84	13340	0	4
2025.05.20	13:00:00	3242.65	3261.80	3232.97	3261.24	19071	0	4
2025.05.20	14:00:00	3261.41	3285.83	3260.73	3282.49	22051	0	4
2025.05.20	15:00:00	3282.57	3283.57	3273.48	3277.33	14170	0	4
2025.05.20	16:00:00	3277.31	3282.62	3275.29	3278.92	8843	0	4
2025.05.20	17:00:00	3278.91	3287.95	3278.38	3286.49	9443	0	4
2025.05.20	18:00:00	3286.55	3289.69	3284.21	3287.76	8460	0	4
2025.05.20	19:00:00	3287.67	3295.22	3287.30	3294.11	7455	0	4
2025.05.20	20:00:00	3294.15	3295.75	3289.27	3290.21	4461	0	4
2025.05.20	23:00:00	3291.03	3293.50	3288.67	3290.68	4651	0	4
2025.05.21	00:00:00	3290.69	3304.21	3288.97	3303.41	8866	0	4
2025.05.21	01:00:00	3303.42	3314.68	3285.46	3294.58	15809	0	4
2025.05.21	02:00:00	3294.59	3305.13	3289.48	3301.76	12314	0	4
2025.05.21	03:00:00	3301.77	3309.89	3299.27	3307.69	8381	0	4
2025.05.21	04:00:00	3307.65	3308.29	3301.30	3302.19	7591	0	4
2025.05.21	05:00:00	3302.09	3319.74	3298.61	3316.49	10915	0	4
2025.05.21	06:00:00	3316.37	3320.65	3310.76	3320.09	12290	0	4
2025.05.21	07:00:00	3320.08	3320.09	3307.92	3309.91	10751	0	4
2025.05.21	08:00:00	3309.89	3312.23	3304.04	3308.45	10674	0	4
2025.05.21	09:00:00	3308.60	3313.59	3307.10	3313.54	9743	0	4
2025.05.21	10:00:00	3313.52	3318.32	3308.66	3311.91	10329	0	4
2025.05.21	11:00:00	3312.01	3316.48	3306.57	3311.23	10587	0	4
2025.05.21	12:00:00	3311.31	3312.72	3290.81	3302.66	17514	0	4
2025.05.21	13:00:00	3302.71	3309.53	3295.45	3303.70	18608	0	4
2025.05.21	14:00:00	3303.34	3307.70	3295.38	3304.39	16344	0	4
2025.05.21	15:00:00	3304.42	3315.26	3303.60	3311.99	12868	0	4
2025.05.21	16:00:00	3312.04	3314.71	3302.81	3303.12	9434	0	4
2025.05.21	17:00:00	3303.21	3316.31	3302.89	3316.28	12953	0	4
2025.05.21	18:00:00	3316.29	3316.36	3311.90	3314.42	8044	0	4
2025.05.21	19:00:00	3314.41	3324.88	3314.41	3318.44	9151	0	4
2025.05.21	20:00:00	3318.43	3319.89	3313.24	3315.72	4448	0	4
2025.05.21	23:00:00	3319.03	3324.24	3317.39	3320.15	4395	0	4
2025.05.22	00:00:00	3320.12	3326.23	3319.52	3323.84	8342	0	4
2025.05.22	01:00:00	3323.85	3343.04	3320.51	3338.20	15364	0	4
2025.05.22	02:00:00	3338.21	3344.81	3336.61	3341.17	11177	0	4
2025.05.22	03:00:00	3341.16	3345.46	3334.93	3335.40	8795	0	4
2025.05.22	04:00:00	3335.41	3339.24	3332.80	3338.59	6569	0	4
2025.05.22	05:00:00	3338.66	3339.58	3326.35	3332.41	8299	0	4
2025.05.22	06:00:00	3332.45	3335.62	3325.61	3326.48	11439	0	4
2025.05.22	07:00:00	3326.47	3331.18	3322.63	3327.66	12814	0	4
2025.05.22	08:00:00	3327.64	3329.94	3310.26	3311.24	15307	0	4
2025.05.22	09:00:00	3311.10	3313.99	3304.14	3304.73	12521	0	4
2025.05.22	10:00:00	3304.72	3307.49	3288.48	3289.63	14619	0	4
2025.05.22	11:00:00	3289.62	3314.85	3283.14	3314.67	15734	0	4
2025.05.22	12:00:00	3314.59	3314.66	3300.92	3304.22	17854	0	4
2025.05.22	13:00:00	3304.32	3315.79	3286.91	3287.62	20686	0	4
2025.05.22	14:00:00	3287.61	3304.56	3279.38	3296.96	20300	0	4
2025.05.22	15:00:00	3297.02	3298.82	3281.57	3294.79	16837	0	4
2025.05.22	16:00:00	3294.90	3304.94	3291.17	3301.61	10852	0	4
2025.05.22	17:00:00	3301.54	3301.81	3290.33	3296.65	10487	0	4
2025.05.22	18:00:00	3296.79	3298.90	3292.53	3293.92	7536	0	4
2025.05.22	19:00:00	3293.96	3297.21	3289.12	3290.26	6982	0	4
2025.05.22	20:00:00	3290.37	3295.68	3289.72	3294.70	3505	0	4
2025.05.22	23:00:00	3299.61	3302.15	3297.41	3300.14	3141	0	4
2025.05.23	00:00:00	3300.16	3308.86	3287.14	3300.98	11247	0	4
2025.05.23	01:00:00	3301.18	3306.49	3295.94	3305.14	12892	0	4
2025.05.23	02:00:00	3305.20	3305.34	3291.00	3296.90	9867	0	4
2025.05.23	03:00:00	3296.87	3303.42	3296.54	3302.13	7182	0	4
2025.05.23	04:00:00	3302.11	3316.29	3302.01	3313.67	6941	0	4
2025.05.23	05:00:00	3313.68	3325.71	3312.56	3323.93	10244	0	4
2025.05.23	06:00:00	3323.90	3332.06	3323.14	3331.16	11797	0	4
2025.05.23	07:00:00	3331.13	3334.44	3326.78	3329.30	9719	0	4
2025.05.23	08:00:00	3329.28	3329.45	3322.69	3326.48	9052	0	4
2025.05.23	09:00:00	3326.43	3334.08	3324.98	3328.84	9059	0	4
2025.05.23	10:00:00	3328.81	3331.96	3323.52	3328.66	8089	0	4
2025.05.23	11:00:00	3328.64	3349.87	3324.59	3348.09	16048	0	4
2025.05.23	12:00:00	3348.14	3360.51	3344.94	3357.20	21634	0	4
2025.05.23	13:00:00	3357.02	3364.66	3337.34	3340.06	22161	0	4
2025.05.23	14:00:00	3340.05	3359.72	3336.74	3359.32	19372	0	4
2025.05.23	15:00:00	3359.31	3362.36	3352.16	3361.65	14119	0	4
2025.05.23	16:00:00	3361.91	3364.53	3357.20	3359.06	10049	0	4
2025.05.23	17:00:00	3359.03	3365.93	3356.52	3362.74	8320	0	4
2025.05.23	18:00:00	3362.73	3365.94	3361.16	3362.07	6621	0	4
2025.05.23	19:00:00	3362.06	3365.84	3358.36	3360.82	7136	0	4
2025.05.23	20:00:00	3360.80	3361.76	3356.28	3356.33	3627	0	4
2025.05.25	23:00:00	3349.90	3350.73	3341.44	3342.68	3878	0	4
2025.05.26	00:00:00	3342.67	3346.33	3331.57	3342.09	8415	0	4
2025.05.26	01:00:00	3341.90	3347.73	3335.64	3345.03	11622	0	4
2025.05.26	02:00:00	3345.11	3356.79	3343.31	3348.16	9459	0	4
2025.05.26	03:00:00	3348.15	3350.08	3344.33	3347.68	7090	0	4
2025.05.26	04:00:00	3347.67	3351.13	3346.42	3350.03	4977	0	4
2025.05.26	05:00:00	3350.04	3351.88	3344.40	3347.36	6378	0	4
2025.05.26	06:00:00	3347.35	3347.57	3337.19	3337.34	7958	0	4
2025.05.26	07:00:00	3337.30	3338.82	3332.13	3337.36	8825	0	4
2025.05.26	08:00:00	3337.42	3339.75	3331.15	3334.60	8510	0	4
2025.05.26	09:00:00	3334.68	3336.23	3323.43	3328.57	8065	0	4
2025.05.26	10:00:00	3328.58	3333.76	3328.58	3331.57	4712	0	4
2025.05.26	11:00:00	3331.58	3334.56	3329.20	3333.22	3927	0	4
2025.05.26	12:00:00	3333.10	3335.11	3326.39	3334.42	7024	0	4
2025.05.26	13:00:00	3334.63	3339.03	3331.52	3338.52	8040	0	4
2025.05.26	14:00:00	3338.53	3341.69	3335.67	3337.30	8810	0	4
2025.05.26	15:00:00	3337.33	3339.74	3336.95	3337.97	4605	0	4
2025.05.26	16:00:00	3338.09	3343.78	3337.65	3342.12	2903	0	4
2025.05.26	17:00:00	3342.39	3343.21	3340.47	3341.41	1901	0	4
2025.05.26	18:00:00	3341.27	3343.25	3341.13	3341.93	1050	0	4
2025.05.26	23:00:00	3347.28	3348.47	3344.62	3346.22	2585	0	4
2025.05.27	00:00:00	3346.25	3350.03	3342.50	3345.17	6251	0	4
2025.05.27	01:00:00	3345.20	3347.41	3331.91	3335.93	9522	0	4
2025.05.27	02:00:00	3335.97	3344.50	3335.14	3343.01	7183	0	4
2025.05.27	03:00:00	3342.98	3347.31	3340.89	3341.18	5472	0	4
2025.05.27	04:00:00	3341.32	3341.50	3330.69	3330.88	5978	0	4
2025.05.27	05:00:00	3330.93	3332.73	3316.09	3323.54	11900	0	4
2025.05.27	06:00:00	3323.53	3328.43	3305.15	3308.67	13584	0	4
2025.05.27	07:00:00	3308.77	3312.68	3292.73	3296.41	15342	0	4
2025.05.27	08:00:00	3296.38	3310.46	3296.17	3298.69	13877	0	4
2025.05.27	09:00:00	3298.65	3309.76	3294.74	3296.53	12804	0	4
2025.05.27	10:00:00	3296.52	3299.58	3290.86	3293.31	11727	0	4
2025.05.27	11:00:00	3293.43	3298.24	3287.84	3288.36	11440	0	4
2025.05.27	12:00:00	3288.32	3297.95	3288.12	3293.72	13775	0	4
2025.05.27	13:00:00	3293.71	3304.93	3292.36	3295.28	17517	0	4
2025.05.27	14:00:00	3295.14	3303.35	3285.38	3299.86	15906	0	4
2025.05.27	15:00:00	3299.78	3303.10	3289.72	3293.66	11827	0	4
2025.05.27	16:00:00	3293.57	3298.70	3293.18	3297.83	8096	0	4
2025.05.27	17:00:00	3297.86	3304.37	3296.95	3301.31	7222	0	4
2025.05.27	18:00:00	3301.32	3304.05	3299.12	3303.15	4982	0	4
2025.05.27	19:00:00	3303.10	3308.04	3302.98	3304.42	5998	0	4
2025.05.27	20:00:00	3304.46	3305.10	3299.71	3300.23	2605	0	4
2025.05.27	23:00:00	3305.56	3310.97	3297.38	3309.47	4307	0	4
2025.05.28	00:00:00	3309.54	3315.79	3308.29	3308.63	5122	0	4
2025.05.28	01:00:00	3308.52	3310.85	3298.58	3301.89	8615	0	4
2025.05.28	02:00:00	3301.88	3313.55	3300.42	3302.44	8856	0	4
2025.05.28	03:00:00	3302.46	3304.12	3291.74	3297.94	8555	0	4
2025.05.28	04:00:00	3297.92	3298.96	3294.48	3296.52	4662	0	4
2025.05.28	05:00:00	3296.50	3310.29	3296.12	3307.29	7747	0	4
2025.05.28	06:00:00	3307.28	3308.75	3298.59	3308.36	8840	0	4
2025.05.28	07:00:00	3308.31	3322.42	3307.25	3319.32	11619	0	4
2025.05.28	08:00:00	3319.37	3323.86	3315.29	3321.61	9531	0	4
2025.05.28	09:00:00	3321.62	3325.49	3320.15	3324.09	7171	0	4
2025.05.28	10:00:00	3324.15	3324.70	3311.87	3313.39	7792	0	4
2025.05.28	11:00:00	3313.52	3315.17	3307.51	3311.17	8379	0	4
2025.05.28	12:00:00	3311.15	3314.55	3305.41	3312.33	10036	0	4
2025.05.28	13:00:00	3312.39	3316.47	3297.54	3305.25	16259	0	4
2025.05.28	14:00:00	3305.28	3309.12	3300.48	3302.65	14582	0	4
2025.05.28	15:00:00	3302.66	3302.76	3292.63	3296.16	11383	0	4
2025.05.28	16:00:00	3296.23	3299.31	3288.69	3293.46	8451	0	4
2025.05.28	17:00:00	3293.53	3299.13	3291.42	3296.56	6517	0	4
2025.05.28	18:00:00	3296.54	3303.04	3296.46	3302.28	7742	0	4
2025.05.28	19:00:00	3302.16	3303.17	3293.92	3297.00	8740	0	4
2025.05.28	20:00:00	3297.01	3297.38	3276.61	3286.71	4667	0	4
2025.05.28	23:00:00	3282.37	3282.89	3250.14	3259.87	13821	0	4
2025.05.29	00:00:00	3259.90	3269.06	3253.91	3265.07	14968	0	4
2025.05.29	01:00:00	3265.08	3265.91	3245.51	3263.56	15345	0	4
2025.05.29	02:00:00	3263.64	3275.50	3261.09	3270.06	11326	0	4
2025.05.29	03:00:00	3269.95	3280.18	3268.12	3274.75	9364	0	4
2025.05.29	04:00:00	3274.68	3275.43	3269.09	3269.09	6466	0	4
2025.05.29	05:00:00	3269.17	3272.69	3266.04	3272.53	8077	0	4
2025.05.29	06:00:00	3272.63	3276.48	3268.05	3271.78	9149	0	4
2025.05.29	07:00:00	3271.83	3287.50	3271.82	3286.66	9614	0	4
2025.05.29	08:00:00	3286.67	3289.38	3278.30	3281.73	7787	0	4
2025.05.29	09:00:00	3281.72	3283.34	3276.29	3282.11	7248	0	4
2025.05.29	10:00:00	3282.16	3300.86	3282.03	3296.68	11245	0	4
2025.05.29	11:00:00	3296.72	3305.63	3295.46	3299.78	10592	0	4
2025.05.29	12:00:00	3299.79	3317.53	3298.54	3316.43	16925	0	4
2025.05.29	13:00:00	3316.44	3322.11	3310.39	3312.74	19386	0	4
2025.05.29	14:00:00	3312.69	3319.41	3304.84	3310.40	16724	0	4
2025.05.29	15:00:00	3310.39	3322.08	3309.90	3321.58	11612	0	4
2025.05.29	16:00:00	3321.75	3331.06	3319.81	3322.38	10161	0	4
2025.05.29	17:00:00	3322.37	3324.49	3318.23	3324.21	8112	0	4
2025.05.29	18:00:00	3324.22	3325.75	3317.65	3321.35	7340	0	4
2025.05.29	19:00:00	3321.33	3321.55	3315.59	3316.69	6763	0	4
2025.05.29	20:00:00	3316.67	3318.37	3315.35	3317.55	2114	0	4
2025.05.29	23:00:00	3314.71	3317.32	3313.01	3315.60	3569	0	4
2025.05.30	00:00:00	3315.62	3318.90	3309.64	3312.61	6858	0	4
2025.05.30	01:00:00	3312.59	3322.71	3308.15	3310.01	11062	0	4
2025.05.30	02:00:00	3309.89	3312.27	3295.01	3297.22	10859	0	4
2025.05.30	03:00:00	3297.35	3302.44	3291.36	3294.56	7572	0	4
2025.05.30	04:00:00	3294.39	3296.49	3291.58	3296.31	4949	0	4
2025.05.30	05:00:00	3296.29	3305.10	3290.32	3303.93	7771	0	4
2025.05.30	06:00:00	3303.86	3304.30	3290.51	3301.93	9797	0	4
2025.05.30	07:00:00	3301.84	3301.84	3287.34	3295.03	10952	0	4
2025.05.30	08:00:00	3294.87	3299.31	3291.65	3295.82	9976	0	4
2025.05.30	09:00:00	3295.83	3299.23	3292.63	3295.68	8055	0	4
2025.05.30	10:00:00	3295.70	3300.64	3292.62	3295.30	7295	0	4
2025.05.30	11:00:00	3295.26	3297.30	3288.74	3294.08	8947	0	4
2025.05.30	12:00:00	3294.13	3307.06	3282.99	3304.14	17789	0	4
2025.05.30	13:00:00	3304.07	3308.33	3275.35	3276.81	17661	0	4
2025.05.30	14:00:00	3276.79	3287.32	3271.67	3282.70	18901	0	4
2025.05.30	15:00:00	3282.71	3292.76	3276.11	3288.75	14709	0	4
2025.05.30	16:00:00	3288.73	3295.79	3284.04	3293.42	10977	0	4
2025.05.30	17:00:00	3293.38	3294.85	3289.87	3291.01	7901	0	4
2025.05.30	18:00:00	3291.20	3295.07	3291.20	3293.84	5870	0	4
2025.05.30	19:00:00	3293.86	3295.19	3291.69	3294.84	6258	0	4
2025.05.30	20:00:00	3294.89	3295.83	3288.83	3289.64	3088	0	4
2025.06.01	23:00:00	3315.06	3315.24	3309.32	3310.23	4149	0	4
2025.06.02	00:00:00	3310.18	3315.03	3303.37	3311.38	8508	0	4
2025.06.02	01:00:00	3311.43	3313.82	3301.53	3303.62	9582	0	4
2025.06.02	02:00:00	3303.57	3311.56	3303.38	3307.36	7079	0	4
2025.06.02	03:00:00	3307.35	3308.99	3303.40	3308.74	6043	0	4
2025.06.02	04:00:00	3308.73	3318.23	3308.73	3313.89	6315	0	4
2025.06.02	05:00:00	3313.90	3325.73	3313.88	3323.79	7085	0	4
2025.06.02	06:00:00	3323.78	3345.48	3323.78	3344.52	11227	0	4
2025.06.02	07:00:00	3344.54	3359.13	3343.28	3352.65	14694	0	4
2025.06.02	08:00:00	3352.64	3356.41	3350.15	3352.08	10009	0	4
2025.06.02	09:00:00	3352.12	3352.53	3344.53	3348.37	9434	0	4
2025.06.02	10:00:00	3348.41	3351.46	3344.69	3348.62	9429	0	4
2025.06.02	11:00:00	3348.60	3360.25	3346.19	3356.40	10599	0	4
2025.06.02	12:00:00	3356.33	3363.59	3354.09	3355.53	12925	0	4
2025.06.02	13:00:00	3355.52	3376.24	3350.37	3370.89	18210	0	4
2025.06.02	14:00:00	3370.83	3378.88	3367.75	3376.13	20654	0	4
2025.06.02	15:00:00	3376.14	3378.81	3369.89	3374.38	12922	0	4
2025.06.02	16:00:00	3374.40	3379.30	3369.38	3371.90	10298	0	4
2025.06.02	17:00:00	3371.87	3375.98	3371.40	3374.38	9189	0	4
2025.06.02	18:00:00	3374.39	3380.09	3370.86	3379.26	7553	0	4
2025.06.02	19:00:00	3379.20	3382.34	3377.93	3381.54	7789	0	4
2025.06.02	20:00:00	3381.57	3382.93	3378.43	3381.81	3583	0	4
2025.06.02	23:00:00	3388.64	3392.15	3383.31	3387.47	4269	0	4
2025.06.03	00:00:00	3387.46	3388.73	3373.93	3375.90	9084	0	4
2025.06.03	01:00:00	3375.89	3376.05	3363.30	3372.75	14972	0	4
2025.06.03	02:00:00	3372.71	3378.09	3364.48	3368.89	11084	0	4
2025.06.03	03:00:00	3368.83	3369.66	3359.89	3361.23	8552	0	4
2025.06.03	04:00:00	3361.25	3365.20	3359.31	3362.75	6123	0	4
2025.06.03	05:00:00	3362.79	3367.87	3356.44	3365.08	8432	0	4
2025.06.03	06:00:00	3365.15	3367.34	3351.18	3358.90	10539	0	4
2025.06.03	07:00:00	3358.88	3361.34	3352.57	3359.70	11711	0	4
2025.06.03	08:00:00	3359.78	3364.85	3359.78	3361.22	9159	0	4
2025.06.03	09:00:00	3361.23	3362.68	3355.05	3356.92	8222	0	4
2025.06.03	10:00:00	3356.91	3358.64	3355.05	3355.53	7415	0	4
2025.06.03	11:00:00	3355.54	3360.48	3353.44	3359.35	7665	0	4
2025.06.03	12:00:00	3359.37	3363.08	3349.05	3359.44	13615	0	4
2025.06.03	13:00:00	3359.53	3363.15	3341.00	3345.68	17141	0	4
2025.06.03	14:00:00	3345.88	3350.17	3333.23	3346.47	18695	0	4
2025.06.03	15:00:00	3346.45	3351.63	3344.15	3350.28	11772	0	4
2025.06.03	16:00:00	3350.32	3353.62	3344.68	3348.44	8402	0	4
2025.06.03	17:00:00	3348.43	3354.66	3347.41	3353.35	7029	0	4
2025.06.03	18:00:00	3353.22	3353.84	3350.54	3353.62	5013	0	4
2025.06.03	19:00:00	3353.63	3355.57	3351.35	3352.71	5306	0	4
2025.06.03	20:00:00	3352.72	3355.44	3352.63	3353.36	2419	0	4
2025.06.03	23:00:00	3357.77	3361.69	3355.40	3360.00	3493	0	4
2025.06.04	00:00:00	3360.08	3360.21	3349.93	3350.27	9102	0	4
2025.06.04	01:00:00	3350.26	3372.38	3346.49	3370.71	12405	0	4
2025.06.04	02:00:00	3370.69	3372.63	3363.02	3365.56	7974	0	4
2025.06.04	03:00:00	3365.54	3367.54	3358.40	3359.20	6862	0	4
2025.06.04	04:00:00	3359.21	3361.52	3352.45	3354.84	6875	0	4
2025.06.04	05:00:00	3354.85	3356.46	3348.06	3351.10	9016	0	4
2025.06.04	06:00:00	3351.13	3358.48	3349.09	3355.68	9688	0	4
2025.06.04	07:00:00	3355.73	3365.18	3353.69	3354.72	10231	0	4
2025.06.04	08:00:00	3354.58	3364.27	3351.83	3362.89	9502	0	4
2025.06.04	09:00:00	3362.88	3365.03	3359.49	3363.08	8256	0	4
2025.06.04	10:00:00	3363.06	3363.96	3347.37	3350.85	9401	0	4
2025.06.04	11:00:00	3350.84	3351.93	3343.84	3346.60	9593	0	4
2025.06.04	12:00:00	3346.66	3360.87	3344.44	3358.90	16527	0	4
2025.06.04	13:00:00	3358.89	3362.78	3350.91	3352.91	15438	0	4
2025.06.04	14:00:00	3352.98	3384.68	3351.18	3377.50	19573	0	4
2025.06.04	15:00:00	3377.49	3378.98	3369.73	3371.74	12758	0	4
2025.06.04	16:00:00	3371.75	3376.27	3370.91	3375.09	7727	0	4
2025.06.04	17:00:00	3374.94	3380.91	3373.06	3379.18	7074	0	4
2025.06.04	18:00:00	3379.19	3382.18	3375.04	3376.16	5506	0	4
2025.06.04	19:00:00	3376.13	3376.33	3371.96	3373.58	5378	0	4
2025.06.04	20:00:00	3373.57	3375.01	3370.74	3373.67	2564	0	4
2025.06.04	23:00:00	3373.49	3379.14	3372.53	3378.16	3360	0	4
2025.06.05	00:00:00	3378.18	3381.77	3372.47	3380.36	8246	0	4
2025.06.05	01:00:00	3380.27	3384.19	3370.72	3373.89	11498	0	4
2025.06.05	02:00:00	3373.88	3375.19	3368.25	3370.90	7532	0	4
2025.06.05	03:00:00	3370.95	3377.47	3369.37	3369.78	6316	0	4
2025.06.05	04:00:00	3369.74	3372.52	3364.03	3368.53	6881	0	4
2025.06.05	05:00:00	3368.56	3369.80	3361.25	3364.38	8027	0	4
2025.06.05	06:00:00	3364.33	3370.03	3363.82	3366.09	7891	0	4
2025.06.05	07:00:00	3366.17	3374.50	3365.46	3371.29	8704	0	4
2025.06.05	08:00:00	3371.32	3376.99	3369.83	3375.30	7701	0	4
2025.06.05	09:00:00	3375.24	3391.38	3374.14	3389.65	14206	0	4
2025.06.05	10:00:00	3389.63	3400.45	3388.29	3400.00	12225	0	4
2025.06.05	11:00:00	3400.03	3403.51	3391.78	3392.29	12509	0	4
2025.06.05	12:00:00	3392.52	3400.14	3377.83	3383.06	17121	0	4
2025.06.05	13:00:00	3383.08	3388.51	3371.43	3378.27	24644	0	4
2025.06.05	14:00:00	3378.28	3383.26	3363.93	3367.72	23046	0	4
2025.06.05	15:00:00	3367.75	3373.00	3339.60	3344.81	21685	0	4
2025.06.05	16:00:00	3344.82	3356.46	3340.01	3354.13	15639	0	4
2025.06.05	17:00:00	3354.12	3354.82	3349.05	3354.00	10137	0	4
2025.06.05	18:00:00	3354.02	3356.04	3350.53	3353.62	7911	0	4
2025.06.05	19:00:00	3353.59	3361.43	3353.03	3357.39	10285	0	4
2025.06.05	20:00:00	3357.21	3357.79	3352.07	3352.71	3511	0	4
2025.06.05	23:00:00	3359.35	3362.65	3357.33	3361.92	3595	0	4
2025.06.06	00:00:00	3361.91	3364.09	3357.43	3359.43	6596	0	4
2025.06.06	01:00:00	3359.44	3368.62	3356.22	3363.89	11107	0	4
2025.06.06	02:00:00	3363.88	3366.57	3362.10	3364.00	8170	0	4
2025.06.06	03:00:00	3363.98	3371.86	3359.44	3369.70	7621	0	4
2025.06.06	04:00:00	3369.72	3374.53	3369.13	3373.73	6578	0	4
2025.06.06	05:00:00	3373.74	3375.65	3362.28	3366.18	9291	0	4
2025.06.06	06:00:00	3366.11	3367.06	3356.17	3360.84	12004	0	4
2025.06.06	07:00:00	3360.86	3362.43	3352.85	3359.50	10832	0	4
2025.06.06	08:00:00	3359.71	3367.83	3358.49	3365.43	9428	0	4
2025.06.06	09:00:00	3365.45	3365.48	3352.95	3356.75	8961	0	4
2025.06.06	10:00:00	3356.77	3360.93	3355.95	3360.61	6864	0	4
2025.06.06	11:00:00	3360.65	3364.30	3358.28	3358.45	8567	0	4
2025.06.06	12:00:00	3358.49	3364.17	3343.74	3353.38	18880	0	4
2025.06.06	13:00:00	3353.40	3361.03	3342.70	3343.26	24188	0	4
2025.06.06	14:00:00	3343.28	3344.99	3316.64	3326.02	24464	0	4
2025.06.06	15:00:00	3326.14	3336.80	3323.44	3332.26	16246	0	4
2025.06.06	16:00:00	3332.14	3332.75	3320.96	3322.78	11475	0	4
2025.06.06	17:00:00	3322.85	3326.87	3321.41	3323.64	8475	0	4
2025.06.06	18:00:00	3323.67	3324.02	3313.76	3317.52	7568	0	4
2025.06.06	19:00:00	3317.55	3318.95	3311.40	3312.42	7611	0	4
2025.06.06	20:00:00	3312.43	3312.91	3307.15	3311.60	4039	0	4
2025.06.08	23:00:00	3317.34	3318.57	3313.48	3318.08	3896	0	4
2025.06.09	00:00:00	3316.70	3317.26	3298.41	3305.52	10360	0	4
2025.06.09	01:00:00	3305.74	3309.45	3295.14	3295.99	12410	0	4
2025.06.09	02:00:00	3296.09	3307.54	3293.70	3305.56	10060	0	4
2025.06.09	03:00:00	3305.55	3312.02	3304.28	3310.85	7989	0	4
2025.06.09	04:00:00	3310.79	3313.55	3309.33	3311.82	5572	0	4
2025.06.09	05:00:00	3311.81	3316.62	3309.68	3314.76	8253	0	4
2025.06.09	06:00:00	3314.89	3324.96	3312.56	3324.41	9260	0	4
2025.06.09	07:00:00	3324.32	3328.56	3321.64	3324.19	9598	0	4
2025.06.09	08:00:00	3324.21	3325.73	3319.84	3319.91	8813	0	4
2025.06.09	09:00:00	3319.89	3323.53	3316.90	3318.75	8188	0	4
2025.06.09	10:00:00	3318.76	3319.75	3312.29	3314.80	6664	0	4
2025.06.09	11:00:00	3314.78	3321.37	3313.74	3317.49	8479	0	4
2025.06.09	12:00:00	3317.53	3322.52	3313.11	3320.08	10898	0	4
2025.06.09	13:00:00	3320.10	3321.70	3310.78	3319.33	16966	0	4
2025.06.09	14:00:00	3319.31	3326.86	3316.18	3320.90	15079	0	4
2025.06.09	15:00:00	3320.89	3332.12	3320.49	3328.71	10550	0	4
2025.06.09	16:00:00	3328.74	3337.87	3327.57	3337.70	8953	0	4
2025.06.09	17:00:00	3337.78	3338.16	3333.03	3333.60	6115	0	4
2025.06.09	18:00:00	3333.58	3337.04	3332.81	3333.20	5642	0	4
2025.06.09	19:00:00	3333.17	3335.44	3325.94	3327.21	6142	0	4
2025.06.09	20:00:00	3327.24	3329.59	3325.00	3325.75	2964	0	4
2025.06.09	23:00:00	3324.80	3327.96	3324.27	3326.83	2681	0	4
2025.06.10	00:00:00	3326.88	3326.88	3314.59	3316.65	9963	0	4
2025.06.10	01:00:00	3316.79	3320.03	3302.94	3306.27	14302	0	4
2025.06.10	02:00:00	3306.19	3310.25	3302.04	3309.30	10689	0	4
2025.06.10	03:00:00	3309.29	3310.53	3305.15	3307.62	7624	0	4
2025.06.10	04:00:00	3307.65	3308.79	3302.94	3307.35	6138	0	4
2025.06.10	05:00:00	3307.36	3319.26	3306.92	3317.57	11627	0	4
2025.06.10	06:00:00	3317.80	3331.32	3315.61	3325.52	12113	0	4
2025.06.10	07:00:00	3325.64	3332.19	3324.11	3330.12	10994	0	4
2025.06.10	08:00:00	3330.22	3334.91	3326.24	3329.42	9115	0	4
2025.06.10	09:00:00	3329.35	3331.88	3327.18	3329.79	6789	0	4
2025.06.10	10:00:00	3329.81	3336.28	3328.54	3335.45	7209	0	4
2025.06.10	11:00:00	3335.43	3342.62	3332.38	3333.82	9114	0	4
2025.06.10	12:00:00	3333.76	3340.29	3328.43	3337.29	12710	0	4
2025.06.10	13:00:00	3337.28	3349.14	3335.70	3343.63	16571	0	4
2025.06.10	14:00:00	3343.65	3343.75	3325.58	3328.58	16691	0	4
2025.06.10	15:00:00	3328.60	3329.38	3323.30	3326.75	12961	0	4
2025.06.10	16:00:00	3326.72	3327.73	3320.12	3321.35	8853	0	4
2025.06.10	17:00:00	3321.39	3325.83	3320.44	3324.79	6668	0	4
2025.06.10	18:00:00	3324.75	3325.31	3319.45	3321.59	5554	0	4
2025.06.10	19:00:00	3321.58	3334.54	3321.45	3328.67	6827	0	4
2025.06.10	20:00:00	3328.66	3328.85	3322.56	3322.70	3758	0	4
2025.06.10	23:00:00	3324.08	3328.17	3315.66	3327.97	6018	0	4
2025.06.11	00:00:00	3328.03	3335.24	3325.16	3332.41	8536	0	4
2025.06.11	01:00:00	3332.42	3337.43	3327.60	3328.58	9868	0	4
2025.06.11	02:00:00	3328.57	3339.68	3327.18	3338.31	8532	0	4
2025.06.11	03:00:00	3338.32	3341.69	3336.47	3339.50	6598	0	4
2025.06.11	04:00:00	3339.51	3342.96	3337.03	3341.84	6914	0	4
2025.06.11	05:00:00	3341.83	3343.20	3335.55	3339.68	8136	0	4
2025.06.11	06:00:00	3339.71	3340.17	3332.57	3337.20	9453	0	4
2025.06.11	07:00:00	3337.25	3348.55	3335.23	3345.75	9785	0	4
2025.06.11	08:00:00	3345.34	3346.75	3342.57	3344.58	7913	0	4
2025.06.11	09:00:00	3344.57	3344.67	3331.36	3333.80	10879	0	4
2025.06.11	10:00:00	3334.00	3336.84	3328.54	3329.92	8642	0	4
2025.06.11	11:00:00	3329.93	3335.35	3326.24	3333.17	9186	0	4
2025.06.11	12:00:00	3333.25	3360.76	3327.34	3336.89	19491	0	4
2025.06.11	13:00:00	3336.95	3344.53	3328.10	3329.98	19965	0	4
2025.06.11	14:00:00	3329.86	3341.33	3328.72	3337.59	16359	0	4
2025.06.11	15:00:00	3337.60	3342.91	3329.72	3333.24	13035	0	4
2025.06.11	16:00:00	3333.28	3334.50	3328.21	3330.33	9407	0	4
2025.06.11	17:00:00	3330.35	3331.43	3319.59	3324.31	10631	0	4
2025.06.11	18:00:00	3324.39	3347.33	3323.85	3343.89	13841	0	4
2025.06.11	19:00:00	3343.95	3349.32	3342.41	3346.87	8611	0	4
2025.06.11	20:00:00	3346.91	3355.65	3346.65	3355.63	4118	0	4
2025.06.11	23:00:00	3372.33	3373.00	3357.63	3365.50	6735	0	4
2025.06.12	00:00:00	3365.67	3371.27	3362.28	3365.86	11023	0	4
2025.06.12	01:00:00	3365.85	3376.88	3362.58	3371.07	14467	0	4
2025.06.12	02:00:00	3371.05	3377.86	3369.01	3374.84	11393	0	4
2025.06.12	03:00:00	3374.79	3376.67	3371.68	3373.49	8927	0	4
2025.06.12	04:00:00	3373.47	3373.87	3369.46	3370.47	6390	0	4
2025.06.12	05:00:00	3370.48	3375.80	3367.87	3374.61	8347	0	4
2025.06.12	06:00:00	3374.57	3375.61	3365.36	3375.02	11106	0	4
2025.06.12	07:00:00	3375.01	3375.31	3338.70	3346.22	15205	0	4
2025.06.12	08:00:00	3346.25	3361.17	3346.25	3356.88	14317	0	4
2025.06.12	09:00:00	3356.65	3368.00	3355.46	3365.49	11160	0	4
2025.06.12	10:00:00	3365.51	3385.91	3362.57	3382.63	14326	0	4
2025.06.12	11:00:00	3382.64	3388.62	3373.20	3379.33	13105	0	4
2025.06.12	12:00:00	3379.26	3390.45	3376.47	3388.06	15037	0	4
2025.06.12	13:00:00	3388.25	3398.96	3379.33	3392.18	20442	0	4
2025.06.12	14:00:00	3392.08	3393.17	3383.11	3383.92	18301	0	4
2025.06.12	15:00:00	3383.93	3390.33	3377.97	3385.90	15910	0	4
2025.06.12	16:00:00	3385.89	3391.37	3380.98	3383.86	11387	0	4
2025.06.12	17:00:00	3383.87	3385.03	3378.18	3382.70	9320	0	4
2025.06.12	18:00:00	3382.73	3386.36	3381.98	3385.96	7192	0	4
2025.06.12	19:00:00	3385.97	3389.41	3384.82	3388.24	6534	0	4
2025.06.12	20:00:00	3388.19	3388.98	3384.91	3385.98	2792	0	4
2025.06.12	23:00:00	3383.42	3396.23	3382.65	3395.86	4313	0	4
2025.06.13	00:00:00	3395.78	3419.97	3391.85	3416.15	21742	0	4
2025.06.13	01:00:00	3416.19	3433.38	3413.96	3427.72	18625	0	4
2025.06.13	02:00:00	3427.67	3444.17	3424.85	3441.49	15150	0	4
2025.06.13	03:00:00	3441.45	3444.49	3423.93	3425.63	13728	0	4
2025.06.13	04:00:00	3425.61	3430.42	3422.84	3425.34	8710	0	4
2025.06.13	05:00:00	3425.37	3428.84	3418.03	3426.23	11121	0	4
2025.06.13	06:00:00	3426.25	3428.64	3408.53	3416.34	13410	0	4
2025.06.13	07:00:00	3416.35	3419.06	3408.02	3415.01	12297	0	4
2025.06.13	08:00:00	3415.00	3426.06	3414.41	3424.38	9807	0	4
2025.06.13	09:00:00	3424.39	3427.32	3420.08	3424.37	11397	0	4
2025.06.13	10:00:00	3424.36	3427.69	3411.67	3415.95	13086	0	4
2025.06.13	11:00:00	3415.97	3423.05	3412.69	3422.26	11362	0	4
2025.06.13	12:00:00	3422.32	3438.12	3421.77	3436.84	12987	0	4
2025.06.13	13:00:00	3436.74	3446.81	3434.05	3437.02	19694	0	4
2025.06.13	14:00:00	3437.25	3439.91	3423.81	3428.08	19222	0	4
2025.06.13	15:00:00	3428.03	3430.47	3421.06	3426.28	14877	0	4
2025.06.13	16:00:00	3426.31	3431.13	3419.36	3429.95	10508	0	4
2025.06.13	17:00:00	3429.94	3433.52	3427.50	3430.41	9268	0	4
2025.06.13	18:00:00	3430.42	3439.51	3428.79	3436.60	10013	0	4
2025.06.13	19:00:00	3436.59	3438.21	3431.74	3432.38	8875	0	4
2025.06.13	20:00:00	3432.39	3434.81	3429.04	3433.70	4497	0	4
2025.06.15	23:00:00	3448.85	3449.35	3439.59	3444.24	5628	0	4
2025.06.16	00:00:00	3444.22	3451.30	3434.30	3436.39	9815	0	4
2025.06.16	01:00:00	3436.45	3443.25	3433.28	3441.52	10378	0	4
2025.06.16	02:00:00	3441.54	3446.45	3438.02	3438.50	8393	0	4
2025.06.16	03:00:00	3438.49	3439.77	3429.42	3431.67	7604	0	4
2025.06.16	04:00:00	3431.66	3433.42	3426.84	3427.50	5604	0	4
2025.06.16	05:00:00	3427.49	3430.48	3417.79	3421.69	10295	0	4
2025.06.16	06:00:00	3421.68	3421.68	3413.08	3418.34	11349	0	4
2025.06.16	07:00:00	3418.32	3419.85	3409.60	3412.66	10141	0	4
2025.06.16	08:00:00	3412.65	3418.56	3409.89	3413.91	9177	0	4
2025.06.16	09:00:00	3413.95	3419.61	3411.93	3412.11	8918	0	4
2025.06.16	10:00:00	3412.29	3421.40	3410.73	3421.19	7835	0	4
2025.06.16	11:00:00	3421.18	3422.63	3410.95	3415.12	9035	0	4
2025.06.16	12:00:00	3415.18	3417.83	3411.20	3415.65	10802	0	4
2025.06.16	13:00:00	3415.60	3418.11	3383.10	3387.52	17795	0	4
2025.06.16	14:00:00	3387.58	3399.49	3387.50	3397.08	17685	0	4
2025.06.16	15:00:00	3397.07	3405.66	3397.07	3404.44	11645	0	4
2025.06.16	16:00:00	3404.45	3404.90	3397.44	3399.50	7555	0	4
2025.06.16	17:00:00	3399.47	3400.26	3391.20	3392.72	7157	0	4
2025.06.16	18:00:00	3392.71	3394.10	3384.15	3385.40	6731	0	4
2025.06.16	19:00:00	3385.36	3388.53	3382.96	3384.15	7705	0	4
2025.06.16	20:00:00	3384.14	3386.09	3383.47	3384.95	2709	0	4
2025.06.16	23:00:00	3396.04	3402.96	3393.03	3402.89	5782	0	4
2025.06.17	00:00:00	3402.94	3403.33	3391.61	3394.30	8670	0	4
2025.06.17	01:00:00	3394.28	3402.55	3393.37	3393.72	8595	0	4
2025.06.17	02:00:00	3393.73	3400.42	3388.77	3390.17	8221	0	4
2025.06.17	03:00:00	3390.14	3392.70	3374.07	3387.63	10501	0	4
2025.06.17	04:00:00	3387.62	3396.24	3387.17	3394.23	5842	0	4
2025.06.17	05:00:00	3394.22	3395.54	3390.68	3392.59	6585	0	4
2025.06.17	06:00:00	3392.53	3392.53	3381.14	3385.61	10164	0	4
2025.06.17	07:00:00	3385.60	3391.98	3383.24	3387.83	8696	0	4
2025.06.17	08:00:00	3387.80	3388.62	3377.93	3379.03	8477	0	4
2025.06.17	09:00:00	3379.04	3386.00	3375.75	3385.69	10660	0	4
2025.06.17	10:00:00	3385.74	3398.76	3385.43	3398.18	10411	0	4
2025.06.17	11:00:00	3398.19	3400.18	3388.35	3388.62	10014	0	4
2025.06.17	12:00:00	3388.55	3391.61	3383.56	3386.82	13757	0	4
2025.06.17	13:00:00	3386.83	3397.50	3385.84	3390.63	17113	0	4
2025.06.17	14:00:00	3390.70	3392.01	3366.22	3385.10	18211	0	4
2025.06.17	15:00:00	3385.01	3388.38	3372.61	3379.30	11764	0	4
2025.06.17	16:00:00	3379.31	3386.00	3376.72	3382.93	9788	0	4
2025.06.17	17:00:00	3382.96	3391.20	3381.40	3390.33	10240	0	4
2025.06.17	18:00:00	3390.35	3392.55	3382.48	3382.79	6870	0	4
2025.06.17	19:00:00	3382.91	3386.42	3382.40	3385.76	6421	0	4
2025.06.17	20:00:00	3385.75	3390.34	3383.65	3388.82	3460	0	4
2025.06.17	23:00:00	3389.21	3390.38	3385.06	3387.37	3021	0	4
2025.06.18	00:00:00	3387.35	3388.91	3383.04	3385.87	7520	0	4
2025.06.18	01:00:00	3385.89	3388.71	3378.77	3379.04	8619	0	4
2025.06.18	02:00:00	3378.97	3379.69	3370.69	3379.36	8942	0	4
2025.06.18	03:00:00	3379.28	3391.48	3379.24	3390.99	8247	0	4
2025.06.18	04:00:00	3391.03	3400.02	3389.51	3395.15	6297	0	4
2025.06.18	05:00:00	3395.28	3395.65	3384.42	3386.85	9182	0	4
2025.06.18	06:00:00	3386.71	3386.94	3379.48	3382.43	9932	0	4
2025.06.18	07:00:00	3382.50	3386.20	3377.15	3385.95	8799	0	4
2025.06.18	08:00:00	3385.97	3388.41	3382.64	3383.63	7117	0	4
2025.06.18	09:00:00	3383.59	3385.60	3375.55	3378.17	7080	0	4
2025.06.18	10:00:00	3378.18	3382.52	3375.84	3380.29	7962	0	4
2025.06.18	11:00:00	3380.30	3387.12	3379.07	3382.13	8557	0	4
2025.06.18	12:00:00	3382.08	3389.99	3381.69	3386.72	10502	0	4
2025.06.18	13:00:00	3386.76	3396.83	3385.78	3392.36	11866	0	4
2025.06.18	14:00:00	3392.30	3392.46	3373.82	3387.02	17834	0	4
2025.06.18	15:00:00	3386.98	3392.86	3381.40	3392.73	9670	0	4
2025.06.18	16:00:00	3392.72	3394.71	3389.93	3390.99	6519	0	4
2025.06.18	17:00:00	3390.96	3391.31	3384.49	3385.35	6566	0	4
2025.06.18	18:00:00	3385.34	3395.81	3378.49	3379.09	16689	0	4
2025.06.18	19:00:00	3379.08	3379.24	3362.99	3366.81	15481	0	4
2025.06.18	20:00:00	3366.80	3369.40	3362.60	3368.62	5345	0	4
2025.06.18	23:00:00	3375.64	3377.10	3370.80	3375.16	4324	0	4
2025.06.19	00:00:00	3375.14	3383.38	3374.84	3379.53	6853	0	4
2025.06.19	01:00:00	3379.52	3387.98	3374.59	3374.90	10353	0	4
2025.06.19	02:00:00	3374.89	3379.59	3374.12	3376.91	8186	0	4
2025.06.19	03:00:00	3376.93	3377.45	3369.71	3373.74	7230	0	4
2025.06.19	04:00:00	3373.75	3375.29	3372.05	3374.65	3991	0	4
2025.06.19	05:00:00	3374.62	3375.38	3360.32	3364.60	8432	0	4
2025.06.19	06:00:00	3364.62	3364.79	3347.56	3357.47	16280	0	4
2025.06.19	07:00:00	3357.51	3369.12	3350.72	3365.99	12894	0	4
2025.06.19	08:00:00	3366.00	3371.64	3362.34	3368.76	10570	0	4
2025.06.19	09:00:00	3368.74	3373.66	3363.75	3370.29	7955	0	4
2025.06.19	10:00:00	3370.32	3379.06	3369.14	3375.00	7905	0	4
2025.06.19	11:00:00	3375.02	3375.54	3370.49	3372.02	7596	0	4
2025.06.19	12:00:00	3372.03	3372.62	3363.85	3367.98	9892	0	4
2025.06.19	13:00:00	3368.09	3373.05	3361.57	3369.53	10924	0	4
2025.06.19	14:00:00	3369.51	3370.96	3361.73	3364.67	9262	0	4
2025.06.19	15:00:00	3364.65	3372.00	3362.28	3369.31	8732	0	4
2025.06.19	16:00:00	3369.26	3371.78	3366.24	3371.18	5563	0	4
2025.06.19	17:00:00	3371.17	3374.25	3371.00	3372.95	1255	0	4
2025.06.19	23:00:00	3365.35	3370.50	3364.52	3368.80	4653	0	4
2025.06.20	00:00:00	3368.81	3370.40	3364.74	3368.23	6346	0	4
2025.06.20	01:00:00	3368.27	3368.40	3356.25	3356.55	10293	0	4
2025.06.20	02:00:00	3356.56	3360.67	3351.74	3352.47	10096	0	4
2025.06.20	03:00:00	3352.53	3356.32	3344.81	3355.61	10395	0	4
2025.06.20	04:00:00	3355.60	3357.75	3352.62	3354.42	4981	0	4
2025.06.20	05:00:00	3354.43	3355.29	3342.85	3344.87	9095	0	4
2025.06.20	06:00:00	3344.83	3348.85	3340.44	3345.44	10208	0	4
2025.06.20	07:00:00	3345.41	3355.48	3343.44	3347.79	8990	0	4
2025.06.20	08:00:00	3347.80	3352.52	3346.80	3351.06	7615	0	4
2025.06.20	09:00:00	3351.07	3359.29	3349.34	3355.31	8133	0	4
2025.06.20	10:00:00	3355.32	3357.95	3354.99	3355.46	5731	0	4
2025.06.20	11:00:00	3355.45	3356.04	3346.74	3347.14	8611	0	4
2025.06.20	12:00:00	3347.13	3350.87	3342.05	3344.60	11691	0	4
2025.06.20	13:00:00	3344.61	3373.84	3343.08	3370.36	16131	0	4
2025.06.20	14:00:00	3370.34	3374.59	3365.29	3369.29	14521	0	4
2025.06.20	15:00:00	3369.36	3371.79	3365.89	3369.89	8290	0	4
2025.06.20	16:00:00	3369.95	3373.39	3367.85	3371.52	5656	0	4
2025.06.20	17:00:00	3371.58	3371.81	3366.69	3367.48	5731	0	4
2025.06.20	18:00:00	3367.51	3368.02	3364.71	3366.74	4842	0	4
2025.06.20	19:00:00	3366.76	3370.74	3364.95	3365.69	4803	0	4
2025.06.20	20:00:00	3365.66	3369.38	3364.72	3368.65	2781	0	4
2025.06.22	23:00:00	3374.46	3378.43	3371.37	3372.80	5531	0	4
2025.06.23	00:00:00	3372.89	3373.63	3358.55	3365.76	10117	0	4
2025.06.23	01:00:00	3365.68	3368.14	3352.06	3355.34	12813	0	4
2025.06.23	02:00:00	3355.37	3364.98	3354.91	3361.42	9573	0	4
2025.06.23	03:00:00	3361.58	3366.35	3360.48	3363.47	8068	0	4
2025.06.23	04:00:00	3363.49	3365.09	3356.91	3358.54	6726	0	4
2025.06.23	05:00:00	3358.76	3360.61	3347.11	3356.89	9728	0	4
2025.06.23	06:00:00	3356.95	3359.91	3352.73	3357.64	9986	0	4
2025.06.23	07:00:00	3357.60	3358.85	3351.71	3357.67	7914	0	4
2025.06.23	08:00:00	3357.65	3362.37	3357.65	3361.94	8728	0	4
2025.06.23	09:00:00	3361.91	3369.05	3361.71	3366.66	9804	0	4
2025.06.23	10:00:00	3366.67	3368.22	3364.02	3367.78	7519	0	4
2025.06.23	11:00:00	3367.83	3382.18	3367.83	3380.67	11663	0	4
2025.06.23	12:00:00	3380.70	3381.00	3356.00	3360.54	13409	0	4
2025.06.23	13:00:00	3360.50	3387.86	3359.90	3380.88	17325	0	4
2025.06.23	14:00:00	3380.75	3386.74	3369.99	3386.48	18013	0	4
2025.06.23	15:00:00	3386.50	3389.85	3384.63	3387.34	10951	0	4
2025.06.23	16:00:00	3387.33	3393.56	3380.44	3389.87	12642	0	4
2025.06.23	17:00:00	3389.86	3391.53	3375.66	3382.53	13428	0	4
2025.06.23	18:00:00	3382.56	3387.68	3376.88	3378.63	8655	0	4
2025.06.23	19:00:00	3378.65	3382.15	3375.79	3376.46	6988	0	4
2025.06.23	20:00:00	3376.41	3377.32	3367.26	3368.53	4341	0	4
2025.06.23	23:00:00	3354.57	3355.94	3341.70	3344.38	8009	0	4
2025.06.24	00:00:00	3344.22	3355.21	3333.31	3351.14	11728	0	4
2025.06.24	01:00:00	3351.18	3354.48	3342.15	3347.69	13002	0	4
2025.06.24	02:00:00	3347.70	3352.92	3346.02	3351.91	8987	0	4
2025.06.24	03:00:00	3351.92	3357.93	3351.52	3352.45	6853	0	4
2025.06.24	04:00:00	3352.36	3353.49	3347.15	3348.72	5752	0	4
2025.06.24	05:00:00	3348.65	3348.88	3326.81	3332.09	11877	0	4
2025.06.24	06:00:00	3332.29	3333.18	3316.13	3322.83	15082	0	4
2025.06.24	07:00:00	3322.81	3331.81	3316.67	3329.70	13891	0	4
2025.06.24	08:00:00	3329.83	3332.43	3324.78	3327.37	10473	0	4
2025.06.24	09:00:00	3327.41	3328.83	3318.04	3318.38	9628	0	4
2025.06.24	10:00:00	3318.53	3327.70	3318.53	3325.65	6875	0	4
2025.06.24	11:00:00	3325.60	3328.98	3317.96	3321.26	9528	0	4
2025.06.24	12:00:00	3320.93	3321.16	3304.49	3314.72	16152	0	4
2025.06.24	13:00:00	3314.62	3317.95	3295.55	3302.13	19181	0	4
2025.06.24	14:00:00	3302.12	3310.40	3298.85	3304.71	17653	0	4
2025.06.24	15:00:00	3304.72	3317.06	3299.82	3313.27	13342	0	4
2025.06.24	16:00:00	3313.31	3320.49	3311.34	3318.50	8433	0	4
2025.06.24	17:00:00	3318.52	3321.29	3317.90	3317.96	7271	0	4
2025.06.24	18:00:00	3317.94	3318.98	3315.71	3317.19	5663	0	4
2025.06.24	19:00:00	3317.13	3325.24	3316.11	3323.64	6353	0	4
2025.06.24	20:00:00	3323.65	3324.51	3321.68	3323.22	2550	0	4
2025.06.24	23:00:00	3322.53	3324.89	3322.47	3324.22	2166	0	4
2025.06.25	00:00:00	3324.21	3330.10	3323.69	3327.02	6278	0	4
2025.06.25	01:00:00	3327.06	3334.93	3326.49	3334.76	9060	0	4
2025.06.25	02:00:00	3334.75	3335.29	3327.78	3329.41	8401	0	4
2025.06.25	03:00:00	3329.43	3332.19	3327.37	3328.46	6347	0	4
2025.06.25	04:00:00	3328.44	3329.42	3325.89	3327.56	3857	0	4
2025.06.25	05:00:00	3327.60	3333.86	3326.84	3331.71	6117	0	4
2025.06.25	06:00:00	3331.70	3333.48	3329.18	3331.46	6537	0	4
2025.06.25	07:00:00	3331.62	3337.11	3326.78	3330.69	8870	0	4
2025.06.25	08:00:00	3330.67	3332.40	3326.59	3327.40	7832	0	4
2025.06.25	09:00:00	3327.37	3327.39	3321.65	3325.32	7352	0	4
2025.06.25	10:00:00	3325.31	3329.50	3324.30	3324.54	6810	0	4
2025.06.25	11:00:00	3324.52	3329.56	3322.23	3322.72	7837	0	4
2025.06.25	12:00:00	3322.69	3329.56	3318.26	3320.67	9869	0	4
2025.06.25	13:00:00	3320.66	3321.60	3312.02	3314.58	13768	0	4
2025.06.25	14:00:00	3314.59	3326.38	3312.38	3323.53	13684	0	4
2025.06.25	15:00:00	3323.52	3327.22	3321.73	3325.71	8936	0	4
2025.06.25	16:00:00	3325.75	3335.21	3324.21	3334.88	9146	0	4
2025.06.25	17:00:00	3334.87	3335.39	3324.80	3327.98	9708	0	4
2025.06.25	18:00:00	3327.99	3331.85	3326.26	3331.70	6823	0	4
2025.06.25	19:00:00	3331.71	3336.05	3330.43	3333.72	6661	0	4
2025.06.25	20:00:00	3333.85	3335.67	3331.42	3332.32	3261	0	4
2025.06.25	23:00:00	3334.63	3340.09	3333.40	3339.12	3680	0	4
2025.06.26	00:00:00	3339.17	3339.38	3332.19	3333.94	6334	0	4
2025.06.26	01:00:00	3333.95	3336.85	3329.39	3330.24	8945	0	4
2025.06.26	02:00:00	3330.22	3341.83	3329.33	3339.58	7764	0	4
2025.06.26	03:00:00	3339.60	3343.22	3336.45	3338.08	6567	0	4
2025.06.26	04:00:00	3338.10	3338.19	3333.48	3334.05	4955	0	4
2025.06.26	05:00:00	3334.03	3338.29	3332.51	3334.22	6290	0	4
2025.06.26	06:00:00	3334.12	3340.50	3331.07	3339.79	9078	0	4
2025.06.26	07:00:00	3339.82	3347.20	3339.78	3346.14	8453	0	4
2025.06.26	08:00:00	3346.15	3350.39	3344.46	3348.24	8913	0	4
2025.06.26	09:00:00	3348.21	3348.80	3338.81	3340.68	9937	0	4
2025.06.26	10:00:00	3340.69	3343.51	3337.99	3343.33	6582	0	4
2025.06.26	11:00:00	3343.34	3344.17	3331.57	3333.01	9293	0	4
2025.06.26	12:00:00	3333.17	3344.20	3321.67	3322.00	14236	0	4
2025.06.26	13:00:00	3321.96	3328.74	3310.02	3319.90	20496	0	4
2025.06.26	14:00:00	3319.71	3323.92	3312.05	3318.46	16653	0	4
2025.06.26	15:00:00	3318.51	3325.00	3318.51	3324.90	10627	0	4
2025.06.26	16:00:00	3324.92	3333.36	3323.87	3331.45	9346	0	4
2025.06.26	17:00:00	3331.44	3336.45	3331.25	3332.77	7962	0	4
2025.06.26	18:00:00	3332.79	3334.93	3331.31	3334.09	5821	0	4
2025.06.26	19:00:00	3334.14	3334.34	3328.40	3331.35	5868	0	4
2025.06.26	20:00:00	3331.37	3332.42	3327.94	3328.30	2621	0	4
2025.06.26	23:00:00	3322.06	3323.55	3316.37	3318.80	3698	0	4
2025.06.27	00:00:00	3318.76	3320.00	3313.26	3318.90	6989	0	4
2025.06.27	01:00:00	3318.87	3322.07	3314.96	3316.50	9541	0	4
2025.06.27	02:00:00	3316.51	3320.44	3308.63	3308.90	8967	0	4
2025.06.27	03:00:00	3308.88	3310.97	3292.67	3294.41	10971	0	4
2025.06.27	04:00:00	3294.42	3297.58	3291.15	3294.03	7377	0	4
2025.06.27	05:00:00	3294.07	3301.05	3289.32	3297.25	9232	0	4
2025.06.27	06:00:00	3297.51	3299.99	3287.04	3294.93	11606	0	4
2025.06.27	07:00:00	3295.01	3295.37	3283.68	3284.52	11919	0	4
2025.06.27	08:00:00	3284.53	3291.20	3282.02	3289.48	10826	0	4
2025.06.27	09:00:00	3289.45	3289.83	3282.18	3282.80	9670	0	4
2025.06.27	10:00:00	3282.79	3290.98	3279.78	3285.71	8456	0	4
2025.06.27	11:00:00	3285.70	3288.00	3276.07	3281.45	9004	0	4
2025.06.27	12:00:00	3281.39	3282.35	3269.60	3270.06	15472	0	4
2025.06.27	13:00:00	3270.10	3274.50	3255.76	3274.44	20587	0	4
2025.06.27	14:00:00	3274.42	3278.13	3263.71	3272.51	17908	0	4
2025.06.27	15:00:00	3272.50	3277.52	3271.02	3274.63	12128	0	4
2025.06.27	16:00:00	3274.60	3278.68	3273.40	3277.75	7912	0	4
2025.06.27	17:00:00	3277.76	3282.88	3272.84	3277.32	8947	0	4
2025.06.27	18:00:00	3277.39	3278.33	3270.56	3275.84	8701	0	4
2025.06.27	19:00:00	3275.87	3276.56	3268.47	3270.68	7102	0	4
2025.06.27	20:00:00	3270.69	3275.53	3270.44	3274.55	3347	0	4
2025.06.29	23:00:00	3270.38	3270.85	3262.99	3264.01	4949	0	4
2025.06.30	00:00:00	3263.90	3269.63	3262.72	3264.70	6281	0	4
2025.06.30	01:00:00	3264.72	3276.03	3259.47	3273.95	11216	0	4
2025.06.30	02:00:00	3273.96	3283.36	3273.69	3280.41	9125	0	4
2025.06.30	03:00:00	3280.37	3282.85	3277.99	3278.99	6993	0	4
2025.06.30	04:00:00	3279.00	3286.39	3277.11	3285.68	5007	0	4
2025.06.30	05:00:00	3285.67	3291.44	3284.74	3289.00	7147	0	4
2025.06.30	06:00:00	3289.02	3295.58	3287.94	3292.13	9056	0	4
2025.06.30	07:00:00	3292.14	3296.89	3290.74	3292.97	7856	0	4
2025.06.30	08:00:00	3292.87	3296.56	3288.22	3289.20	7701	0	4
2025.06.30	09:00:00	3289.12	3289.12	3277.52	3287.90	9664	0	4
2025.06.30	10:00:00	3287.94	3288.84	3282.52	3283.54	5449	0	4
2025.06.30	11:00:00	3283.58	3283.80	3274.66	3277.99	8321	0	4
2025.06.30	12:00:00	3278.03	3289.03	3278.03	3282.12	9450	0	4
2025.06.30	13:00:00	3282.08	3287.07	3278.06	3284.76	12318	0	4
2025.06.30	14:00:00	3284.78	3289.59	3279.40	3287.77	12033	0	4
2025.06.30	15:00:00	3287.73	3290.85	3283.80	3289.68	9174	0	4
2025.06.30	16:00:00	3289.70	3297.46	3289.24	3297.29	7068	0	4
2025.06.30	17:00:00	3297.27	3298.59	3292.24	3294.05	6931	0	4
2025.06.30	18:00:00	3294.06	3299.54	3292.71	3298.45	5505	0	4
2025.06.30	19:00:00	3298.59	3309.52	3298.06	3308.67	7361	0	4
2025.06.30	20:00:00	3308.61	3309.34	3302.40	3302.67	3070	0	4
2025.06.30	23:00:00	3311.51	3312.56	3308.63	3312.54	4305	0	4
2025.07.01	00:00:00	3312.52	3314.88	3310.00	3314.76	5847	0	4
2025.07.01	01:00:00	3314.69	3321.05	3314.01	3317.90	9670	0	4
2025.07.01	02:00:00	3317.88	3319.44	3314.50	3316.30	7946	0	4
2025.07.01	03:00:00	3316.27	3322.64	3315.82	3321.14	6392	0	4
2025.07.01	04:00:00	3321.12	3323.09	3319.04	3323.04	4972	0	4
2025.07.01	05:00:00	3323.02	3332.37	3323.01	3328.67	8282	0	4
2025.07.01	06:00:00	3328.66	3334.55	3325.13	3331.37	9229	0	4
2025.07.01	07:00:00	3331.40	3339.88	3330.84	3339.57	11378	0	4
2025.07.01	08:00:00	3339.52	3342.47	3336.82	3339.64	7787	0	4
2025.07.01	09:00:00	3339.66	3348.18	3338.25	3345.86	9425	0	4
2025.07.01	10:00:00	3345.91	3349.83	3344.45	3348.79	7684	0	4
2025.07.01	11:00:00	3348.78	3353.06	3347.11	3349.05	9431	0	4
2025.07.01	12:00:00	3349.03	3357.97	3348.36	3354.64	12161	0	4
2025.07.01	13:00:00	3354.75	3355.64	3344.54	3351.14	16186	0	4
2025.07.01	14:00:00	3351.17	3354.49	3343.73	3345.83	15850	0	4
2025.07.01	15:00:00	3345.90	3346.76	3337.09	3340.24	13660	0	4
2025.07.01	16:00:00	3340.25	3343.49	3337.64	3341.84	8981	0	4
2025.07.01	17:00:00	3341.81	3342.24	3337.00	3339.82	7665	0	4
2025.07.01	18:00:00	3339.83	3339.93	3336.90	3337.97	5061	0	4
2025.07.01	19:00:00	3337.98	3340.11	3336.94	3338.08	6239	0	4
2025.07.01	20:00:00	3338.07	3340.35	3336.87	3338.03	2555	0	4
2025.07.01	23:00:00	3341.66	3341.81	3336.97	3338.17	3901	0	4
2025.07.02	00:00:00	3338.23	3344.96	3334.82	3338.98	7970	0	4
2025.07.02	01:00:00	3338.99	3342.90	3331.09	3332.23	9382	0	4
2025.07.02	02:00:00	3332.25	3338.23	3328.59	3336.75	7472	0	4
2025.07.02	03:00:00	3336.78	3342.16	3334.99	3339.96	6526	0	4
2025.07.02	04:00:00	3339.97	3342.03	3339.67	3340.15	4301	0	4
2025.07.02	05:00:00	3340.18	3343.97	3336.63	3338.78	6653	0	4
2025.07.02	06:00:00	3338.84	3339.36	3329.95	3333.56	8129	0	4
2025.07.02	07:00:00	3333.50	3336.74	3327.73	3334.72	9089	0	4
2025.07.02	08:00:00	3334.58	3338.07	3332.90	3333.52	7061	0	4
2025.07.02	09:00:00	3333.50	3342.27	3333.04	3341.73	8478	0	4
2025.07.02	10:00:00	3341.76	3345.75	3340.60	3344.43	6063	0	4
2025.07.02	11:00:00	3344.46	3347.71	3339.87	3342.35	7525	0	4
2025.07.02	12:00:00	3342.37	3351.10	3337.35	3346.73	14549	0	4
2025.07.02	13:00:00	3346.72	3346.72	3335.01	3337.51	16287	0	4
2025.07.02	14:00:00	3337.52	3343.60	3333.97	3343.03	13382	0	4
2025.07.02	15:00:00	3343.04	3343.77	3338.79	3340.98	10899	0	4
2025.07.02	16:00:00	3341.02	3349.29	3340.97	3348.80	9542	0	4
2025.07.02	17:00:00	3348.76	3350.45	3347.46	3349.76	6469	0	4
2025.07.02	18:00:00	3349.75	3355.20	3348.56	3355.03	5874	0	4
2025.07.02	19:00:00	3355.04	3359.54	3354.65	3358.25	6799	0	4
2025.07.02	20:00:00	3358.30	3360.14	3355.66	3357.33	2630	0	4
2025.07.02	23:00:00	3362.06	3362.37	3348.87	3349.42	6183	0	4
2025.07.03	00:00:00	3349.70	3349.93	3343.63	3344.74	7291	0	4
2025.07.03	01:00:00	3344.76	3348.26	3341.94	3345.97	8211	0	4
2025.07.03	02:00:00	3346.02	3351.50	3345.87	3351.03	6084	0	4
2025.07.03	03:00:00	3351.05	3351.52	3345.53	3347.53	5066	0	4
2025.07.03	04:00:00	3347.55	3351.92	3347.47	3350.82	4984	0	4
2025.07.03	05:00:00	3350.83	3360.47	3350.21	3359.41	7701	0	4
2025.07.03	06:00:00	3359.38	3363.72	3356.60	3361.91	8504	0	4
2025.07.03	07:00:00	3361.88	3363.09	3352.73	3353.16	8142	0	4
2025.07.03	08:00:00	3353.18	3358.40	3351.77	3356.29	6666	0	4
2025.07.03	09:00:00	3356.13	3356.44	3343.86	3345.75	8580	0	4
2025.07.03	10:00:00	3345.77	3355.50	3344.87	3353.16	7648	0	4
2025.07.03	11:00:00	3353.21	3353.83	3343.15	3346.10	7784	0	4
2025.07.03	12:00:00	3346.08	3352.38	3311.70	3324.44	18882	0	4
2025.07.03	13:00:00	3324.51	3338.59	3322.21	3332.10	18588	0	4
2025.07.03	14:00:00	3332.18	3334.81	3323.58	3324.67	16704	0	4
2025.07.03	15:00:00	3324.66	3331.50	3323.20	3328.08	10197	0	4
2025.07.03	16:00:00	3328.13	3334.73	3325.77	3333.91	9536	0	4
2025.07.03	17:00:00	3333.93	3334.85	3328.98	3329.20	4260	0	4
2025.07.03	18:00:00	3329.17	3330.34	3328.00	3329.21	1870	0	4
2025.07.03	19:00:00	3329.15	3329.47	3327.11	3328.73	1984	0	4
2025.07.03	20:00:00	3328.72	3328.98	3325.46	3325.98	1418	0	4
2025.07.03	23:00:00	3329.16	3332.05	3328.54	3330.89	4494	0	4
2025.07.04	00:00:00	3330.85	3331.18	3325.93	3329.08	4659	0	4
2025.07.04	01:00:00	3329.03	3334.39	3326.55	3330.17	6753	0	4
2025.07.04	02:00:00	3330.14	3332.49	3327.18	3327.39	5537	0	4
2025.07.04	03:00:00	3327.38	3338.94	3326.27	3338.43	5755	0	4
2025.07.04	04:00:00	3338.33	3342.41	3338.07	3340.93	4783	0	4
2025.07.04	05:00:00	3340.89	3342.25	3338.52	3339.67	4837	0	4
2025.07.04	06:00:00	3339.65	3345.12	3339.30	3342.44	6839	0	4
2025.07.04	07:00:00	3342.63	3343.75	3336.50	3342.93	7384	0	4
2025.07.04	08:00:00	3342.89	3344.24	3341.00	3342.91	5077	0	4
2025.07.04	09:00:00	3342.87	3343.13	3332.99	3334.56	6429	0	4
2025.07.04	10:00:00	3334.53	3338.13	3331.59	3336.88	6023	0	4
2025.07.04	11:00:00	3336.87	3337.91	3334.46	3334.73	4912	0	4
2025.07.04	12:00:00	3334.72	3337.89	3331.49	3334.02	6985	0	4
2025.07.04	13:00:00	3334.00	3338.05	3332.35	3333.89	8073	0	4
2025.07.04	14:00:00	3333.85	3334.24	3330.92	3333.24	6889	0	4
2025.07.04	15:00:00	3333.33	3333.90	3330.89	3332.51	3957	0	4
2025.07.04	16:00:00	3332.53	3335.96	3332.35	3335.21	2504	0	4
2025.07.06	23:00:00	3341.17	3341.75	3332.48	3333.50	4413	0	4
2025.07.07	00:00:00	3333.49	3334.59	3326.31	3328.96	7118	0	4
2025.07.07	01:00:00	3328.97	3328.97	3321.81	3326.59	9047	0	4
2025.07.07	02:00:00	3326.58	3327.71	3306.76	3316.63	15098	0	4
2025.07.07	03:00:00	3316.73	3317.81	3306.07	3308.95	9980	0	4
2025.07.07	04:00:00	3308.93	3315.30	3307.19	3310.95	9590	0	4
2025.07.07	05:00:00	3310.94	3312.33	3305.38	3307.83	9013	0	4
2025.07.07	06:00:00	3307.89	3315.18	3307.05	3313.46	8601	0	4
2025.07.07	07:00:00	3313.45	3315.25	3308.37	3310.05	9558	0	4
2025.07.07	08:00:00	3309.99	3313.31	3300.72	3302.34	8778	0	4
2025.07.07	09:00:00	3302.24	3312.84	3301.24	3310.20	7976	0	4
2025.07.07	10:00:00	3310.09	3311.90	3306.23	3309.03	7523	0	4
2025.07.07	11:00:00	3308.99	3310.76	3296.48	3302.12	9195	0	4
2025.07.07	12:00:00	3302.13	3307.61	3299.83	3302.03	10221	0	4
2025.07.07	13:00:00	3301.94	3312.81	3300.64	3309.71	12048	0	4
2025.07.07	14:00:00	3309.69	3317.11	3306.28	3316.35	12974	0	4
2025.07.07	15:00:00	3316.49	3321.32	3313.36	3318.04	10905	0	4
2025.07.07	16:00:00	3318.02	3322.00	3316.17	3320.83	6836	0	4
2025.07.07	17:00:00	3320.82	3328.06	3320.19	3327.42	10264	0	4
2025.07.07	18:00:00	3327.55	3335.76	3327.41	3331.97	9747	0	4
2025.07.07	19:00:00	3331.96	3335.81	3328.54	3334.39	7687	0	4
2025.07.07	20:00:00	3334.40	3340.39	3334.34	3337.16	6467	0	4
2025.07.07	21:00:00	3337.20	3338.09	3335.48	3336.30	3152	0	4
2025.07.07	23:00:00	3340.62	3345.85	3339.04	3339.84	4251	0	4
2025.07.08	00:00:00	3339.86	3340.12	3333.95	3334.68	5136	0	4
2025.07.08	01:00:00	3334.66	3337.29	3331.22	3334.32	10445	0	4
2025.07.08	02:00:00	3334.31	3337.04	3329.73	3334.86	12904	0	4
2025.07.08	03:00:00	3334.85	3338.00	3332.84	3334.65	8796	0	4
2025.07.08	04:00:00	3334.59	3335.56	3329.64	3331.62	5940	0	4
2025.07.08	05:00:00	3331.61	3332.84	3327.41	3329.69	5773	0	4
2025.07.08	06:00:00	3329.66	3336.57	3329.55	3334.09	7989	0	4
2025.07.08	07:00:00	3334.13	3336.04	3330.85	3335.81	8456	0	4
2025.07.08	08:00:00	3335.80	3339.50	3330.54	3334.03	8571	0	4
2025.07.08	09:00:00	3333.98	3333.98	3323.35	3323.77	10588	0	4
2025.07.08	10:00:00	3323.74	3326.81	3321.27	3322.09	8065	0	4
2025.07.08	11:00:00	3322.10	3327.15	3320.52	3324.68	6147	0	4
2025.07.08	12:00:00	3324.75	3327.54	3320.08	3325.03	7361	0	4
2025.07.08	13:00:00	3325.06	3329.91	3324.82	3328.23	8794	0	4
2025.07.08	14:00:00	3328.21	3328.73	3314.87	3315.32	15060	0	4
2025.07.08	15:00:00	3315.31	3315.90	3294.46	3296.64	18369	0	4
2025.07.08	16:00:00	3296.63	3300.35	3287.22	3298.23	13909	0	4
2025.07.08	17:00:00	3298.25	3301.63	3295.99	3300.49	10939	0	4
2025.07.08	18:00:00	3300.50	3310.44	3299.44	3306.38	12817	0	4
2025.07.08	19:00:00	3306.39	3308.19	3300.68	3305.48	7419	0	4
2025.07.08	20:00:00	3305.53	3306.23	3302.46	3303.00	6450	0	4
2025.07.08	21:00:00	3303.01	3303.78	3299.45	3301.34	2961	0	4
2025.07.08	23:00:00	3302.62	3304.08	3300.40	3301.68	2162	0	4
2025.07.09	00:00:00	3301.62	3303.99	3297.30	3302.36	5298	0	4
2025.07.09	01:00:00	3302.39	3308.05	3301.91	3307.19	8588	0	4
2025.07.09	02:00:00	3307.21	3307.31	3299.36	3301.87	10392	0	4
2025.07.09	03:00:00	3301.80	3302.97	3286.47	3288.53	11700	0	4
2025.07.09	04:00:00	3288.60	3294.79	3285.06	3293.42	9219	0	4
2025.07.09	05:00:00	3293.53	3296.42	3291.27	3294.07	6374	0	4
2025.07.09	06:00:00	3294.05	3297.85	3289.07	3289.49	9734	0	4
2025.07.09	07:00:00	3289.51	3292.77	3285.74	3292.36	11489	0	4
2025.07.09	08:00:00	3292.38	3296.00	3288.39	3291.98	8266	0	4
2025.07.09	09:00:00	3291.97	3292.65	3282.73	3285.17	8736	0	4
2025.07.09	10:00:00	3285.16	3290.45	3284.39	3289.27	6103	0	4
2025.07.09	11:00:00	3289.11	3295.94	3288.40	3295.59	5194	0	4
2025.07.09	12:00:00	3295.74	3296.03	3283.27	3285.00	6844	0	4
2025.07.09	13:00:00	3285.04	3297.56	3285.04	3296.37	9232	0	4
2025.07.09	14:00:00	3296.45	3305.33	3291.98	3300.29	13920	0	4
2025.07.09	15:00:00	3300.24	3312.90	3299.86	3312.29	13245	0	4
2025.07.09	16:00:00	3312.30	3312.89	3306.44	3309.70	9202	0	4
2025.07.09	17:00:00	3309.66	3313.32	3308.01	3311.94	6478	0	4
2025.07.09	18:00:00	3311.88	3314.63	3308.19	3309.58	7200	0	4
2025.07.09	19:00:00	3309.50	3313.69	3308.23	3311.42	6489	0	4
2025.07.09	20:00:00	3311.51	3316.86	3311.04	3315.71	5980	0	4
2025.07.09	21:00:00	3315.72	3315.86	3311.66	3313.63	2591	0	4
2025.07.09	23:00:00	3315.48	3321.16	3314.82	3319.61	3148	0	4
2025.07.10	00:00:00	3319.59	3319.74	3315.83	3317.65	4365	0	4
2025.07.10	01:00:00	3317.66	3322.03	3316.66	3317.73	8633	0	4
2025.07.10	02:00:00	3317.71	3326.38	3316.63	3322.33	8830	0	4
2025.07.10	03:00:00	3322.22	3323.71	3318.22	3319.23	6405	0	4
2025.07.10	04:00:00	3319.22	3320.21	3315.48	3315.78	5016	0	4
2025.07.10	05:00:00	3315.77	3322.58	3314.92	3322.28	3622	0	4
2025.07.10	06:00:00	3322.23	3325.14	3320.71	3321.23	5569	0	4
2025.07.10	07:00:00	3321.22	3328.46	3320.95	3325.37	5989	0	4
2025.07.10	08:00:00	3325.34	3329.48	3319.94	3321.10	6624	0	4
2025.07.10	09:00:00	3321.13	3330.10	3319.97	3328.85	5939	0	4
2025.07.10	10:00:00	3328.83	3330.35	3323.33	3326.45	5936	0	4
2025.07.10	11:00:00	3326.49	3328.91	3322.28	3325.32	6189	0	4
2025.07.10	12:00:00	3325.31	3330.49	3318.31	3320.46	8256	0	4
2025.07.10	13:00:00	3320.50	3326.15	3318.00	3323.79	8957	0	4
2025.07.10	14:00:00	3323.77	3329.49	3311.88	3312.76	14697	0	4
2025.07.10	15:00:00	3312.80	3321.69	3310.14	3315.04	13597	0	4
2025.07.10	16:00:00	3315.06	3321.48	3314.72	3319.74	7890	0	4
2025.07.10	17:00:00	3319.73	3320.06	3312.22	3315.06	7311	0	4
2025.07.10	18:00:00	3315.00	3318.65	3314.68	3317.36	6287	0	4
2025.07.10	19:00:00	3317.32	3321.95	3316.51	3321.60	5695	0	4
2025.07.10	20:00:00	3321.61	3326.08	3321.55	3324.95	6623	0	4
2025.07.10	21:00:00	3324.96	3325.45	3323.42	3324.25	2214	0	4
2025.07.10	23:00:00	3325.55	3326.51	3321.95	3323.33	3775	0	4
2025.07.11	00:00:00	3323.31	3326.41	3323.05	3323.82	3242	0	4
2025.07.11	01:00:00	3323.76	3336.16	3323.67	3330.70	11177	0	4
2025.07.11	02:00:00	3330.67	3331.54	3325.30	3329.60	9386	0	4
2025.07.11	03:00:00	3329.62	3335.10	3327.22	3332.52	6952	0	4
2025.07.11	04:00:00	3332.56	3336.04	3332.13	3333.82	6639	0	4
2025.07.11	05:00:00	3333.81	3335.45	3329.67	3332.03	5487	0	4
2025.07.11	06:00:00	3332.02	3341.73	3332.01	3334.16	10286	0	4
2025.07.11	07:00:00	3334.15	3343.91	3332.25	3332.59	11422	0	4
2025.07.11	08:00:00	3332.49	3342.24	3331.21	3341.97	9840	0	4
2025.07.11	09:00:00	3341.95	3343.78	3332.94	3333.15	9830	0	4
2025.07.11	10:00:00	3333.17	3340.13	3332.97	3339.56	7040	0	4
2025.07.11	11:00:00	3339.57	3348.19	3339.57	3345.12	8711	0	4
2025.07.11	12:00:00	3345.11	3350.44	3342.10	3347.63	8757	0	4
2025.07.11	13:00:00	3347.66	3357.28	3344.37	3355.22	12842	0	4
2025.07.11	14:00:00	3355.08	3359.25	3350.05	3351.95	18325	0	4
2025.07.11	15:00:00	3351.93	3363.86	3350.28	3361.27	19041	0	4
2025.07.11	16:00:00	3361.21	3368.82	3356.85	3359.12	14688	0	4
2025.07.11	17:00:00	3358.90	3360.06	3352.84	3353.89	12581	0	4
2025.07.11	18:00:00	3353.72	3354.17	3349.30	3353.32	10168	0	4
2025.07.11	19:00:00	3353.35	3358.53	3353.32	3356.15	8648	0	4
2025.07.11	20:00:00	3356.12	3359.83	3355.62	3356.45	8594	0	4
2025.07.11	21:00:00	3356.51	3358.80	3353.67	3357.27	3258	0	4
2025.07.13	23:00:00	3361.23	3371.19	3359.78	3369.41	6606	0	4
2025.07.14	00:00:00	3369.49	3374.12	3366.39	3367.80	7084	0	4
2025.07.14	01:00:00	3367.83	3373.25	3364.94	3367.61	9990	0	4
2025.07.14	02:00:00	3367.63	3370.21	3357.08	3358.77	13461	0	4
2025.07.14	03:00:00	3358.78	3359.55	3354.07	3357.43	10053	0	4
2025.07.14	04:00:00	3357.46	3359.73	3355.49	3357.07	7383	0	4
2025.07.14	05:00:00	3357.02	3361.71	3353.86	3359.76	9005	0	4
2025.07.14	06:00:00	3359.63	3360.40	3353.70	3357.67	10348	0	4
2025.07.14	07:00:00	3357.66	3369.77	3356.69	3368.97	11176	0	4
2025.07.14	08:00:00	3368.96	3375.01	3366.78	3371.98	11658	0	4
2025.07.14	09:00:00	3371.95	3372.63	3365.38	3366.00	8956	0	4
2025.07.14	10:00:00	3366.13	3370.44	3364.06	3370.34	6864	0	4
2025.07.14	11:00:00	3370.32	3374.68	3369.79	3372.15	8310	0	4
2025.07.14	12:00:00	3372.13	3373.13	3363.95	3364.05	8572	0	4
2025.07.14	13:00:00	3364.02	3366.61	3349.47	3350.04	13174	0	4
2025.07.14	14:00:00	3350.27	3359.12	3347.28	3355.39	14624	0	4
2025.07.14	15:00:00	3355.38	3356.28	3341.05	3343.08	15645	0	4
2025.07.14	16:00:00	3343.02	3349.75	3342.48	3345.19	10672	0	4
2025.07.14	17:00:00	3345.13	3349.28	3343.15	3347.77	8513	0	4
2025.07.14	18:00:00	3347.85	3351.77	3347.39	3351.04	8281	0	4
2025.07.14	19:00:00	3351.05	3351.25	3347.91	3348.99	6716	0	4
2025.07.14	20:00:00	3349.03	3350.55	3343.25	3344.24	8441	0	4
2025.07.14	21:00:00	3344.25	3345.64	3341.31	3342.21	3539	0	4
2025.07.14	23:00:00	3342.78	3345.69	3341.36	3345.69	2081	0	4
2025.07.15	00:00:00	3345.51	3346.53	3344.02	3345.38	2661	0	4
2025.07.15	01:00:00	3345.35	3349.42	3344.80	3347.67	4810	0	4
2025.07.15	02:00:00	3347.71	3350.68	3346.14	3346.56	7207	0	4
2025.07.15	03:00:00	3346.58	3352.17	3345.88	3350.93	6946	0	4
2025.07.15	04:00:00	3350.95	3358.37	3350.75	3357.98	7083	0	4
2025.07.15	05:00:00	3357.99	3361.42	3357.69	3360.21	5818	0	4
2025.07.15	06:00:00	3360.27	3365.25	3360.25	3362.24	6628	0	4
2025.07.15	07:00:00	3362.21	3364.08	3357.68	3358.25	8047	0	4
2025.07.15	08:00:00	3358.30	3365.33	3357.45	3364.36	6565	0	4
2025.07.15	09:00:00	3364.25	3365.66	3356.74	3361.16	8214	0	4
2025.07.15	10:00:00	3361.13	3364.77	3358.63	3363.46	6675	0	4
2025.07.15	11:00:00	3363.52	3366.37	3361.21	3361.33	6159	0	4
2025.07.15	12:00:00	3361.39	3362.03	3354.27	3354.99	7499	0	4
2025.07.15	13:00:00	3354.94	3360.15	3346.43	3348.88	12814	0	4
2025.07.15	14:00:00	3349.02	3352.45	3334.56	3346.91	17697	0	4
2025.07.15	15:00:00	3346.74	3352.21	3342.68	3347.95	14583	0	4
2025.07.15	16:00:00	3348.00	3349.92	3325.57	3329.06	15149	0	4
2025.07.15	17:00:00	3329.04	3330.32	3320.25	3329.29	11604	0	4
2025.07.15	18:00:00	3329.30	3331.46	3325.85	3328.21	8287	0	4
2025.07.15	19:00:00	3328.23	3331.95	3325.88	3328.87	6904	0	4
2025.07.15	20:00:00	3328.85	3331.27	3326.61	3330.55	6055	0	4
2025.07.15	21:00:00	3330.57	3331.07	3324.79	3324.92	2653	0	4
2025.07.15	23:00:00	3325.76	3327.73	3325.61	3326.65	1724	0	4
2025.07.16	00:00:00	3326.75	3331.77	3326.35	3331.14	2879	0	4
2025.07.16	01:00:00	3331.13	3332.65	3328.93	3330.52	6460	0	4
2025.07.16	02:00:00	3330.54	3335.10	3328.93	3330.99	8576	0	4
2025.07.16	03:00:00	3331.08	3331.61	3325.08	3326.18	6349	0	4
2025.07.16	04:00:00	3326.16	3335.12	3325.95	3334.34	6391	0	4
2025.07.16	05:00:00	3334.38	3338.73	3332.80	3338.36	5486	0	4
2025.07.16	06:00:00	3338.34	3339.93	3335.70	3338.20	5966	0	4
2025.07.16	07:00:00	3338.22	3342.09	3337.86	3339.28	7157	0	4
2025.07.16	08:00:00	3339.29	3340.24	3335.99	3337.91	6051	0	4
2025.07.16	09:00:00	3338.03	3342.73	3337.82	3342.13	5863	0	4
2025.07.16	10:00:00	3342.12	3343.08	3339.15	3340.06	6481	0	4
2025.07.16	11:00:00	3340.03	3340.39	3334.07	3334.99	6266	0	4
2025.07.16	12:00:00	3334.98	3340.23	3333.85	3339.33	7649	0	4
2025.07.16	13:00:00	3339.31	3340.81	3330.99	3334.62	11993	0	4
2025.07.16	14:00:00	3334.65	3339.49	3321.99	3326.96	15574	0	4
2025.07.16	15:00:00	3326.98	3342.60	3319.70	3338.18	17530	0	4
2025.07.16	16:00:00	3338.02	3377.48	3336.33	3343.98	27942	0	4
2025.07.16	17:00:00	3343.79	3355.22	3339.15	3349.02	16515	0	4
2025.07.16	18:00:00	3349.01	3357.28	3348.83	3354.78	9465	0	4
2025.07.16	19:00:00	3354.79	3357.48	3349.15	3350.45	7096	0	4
2025.07.16	20:00:00	3350.41	3350.57	3346.17	3347.23	7580	0	4
2025.07.16	21:00:00	3347.22	3349.49	3346.32	3347.23	3181	0	4
2025.07.16	23:00:00	3350.56	3352.27	3348.34	3349.64	2355	0	4
2025.07.17	00:00:00	3349.66	3350.25	3345.35	3346.58	2834	0	4
2025.07.17	01:00:00	3346.57	3347.42	3339.80	3340.94	6603	0	4
2025.07.17	02:00:00	3340.89	3344.61	3337.27	3344.13	8767	0	4
2025.07.17	03:00:00	3344.06	3344.71	3337.89	3341.49	6955	0	4
2025.07.17	04:00:00	3341.58	3342.38	3336.43	3341.59	6446	0	4
2025.07.17	05:00:00	3341.58	3344.78	3338.45	3342.79	4592	0	4
2025.07.17	06:00:00	3342.80	3342.98	3336.02	3339.44	6607	0	4
2025.07.17	07:00:00	3339.58	3339.84	3328.24	3335.45	11732	0	4
2025.07.17	08:00:00	3335.44	3336.24	3325.22	3325.89	8528	0	4
2025.07.17	09:00:00	3325.83	3332.13	3325.61	3328.92	6292	0	4
2025.07.17	10:00:00	3328.95	3332.58	3324.79	3325.67	6790	0	4
2025.07.17	11:00:00	3325.64	3331.21	3325.03	3325.90	7384	0	4
2025.07.17	12:00:00	3325.91	3328.59	3322.44	3324.27	7352	0	4
2025.07.17	13:00:00	3324.26	3328.58	3309.89	3313.15	16093	0	4
2025.07.17	14:00:00	3313.11	3321.98	3311.28	3319.09	17151	0	4
2025.07.17	15:00:00	3318.95	3335.10	3318.33	3334.25	14328	0	4
2025.07.17	16:00:00	3334.27	3338.53	3331.33	3336.88	10385	0	4
2025.07.17	17:00:00	3336.91	3339.99	3335.47	3338.90	7800	0	4
2025.07.17	18:00:00	3338.89	3341.06	3336.34	3337.48	6117	0	4
2025.07.17	19:00:00	3337.52	3338.95	3335.70	3338.53	5114	0	4
2025.07.17	20:00:00	3338.60	3340.77	3338.24	3339.76	5113	0	4
2025.07.17	21:00:00	3339.79	3340.24	3337.51	3338.51	2268	0	4
2025.07.17	23:00:00	3341.29	3343.97	3338.34	3343.34	3591	0	4
2025.07.18	00:00:00	3343.33	3343.43	3339.51	3340.27	3035	0	4
2025.07.18	01:00:00	3340.29	3341.48	3338.13	3339.93	5116	0	4
2025.07.18	02:00:00	3339.92	3343.08	3335.44	3337.79	8385	0	4
2025.07.18	03:00:00	3337.75	3344.25	3336.91	3337.85	8520	0	4
2025.07.18	04:00:00	3337.87	3338.51	3334.15	3334.69	5692	0	4
2025.07.18	05:00:00	3334.68	3337.14	3333.92	3337.14	4586	0	4
2025.07.18	06:00:00	3337.11	3340.19	3333.55	3333.60	6807	0	4
2025.07.18	07:00:00	3333.61	3342.77	3331.88	3342.19	8824	0	4
2025.07.18	08:00:00	3342.16	3350.20	3340.75	3349.88	6630	0	4
2025.07.18	09:00:00	3350.00	3350.46	3346.33	3347.42	5700	0	4
2025.07.18	10:00:00	3347.54	3354.94	3347.45	3352.36	6420	0	4
2025.07.18	11:00:00	3352.26	3352.80	3347.94	3351.46	5593	0	4
2025.07.18	12:00:00	3351.41	3357.79	3350.94	3354.44	6458	0	4
2025.07.18	13:00:00	3354.43	3361.33	3354.31	3360.07	8589	0	4
2025.07.18	14:00:00	3360.04	3360.34	3352.33	3355.29	12473	0	4
2025.07.18	15:00:00	3355.99	3359.11	3351.26	3354.86	12493	0	4
2025.07.18	16:00:00	3354.87	3356.50	3352.45	3353.71	8653	0	4
2025.07.18	17:00:00	3353.74	3357.54	3351.25	3353.81	7943	0	4
2025.07.18	18:00:00	3353.83	3353.85	3350.56	3352.36	5735	0	4
2025.07.18	19:00:00	3352.38	3353.53	3350.28	3351.43	4353	0	4
2025.07.18	20:00:00	3351.30	3352.83	3347.71	3348.38	5147	0	4
2025.07.18	21:00:00	3348.29	3351.98	3347.88	3350.38	2412	0	4
2025.07.20	23:00:00	3348.64	3350.06	3345.10	3347.88	2632	0	4
2025.07.21	00:00:00	3347.84	3349.58	3345.53	3349.20	2734	0	4
2025.07.21	01:00:00	3348.15	3354.70	3347.74	3352.20	5345	0	4
2025.07.21	02:00:00	3352.07	3358.66	3351.88	3356.52	7875	0	4
2025.07.21	03:00:00	3356.55	3357.46	3352.38	3354.22	5632	0	4
2025.07.21	04:00:00	3354.23	3356.95	3351.16	3351.29	5690	0	4
2025.07.21	05:00:00	3351.30	3358.74	3350.76	3357.89	4613	0	4
2025.07.21	06:00:00	3357.88	3369.74	3357.75	3366.65	8847	0	4
2025.07.21	07:00:00	3366.66	3370.81	3365.38	3368.30	7728	0	4
2025.07.21	08:00:00	3368.26	3370.52	3364.02	3364.73	7356	0	4
2025.07.21	09:00:00	3364.72	3366.90	3363.08	3365.92	6756	0	4
2025.07.21	10:00:00	3365.93	3366.44	3362.91	3366.09	5099	0	4
2025.07.21	11:00:00	3366.16	3368.16	3362.98	3366.09	5091	0	4
2025.07.21	12:00:00	3366.24	3375.76	3365.29	3375.52	8522	0	4
2025.07.21	13:00:00	3375.34	3388.72	3374.47	3387.32	12880	0	4
2025.07.21	14:00:00	3387.31	3395.40	3383.70	3388.71	16887	0	4
2025.07.21	15:00:00	3388.73	3401.49	3386.23	3400.43	20200	0	4
2025.07.21	16:00:00	3400.39	3401.00	3395.63	3398.05	14636	0	4
2025.07.21	17:00:00	3398.01	3399.06	3393.81	3395.69	11447	0	4
2025.07.21	18:00:00	3395.68	3395.86	3391.62	3393.35	8801	0	4
2025.07.21	19:00:00	3393.31	3395.75	3393.07	3395.36	7093	0	4
2025.07.21	20:00:00	3395.39	3399.80	3395.11	3398.78	9059	0	4
2025.07.21	21:00:00	3398.75	3399.23	3396.88	3397.39	3216	0	4
2025.07.21	23:00:00	3398.78	3401.11	3398.33	3399.43	1780	0	4
2025.07.22	00:00:00	3399.54	3402.76	3393.36	3396.59	3751	0	4
2025.07.22	01:00:00	3396.62	3397.69	3390.49	3394.58	6707	0	4
2025.07.22	02:00:00	3394.59	3395.98	3385.21	3386.04	9311	0	4
2025.07.22	03:00:00	3385.99	3392.01	3385.40	3391.58	7084	0	4
2025.07.22	04:00:00	3391.54	3393.69	3388.98	3392.64	4459	0	4
2025.07.22	05:00:00	3392.60	3392.60	3388.09	3391.20	3645	0	4
2025.07.22	06:00:00	3391.33	3391.97	3384.76	3385.50	7042	0	4
2025.07.22	07:00:00	3385.48	3388.02	3384.38	3384.84	7746	0	4
2025.07.22	08:00:00	3384.87	3387.66	3383.33	3387.66	6741	0	4
2025.07.22	09:00:00	3387.68	3390.15	3386.27	3389.16	7537	0	4
2025.07.22	10:00:00	3388.98	3390.68	3384.63	3386.26	6756	0	4
2025.07.22	11:00:00	3386.18	3388.73	3385.96	3387.16	4614	0	4
2025.07.22	12:00:00	3387.14	3391.66	3386.81	3391.35	6624	0	4
2025.07.22	13:00:00	3391.44	3407.84	3391.12	3407.74	12937	0	4
2025.07.22	14:00:00	3407.61	3420.18	3406.46	3412.38	19905	0	4
2025.07.22	15:00:00	3412.33	3427.75	3405.07	3426.31	21489	0	4
2025.07.22	16:00:00	3426.36	3430.54	3423.79	3426.63	15358	0	4
2025.07.22	17:00:00	3426.65	3432.99	3426.36	3432.28	11679	0	4
2025.07.22	18:00:00	3432.29	3433.57	3426.49	3429.36	10646	0	4
2025.07.22	19:00:00	3429.37	3431.04	3427.97	3429.72	6987	0	4
2025.07.22	20:00:00	3429.71	3432.46	3429.03	3431.59	7923	0	4
2025.07.22	21:00:00	3431.63	3432.70	3427.63	3430.86	4343	0	4
2025.07.22	23:00:00	3430.57	3430.88	3427.61	3427.98	1729	0	4
2025.07.23	00:00:00	3427.99	3433.22	3426.36	3427.51	4403	0	4
2025.07.23	01:00:00	3427.45	3439.00	3427.25	3428.90	8950	0	4
2025.07.23	02:00:00	3428.91	3430.79	3421.09	3421.12	11804	0	4
2025.07.23	03:00:00	3421.11	3425.03	3419.29	3423.17	8583	0	4
2025.07.23	04:00:00	3423.18	3428.76	3422.94	3423.11	7603	0	4
2025.07.23	05:00:00	3423.12	3425.26	3422.02	3423.59	5338	0	4
2025.07.23	06:00:00	3423.60	3423.73	3416.45	3420.49	7987	0	4
2025.07.23	07:00:00	3420.48	3425.23	3419.74	3425.20	9843	0	4
2025.07.23	08:00:00	3425.18	3429.77	3420.01	3420.74	9813	0	4
2025.07.23	09:00:00	3420.71	3428.77	3420.60	3428.41	7623	0	4
2025.07.23	10:00:00	3428.42	3433.85	3428.32	3431.13	6337	0	4
2025.07.23	11:00:00	3431.12	3431.48	3421.25	3422.78	7987	0	4
2025.07.23	12:00:00	3422.69	3429.85	3420.49	3428.26	7700	0	4
2025.07.23	13:00:00	3428.24	3429.98	3419.96	3420.03	11140	0	4
2025.07.23	14:00:00	3420.04	3420.57	3405.63	3413.52	18147	0	4
2025.07.23	15:00:00	3413.51	3419.93	3410.76	3413.58	14963	0	4
2025.07.23	16:00:00	3413.60	3415.91	3398.25	3398.27	12658	0	4
2025.07.23	17:00:00	3398.25	3398.25	3381.68	3387.49	19632	0	4
2025.07.23	18:00:00	3387.44	3394.91	3385.80	3393.28	12451	0	4
2025.07.23	19:00:00	3393.30	3396.05	3392.12	3393.69	8191	0	4
2025.07.23	20:00:00	3393.72	3395.95	3388.62	3390.26	7636	0	4
2025.07.23	21:00:00	3390.24	3390.47	3386.05	3386.66	3723	0	4
2025.07.23	23:00:00	3390.24	3392.42	3386.83	3386.89	2157	0	4
2025.07.24	00:00:00	3386.93	3391.52	3386.59	3389.98	2987	0	4
2025.07.24	01:00:00	3389.99	3393.21	3388.71	3391.56	4360	0	4
2025.07.24	02:00:00	3391.57	3393.34	3384.03	3387.63	11616	0	4
2025.07.24	03:00:00	3387.65	3388.93	3380.69	3383.86	10116	0	4
2025.07.24	04:00:00	3383.84	3385.99	3374.73	3383.87	8892	0	4
2025.07.24	05:00:00	3383.88	3385.33	3381.10	3382.61	4412	0	4
2025.07.24	06:00:00	3382.63	3382.98	3374.60	3379.30	7956	0	4
2025.07.24	07:00:00	3379.29	3379.67	3370.18	3376.08	9826	0	4
2025.07.24	08:00:00	3376.01	3377.65	3366.15	3367.80	7457	0	4
2025.07.24	09:00:00	3367.83	3374.73	3365.84	3369.85	8299	0	4
2025.07.24	10:00:00	3369.70	3370.26	3362.04	3363.69	6858	0	4
2025.07.24	11:00:00	3363.70	3367.35	3362.21	3364.44	5227	0	4
2025.07.24	12:00:00	3364.40	3366.59	3361.41	3362.34	5738	0	4
2025.07.24	13:00:00	3362.31	3365.56	3352.66	3353.45	12569	0	4
2025.07.24	14:00:00	3353.54	3372.16	3351.45	3366.84	17798	0	4
2025.07.24	15:00:00	3366.64	3377.40	3365.85	3373.75	15288	0	4
2025.07.24	16:00:00	3373.71	3375.30	3370.44	3372.60	11519	0	4
2025.07.24	17:00:00	3372.59	3373.79	3366.98	3367.02	7998	0	4
2025.07.24	18:00:00	3367.04	3371.85	3366.31	3370.06	6539	0	4
2025.07.24	19:00:00	3370.07	3373.45	3367.48	3372.05	5659	0	4
2025.07.24	20:00:00	3372.06	3373.12	3370.18	3370.56	4657	0	4
2025.07.24	21:00:00	3370.62	3371.27	3367.35	3368.00	3229	0	4
2025.07.24	23:00:00	3369.18	3369.29	3365.37	3368.79	3439	0	4
2025.07.25	00:00:00	3368.68	3371.62	3366.81	3369.52	3424	0	4
2025.07.25	01:00:00	3369.53	3373.54	3368.47	3372.22	4502	0	4
2025.07.25	02:00:00	3372.23	3372.72	3366.44	3371.09	7266	0	4
2025.07.25	03:00:00	3371.05	3371.05	3362.42	3363.11	6647	0	4
2025.07.25	04:00:00	3363.08	3363.57	3358.74	3359.14	5206	0	4
2025.07.25	05:00:00	3359.15	3363.52	3357.97	3360.96	4788	0	4
2025.07.25	06:00:00	3361.02	3362.42	3355.36	3358.71	5944	0	4
2025.07.25	07:00:00	3358.72	3359.75	3354.79	3359.45	7823	0	4
2025.07.25	08:00:00	3359.40	3360.13	3352.75	3354.07	6075	0	4
2025.07.25	09:00:00	3354.09	3355.34	3344.54	3345.47	7136	0	4
2025.07.25	10:00:00	3345.49	3348.94	3343.21	3345.95	5533	0	4
2025.07.25	11:00:00	3345.97	3348.08	3341.08	3342.89	5542	0	4
2025.07.25	12:00:00	3342.95	3345.26	3338.69	3341.16	6858	0	4
2025.07.25	13:00:00	3341.10	3344.19	3336.56	3340.92	9543	0	4
2025.07.25	14:00:00	3340.90	3347.48	3336.87	3344.02	16998	0	4
2025.07.25	15:00:00	3344.06	3344.90	3330.70	3331.83	18231	0	4
2025.07.25	16:00:00	3331.82	3336.07	3325.13	3327.84	17017	0	4
2025.07.25	17:00:00	3327.88	3331.44	3326.28	3329.75	9717	0	4
2025.07.25	18:00:00	3329.89	3336.86	3329.63	3336.03	7903	0	4
2025.07.25	19:00:00	3336.04	3339.44	3335.91	3338.87	5164	0	4
2025.07.25	20:00:00	3338.84	3340.28	3337.29	3337.74	6074	0	4
2025.07.25	21:00:00	3337.82	3339.21	3335.85	3336.19	3139	0	4
2025.07.27	23:00:00	3328.92	3335.41	3323.89	3329.72	5910	0	4
2025.07.28	00:00:00	3329.70	3337.43	3329.54	3333.66	5090	0	4
2025.07.28	01:00:00	3333.65	3336.00	3327.77	3333.53	5834	0	4
2025.07.28	02:00:00	3333.51	3338.86	3329.94	3332.01	9746	0	4
2025.07.28	03:00:00	3331.99	3336.53	3330.62	3335.71	6311	0	4
2025.07.28	04:00:00	3335.70	3343.35	3334.59	3343.31	5325	0	4
2025.07.28	05:00:00	3343.30	3344.09	3339.54	3339.73	4636	0	4
2025.07.28	06:00:00	3339.70	3344.20	3338.12	3343.40	6044	0	4
2025.07.28	07:00:00	3343.35	3345.43	3335.90	3340.12	8180	0	4
2025.07.28	08:00:00	3340.13	3341.96	3333.91	3335.09	7614	0	4
2025.07.28	09:00:00	3335.08	3338.88	3332.44	3336.13	6446	0	4
2025.07.28	10:00:00	3336.11	3340.73	3336.03	3337.85	5767	0	4
2025.07.28	11:00:00	3337.83	3338.85	3334.24	3335.96	6243	0	4
2025.07.28	12:00:00	3336.04	3338.42	3334.53	3336.58	5093	0	4
2025.07.28	13:00:00	3336.56	3338.40	3325.59	3328.43	11166	0	4
2025.07.28	14:00:00	3328.42	3330.66	3301.94	3302.34	16570	0	4
2025.07.28	15:00:00	3302.39	3314.85	3301.86	3307.97	18051	0	4
2025.07.28	16:00:00	3307.94	3317.26	3306.71	3314.83	11726	0	4
2025.07.28	17:00:00	3314.81	3315.01	3311.52	3312.24	7253	0	4
2025.07.28	18:00:00	3312.23	3313.23	3308.84	3310.83	8619	0	4
2025.07.28	19:00:00	3310.82	3315.66	3310.27	3313.73	5967	0	4
2025.07.28	20:00:00	3313.71	3318.88	3313.10	3317.21	6992	0	4
2025.07.28	21:00:00	3317.23	3318.48	3314.41	3314.49	3191	0	4
2025.07.28	23:00:00	3313.76	3315.33	3312.00	3314.83	3493	0	4
2025.07.29	00:00:00	3314.75	3314.83	3310.50	3312.72	2337	0	4
2025.07.29	01:00:00	3312.71	3316.01	3308.05	3311.59	5311	0	4
2025.07.29	02:00:00	3311.55	3320.92	3308.43	3319.04	8599	0	4
2025.07.29	03:00:00	3319.01	3320.37	3317.58	3318.92	5843	0	4
2025.07.29	04:00:00	3318.87	3318.93	3311.21	3312.67	5627	0	4
2025.07.29	05:00:00	3312.65	3317.41	3309.11	3316.52	5051	0	4
2025.07.29	06:00:00	3316.53	3320.09	3314.32	3319.95	5840	0	4
2025.07.29	07:00:00	3320.03	3322.37	3316.37	3317.05	10022	0	4
2025.07.29	08:00:00	3317.09	3318.70	3311.30	3317.25	9120	0	4
2025.07.29	09:00:00	3317.21	3329.97	3316.82	3326.40	8653	0	4
2025.07.29	10:00:00	3326.39	3328.33	3320.95	3324.54	8556	0	4
2025.07.29	11:00:00	3324.53	3326.37	3322.10	3322.14	4995	0	4
2025.07.29	12:00:00	3322.18	3322.24	3315.02	3315.27	6876	0	4
2025.07.29	13:00:00	3315.44	3324.57	3315.44	3323.41	9329	0	4
2025.07.29	14:00:00	3323.39	3324.31	3312.95	3317.88	14388	0	4
2025.07.29	15:00:00	3317.99	3329.62	3312.10	3329.03	15172	0	4
2025.07.29	16:00:00	3329.02	3334.21	3319.65	3320.72	12317	0	4
2025.07.29	17:00:00	3320.77	3324.84	3319.12	3323.18	8267	0	4
2025.07.29	18:00:00	3323.21	3329.29	3323.04	3328.30	7164	0	4
2025.07.29	19:00:00	3328.32	3330.98	3325.40	3325.84	6619	0	4
2025.07.29	20:00:00	3325.87	3328.76	3322.70	3325.03	8131	0	4
2025.07.29	21:00:00	3325.02	3326.70	3324.71	3326.22	3352	0	4
2025.07.29	23:00:00	3327.32	3329.22	3326.03	3327.80	1514	0	4
2025.07.30	00:00:00	3327.93	3328.42	3326.27	3327.71	1960	0	4
2025.07.30	01:00:00	3327.70	3333.68	3327.26	3330.25	4465	0	4
2025.07.30	02:00:00	3330.24	3333.35	3321.87	3323.48	8405	0	4
2025.07.30	03:00:00	3323.41	3332.35	3323.38	3329.46	7301	0	4
2025.07.30	04:00:00	3329.42	3329.87	3326.28	3328.43	4684	0	4
2025.07.30	05:00:00	3328.41	3329.90	3325.87	3327.22	3699	0	4
2025.07.30	06:00:00	3327.24	3330.62	3324.54	3325.01	6027	0	4
2025.07.30	07:00:00	3325.00	3327.55	3323.14	3327.30	7514	0	4
2025.07.30	08:00:00	3327.31	3332.17	3325.60	3327.72	6138	0	4
2025.07.30	09:00:00	3328.04	3333.50	3327.58	3332.29	5096	0	4
2025.07.30	10:00:00	3332.09	3334.06	3329.41	3331.28	4742	0	4
2025.07.30	11:00:00	3331.20	3333.00	3326.87	3328.52	6670	0	4
2025.07.30	12:00:00	3328.56	3331.64	3324.04	3330.86	7182	0	4
2025.07.30	13:00:00	3330.83	3331.95	3310.70	3313.23	12210	0	4
2025.07.30	14:00:00	3313.26	3316.12	3298.48	3303.19	19147	0	4
2025.07.30	15:00:00	3303.29	3308.47	3301.36	3302.17	12033	0	4
2025.07.30	16:00:00	3302.19	3303.40	3288.74	3290.40	11288	0	4
2025.07.30	17:00:00	3290.43	3298.62	3289.97	3298.07	5741	0	4
2025.07.30	18:00:00	3298.18	3302.14	3297.73	3301.63	4794	0	4
2025.07.30	19:00:00	3301.71	3304.89	3279.69	3280.28	21951	0	4
2025.07.30	20:00:00	3280.38	3282.74	3268.11	3269.38	18692	0	4
2025.07.30	21:00:00	3269.41	3276.24	3269.08	3274.97	7237	0	4
2025.07.30	23:00:00	3276.97	3280.09	3276.44	3279.01	2930	0	4
2025.07.31	00:00:00	3279.05	3285.73	3277.93	3285.25	3520	0	4
2025.07.31	01:00:00	3285.24	3288.41	3282.83	3286.36	6818	0	4
2025.07.31	02:00:00	3286.50	3294.00	3285.13	3293.91	9690	0	4
2025.07.31	03:00:00	3293.88	3297.50	3290.52	3297.27	7037	0	4
2025.07.31	04:00:00	3297.31	3298.62	3293.46	3295.05	6301	0	4
2025.07.31	05:00:00	3295.03	3298.42	3293.78	3298.19	4889	0	4
2025.07.31	06:00:00	3298.18	3301.69	3294.72	3299.78	5423	0	4
2025.07.31	07:00:00	3299.77	3304.76	3298.24	3299.15	8414	0	4
2025.07.31	08:00:00	3299.20	3309.65	3298.18	3304.73	7379	0	4
2025.07.31	09:00:00	3304.76	3314.88	3303.74	3310.00	8301	0	4
2025.07.31	10:00:00	3309.97	3313.21	3304.93	3306.67	7665	0	4
2025.07.31	11:00:00	3306.68	3308.11	3293.82	3296.27	9290	0	4
2025.07.31	12:00:00	3296.55	3307.79	3295.25	3306.18	10825	0	4
2025.07.31	13:00:00	3306.19	3311.20	3304.02	3307.68	11959	0	4
2025.07.31	14:00:00	3307.78	3310.45	3300.70	3301.43	17297	0	4
2025.07.31	15:00:00	3301.31	3303.15	3291.64	3296.38	17769	0	4
2025.07.31	16:00:00	3296.29	3299.08	3291.39	3295.62	13286	0	4
2025.07.31	17:00:00	3295.63	3297.19	3289.79	3295.11	11558	0	4
2025.07.31	18:00:00	3295.13	3298.44	3294.14	3294.99	9984	0	4
2025.07.31	19:00:00	3295.01	3297.06	3292.83	3295.81	7564	0	4
2025.07.31	20:00:00	3295.79	3296.40	3290.59	3291.03	8003	0	4
2025.07.31	21:00:00	3291.05	3293.73	3289.61	3290.00	3672	0	4
2025.07.31	23:00:00	3291.34	3295.12	3289.94	3295.01	2006	0	4
2025.08.01	00:00:00	3295.02	3295.11	3288.12	3288.62	4079	0	4
2025.08.01	01:00:00	3288.60	3293.86	3286.54	3290.45	6295	0	4
2025.08.01	02:00:00	3290.37	3293.72	3281.67	3283.71	8710	0	4
2025.08.01	03:00:00	3283.65	3292.49	3283.43	3291.87	8058	0	4
2025.08.01	04:00:00	3291.81	3297.24	3290.67	3291.56	5508	0	4
2025.08.01	05:00:00	3291.55	3295.49	3290.21	3292.22	5037	0	4
2025.08.01	06:00:00	3292.23	3300.45	3291.85	3296.77	6125	0	4
2025.08.01	07:00:00	3296.78	3297.78	3290.64	3292.36	7713	0	4
2025.08.01	08:00:00	3292.38	3293.46	3285.29	3286.87	8244	0	4
2025.08.01	09:00:00	3286.75	3294.47	3285.41	3294.35	6932	0	4
2025.08.01	10:00:00	3294.33	3296.42	3292.81	3294.50	6899	0	4
2025.08.01	11:00:00	3294.52	3303.16	3293.36	3298.35	6594	0	4
2025.08.01	12:00:00	3298.34	3301.37	3296.90	3300.36	6823	0	4
2025.08.01	13:00:00	3300.43	3345.28	3297.48	3341.35	19249	0	4
2025.08.01	14:00:00	3341.37	3354.70	3339.01	3342.04	24897	0	4
2025.08.01	15:00:00	3342.41	3355.14	3341.50	3345.83	22125	0	4
2025.08.01	16:00:00	3345.82	3351.31	3341.65	3348.66	14505	0	4
2025.08.01	17:00:00	3348.62	3349.48	3340.61	3347.33	12652	0	4
2025.08.01	18:00:00	3347.37	3349.47	3345.61	3348.27	10235	0	4
2025.08.01	19:00:00	3348.26	3351.30	3345.96	3347.63	7875	0	4
2025.08.01	20:00:00	3347.64	3361.36	3347.64	3357.26	10995	0	4
2025.08.01	21:00:00	3357.24	3363.64	3357.18	3363.50	4451	0	4
2025.08.03	23:00:00	3364.24	3364.43	3357.76	3359.22	4361	0	4
2025.08.04	00:00:00	3359.25	3362.00	3354.62	3361.98	3430	0	4
2025.08.04	01:00:00	3361.94	3362.01	3350.23	3352.20	6370	0	4
2025.08.04	02:00:00	3352.21	3353.60	3345.08	3352.30	9249	0	4
2025.08.04	03:00:00	3352.31	3355.24	3350.33	3354.40	5683	0	4
2025.08.04	04:00:00	3354.39	3360.83	3354.31	3360.31	5834	0	4
2025.08.04	05:00:00	3360.27	3362.10	3358.76	3359.01	3961	0	4
2025.08.04	06:00:00	3359.09	3361.03	3355.55	3357.62	4954	0	4
2025.08.04	07:00:00	3357.66	3362.65	3353.64	3362.65	8111	0	4
2025.08.04	08:00:00	3362.60	3362.61	3351.78	3355.93	8726	0	4
2025.08.04	09:00:00	3355.95	3359.89	3354.20	3358.49	6672	0	4
2025.08.04	10:00:00	3358.50	3361.86	3356.99	3358.10	6847	0	4
2025.08.04	11:00:00	3358.04	3358.94	3353.08	3357.90	6323	0	4
2025.08.04	12:00:00	3357.94	3370.77	3357.73	3370.31	8797	0	4
2025.08.04	13:00:00	3370.33	3371.57	3361.09	3367.87	10671	0	4
2025.08.04	14:00:00	3367.89	3385.44	3367.12	3383.41	16226	0	4
2025.08.04	15:00:00	3383.32	3384.72	3371.98	3374.13	15241	0	4
2025.08.04	16:00:00	3374.10	3376.23	3370.72	3374.44	11626	0	4
2025.08.04	17:00:00	3374.45	3378.21	3370.66	3371.08	8101	0	4
2025.08.04	18:00:00	3371.09	3374.34	3370.84	3374.01	7130	0	4
2025.08.04	19:00:00	3374.00	3376.86	3373.27	3375.80	5351	0	4
2025.08.04	20:00:00	3375.81	3377.19	3374.60	3376.05	5615	0	4
2025.08.04	21:00:00	3376.06	3376.93	3373.55	3373.94	2439	0	4
2025.08.04	23:00:00	3376.20	3376.55	3373.88	3374.81	1329	0	4
2025.08.05	00:00:00	3374.84	3379.73	3374.81	3377.40	3063	0	4
2025.08.05	01:00:00	3377.42	3381.39	3376.05	3379.81	4296	0	4
2025.08.05	02:00:00	3379.70	3382.54	3378.07	3379.11	6308	0	4
2025.08.05	03:00:00	3379.09	3381.39	3373.77	3373.77	5572	0	4
2025.08.05	04:00:00	3373.73	3375.45	3372.14	3372.20	4274	0	4
2025.08.05	05:00:00	3372.10	3373.14	3371.05	3371.20	3109	0	4
2025.08.05	06:00:00	3371.16	3374.12	3367.67	3374.03	5507	0	4
2025.08.05	07:00:00	3374.04	3374.18	3365.85	3366.29	5945	0	4
2025.08.05	08:00:00	3366.28	3375.57	3366.17	3373.76	8153	0	4
2025.08.05	09:00:00	3373.74	3374.71	3366.13	3366.16	7050	0	4
2025.08.05	10:00:00	3366.15	3366.37	3358.90	3359.70	6992	0	4
2025.08.05	11:00:00	3359.72	3361.92	3352.95	3353.21	7570	0	4
2025.08.05	12:00:00	3353.20	3354.45	3349.96	3351.41	7380	0	4
2025.08.05	13:00:00	3351.35	3367.03	3349.94	3366.24	11207	0	4
2025.08.05	14:00:00	3366.25	3379.74	3365.97	3373.50	14832	0	4
2025.08.05	15:00:00	3373.52	3386.59	3370.63	3385.27	18215	0	4
2025.08.05	16:00:00	3385.33	3390.15	3382.18	3389.53	11106	0	4
2025.08.05	17:00:00	3389.55	3390.46	3376.99	3382.08	9224	0	4
2025.08.05	18:00:00	3382.09	3382.82	3379.06	3380.12	6554	0	4
2025.08.05	19:00:00	3380.14	3381.20	3378.52	3380.01	5929	0	4
2025.08.05	20:00:00	3380.00	3381.38	3378.17	3379.13	4979	0	4
2025.08.05	21:00:00	3379.15	3380.87	3378.48	3380.85	2267	0	4
2025.08.05	23:00:00	3381.23	3381.23	3379.14	3379.72	1205	0	4
2025.08.06	00:00:00	3379.64	3384.00	3378.97	3383.29	2785	0	4
2025.08.06	01:00:00	3383.25	3385.39	3381.00	3383.52	4959	0	4
2025.08.06	02:00:00	3383.53	3383.65	3373.20	3376.19	7675	0	4
2025.08.06	03:00:00	3376.06	3377.89	3374.26	3376.35	4816	0	4
2025.08.06	04:00:00	3376.34	3378.35	3373.55	3374.56	3920	0	4
2025.08.06	05:00:00	3374.62	3376.53	3372.24	3372.45	2654	0	4
2025.08.06	06:00:00	3372.44	3374.73	3370.70	3374.36	4649	0	4
2025.08.06	07:00:00	3374.31	3378.67	3373.30	3375.21	5944	0	4
2025.08.06	08:00:00	3375.18	3377.21	3369.08	3373.59	6445	0	4
2025.08.06	09:00:00	3373.56	3374.66	3364.93	3365.17	6813	0	4
2025.08.06	10:00:00	3365.18	3367.80	3358.21	3358.96	6864	0	4
2025.08.06	11:00:00	3358.91	3365.58	3358.30	3363.67	7188	0	4
2025.08.06	12:00:00	3363.60	3367.11	3360.80	3365.20	5361	0	4
2025.08.06	13:00:00	3365.22	3369.32	3360.31	3367.55	9602	0	4
2025.08.06	14:00:00	3367.56	3373.58	3365.29	3371.62	14481	0	4
2025.08.06	15:00:00	3371.66	3379.41	3369.60	3379.38	11850	0	4
2025.08.06	16:00:00	3379.37	3379.98	3370.32	3377.47	11703	0	4
2025.08.06	17:00:00	3377.49	3379.38	3372.94	3376.10	8861	0	4
2025.08.06	18:00:00	3376.17	3377.63	3370.94	3374.71	8487	0	4
2025.08.06	19:00:00	3374.63	3374.71	3369.04	3371.65	7498	0	4
2025.08.06	20:00:00	3371.66	3373.14	3370.41	3371.77	5499	0	4
2025.08.06	21:00:00	3371.62	3372.22	3367.28	3369.08	3211	0	4
2025.08.06	23:00:00	3372.43	3374.83	3369.98	3372.03	2563	0	4
2025.08.07	00:00:00	3371.99	3371.99	3367.68	3370.32	3121	0	4
2025.08.07	01:00:00	3370.30	3374.92	3365.15	3372.32	7307	0	4
2025.08.07	02:00:00	3372.22	3382.52	3370.26	3382.29	7173	0	4
2025.08.07	03:00:00	3382.31	3384.07	3378.31	3379.61	5167	0	4
2025.08.07	04:00:00	3379.58	3380.32	3376.58	3379.83	3885	0	4
2025.08.07	05:00:00	3379.84	3380.69	3376.89	3377.63	3933	0	4
2025.08.07	06:00:00	3377.71	3381.02	3371.87	3375.48	7301	0	4
2025.08.07	07:00:00	3375.60	3387.86	3375.09	3387.86	7708	0	4
2025.08.07	08:00:00	3387.88	3397.49	3386.28	3396.25	8076	0	4
2025.08.07	09:00:00	3396.51	3396.63	3372.51	3378.24	11085	0	4
2025.08.07	10:00:00	3378.39	3381.38	3373.26	3376.76	9126	0	4
2025.08.07	11:00:00	3376.77	3378.89	3371.90	3373.12	7516	0	4
2025.08.07	12:00:00	3373.13	3383.32	3371.92	3378.44	9814	0	4
2025.08.07	13:00:00	3378.45	3389.97	3375.45	3380.87	10073	0	4
2025.08.07	14:00:00	3380.88	3393.96	3380.19	3385.04	12505	0	4
2025.08.07	15:00:00	3385.02	3390.32	3374.97	3387.98	14021	0	4
2025.08.07	16:00:00	3388.25	3390.82	3384.48	3390.24	8888	0	4
2025.08.07	17:00:00	3390.15	3392.68	3387.11	3388.78	7110	0	4
2025.08.07	18:00:00	3388.85	3393.04	3384.38	3392.31	7414	0	4
2025.08.07	19:00:00	3392.35	3394.01	3387.62	3388.24	5543	0	4
2025.08.07	20:00:00	3388.29	3400.74	3387.36	3399.91	7979	0	4
2025.08.07	21:00:00	3399.90	3401.90	3392.98	3396.88	7283	0	4
2025.08.07	23:00:00	3402.96	3408.81	3388.82	3404.37	7618	0	4
2025.08.08	00:00:00	3404.25	3407.15	3393.73	3400.40	4930	0	4
2025.08.08	01:00:00	3400.42	3402.47	3387.65	3390.43	12431	0	4
2025.08.08	02:00:00	3390.49	3391.33	3381.41	3383.61	12203	0	4
2025.08.08	03:00:00	3383.62	3390.33	3383.33	3388.53	9559	0	4
2025.08.08	04:00:00	3388.51	3397.79	3383.69	3396.05	10744	0	4
2025.08.08	05:00:00	3396.06	3399.37	3393.73	3394.28	7543	0	4
2025.08.08	06:00:00	3394.30	3395.98	3390.13	3392.38	8585	0	0
2025.08.08	07:00:00	3392.39	3397.70	3388.83	3393.73	10401	0	4
2025.08.08	08:00:00	3393.71	3404.31	3392.10	3401.78	11808	0	4
2025.08.08	09:00:00	3402.05	3402.74	3394.18	3394.40	10691	0	4
2025.08.08	10:00:00	3394.31	3401.41	3393.98	3400.67	10615	0	4
2025.08.08	11:00:00	3400.66	3401.10	3384.48	3385.13	11238	0	4
2025.08.08	12:00:00	3385.16	3388.63	3380.41	3386.11	12217	0	4
2025.08.08	13:00:00	3386.12	3401.91	3385.05	3391.41	14242	0	4
2025.08.08	14:00:00	3391.48	3401.80	3387.61	3400.24	14120	0	4
2025.08.08	15:00:00	3400.25	3401.20	3381.28	3390.64	12332	0	4
2025.08.08	16:00:00	3390.65	3395.31	3388.80	3395.27	10432	0	4
2025.08.08	17:00:00	3395.26	3400.88	3393.68	3397.60	8468	0	4
2025.08.08	18:00:00	3397.61	3399.53	3381.24	3381.24	7665	0	4
2025.08.08	19:00:00	3379.84	3404.61	3377.34	3395.58	12709	0	4
2025.08.08	20:00:00	3395.40	3401.07	3392.27	3398.77	9269	0	4
2025.08.08	21:00:00	3398.56	3398.93	3392.31	3397.04	5683	0	4
2025.08.10	23:00:00	3400.65	3401.75	3390.51	3395.29	3928	0	4
2025.08.11	00:00:00	3395.30	3396.93	3390.21	3391.42	3762	0	4
2025.08.11	01:00:00	3391.45	3391.67	3381.49	3381.67	11845	0	4
2025.08.11	02:00:00	3381.69	3383.94	3367.90	3377.63	17405	0	4
2025.08.11	03:00:00	3377.61	3380.04	3369.84	3377.30	12034	0	4
2025.08.11	04:00:00	3377.29	3380.31	3374.16	3378.34	9365	0	4
2025.08.11	05:00:00	3378.37	3379.83	3375.49	3375.94	6711	0	4
2025.08.11	06:00:00	3375.89	3380.09	3373.87	3377.07	9242	0	4
2025.08.11	07:00:00	3377.03	3377.25	3363.69	3365.73	14390	0	4
2025.08.11	08:00:00	3365.62	3366.53	3357.16	3360.21	16020	0	4
2025.08.11	09:00:00	3360.16	3365.80	3358.84	3361.90	14076	0	4
2025.08.11	10:00:00	3361.88	3363.88	3353.12	3353.35	13633	0	4
2025.08.11	11:00:00	3353.41	3363.95	3353.20	3358.52	11101	0	4
2025.08.11	12:00:00	3358.50	3358.92	3349.97	3355.32	13380	0	4
2025.08.11	13:00:00	3355.34	3357.59	3344.56	3356.87	18132	0	4
2025.08.11	14:00:00	3356.88	3362.91	3348.45	3358.65	20787	0	4
2025.08.11	15:00:00	3358.64	3359.42	3341.51	3346.36	18962	0	4
2025.08.11	16:00:00	3346.35	3352.27	3344.85	3349.42	12936	0	4
2025.08.11	17:00:00	3349.44	3350.28	3342.58	3344.18	10237	0	4
2025.08.11	18:00:00	3344.20	3358.86	3341.34	3357.65	16076	0	4
2025.08.11	19:00:00	3357.67	3358.75	3352.37	3356.26	10228	0	4
2025.08.11	20:00:00	3356.27	3356.92	3350.47	3351.61	7463	0	4
2025.08.11	21:00:00	3351.59	3351.80	3342.24	3342.80	6020	0	4
2025.08.11	23:00:00	3344.29	3347.30	3342.62	3347.20	3626	0	4
2025.08.12	00:00:00	3347.18	3349.60	3346.23	3349.00	3321	0	4
2025.08.12	01:00:00	3349.02	3355.78	3347.49	3354.46	7064	0	4
2025.08.12	02:00:00	3354.47	3357.48	3346.21	3349.89	10857	0	4
2025.08.12	03:00:00	3349.88	3354.36	3349.79	3353.01	6537	0	4
2025.08.12	04:00:00	3353.06	3355.35	3348.20	3349.47	6251	0	4
2025.08.12	05:00:00	3349.48	3355.73	3348.61	3354.41	6290	0	4
2025.08.12	06:00:00	3354.47	3355.86	3350.61	3354.70	7336	0	4
2025.08.12	07:00:00	3354.67	3354.92	3342.30	3345.41	12610	0	4
2025.08.12	08:00:00	3345.50	3358.17	3343.84	3355.68	10491	0	4
2025.08.12	09:00:00	3355.67	3355.87	3345.58	3348.07	8817	0	4
2025.08.12	10:00:00	3348.01	3351.94	3344.59	3345.65	6871	0	4
2025.08.12	11:00:00	3345.62	3350.70	3343.95	3344.73	8001	0	4
2025.08.12	12:00:00	3344.86	3348.37	3336.18	3347.57	10719	0	4
2025.08.12	13:00:00	3347.58	3358.15	3338.62	3349.99	22790	0	4
2025.08.12	14:00:00	3349.95	3357.27	3340.12	3345.59	27118	0	4
2025.08.12	15:00:00	3345.61	3346.52	3331.17	3337.53	24523	0	4
2025.08.12	16:00:00	3337.49	3359.35	3336.91	3349.92	21746	0	4
2025.08.12	17:00:00	3349.83	3351.25	3345.94	3349.48	12334	0	4
2025.08.12	18:00:00	3349.49	3350.64	3346.57	3349.08	8926	0	4
2025.08.12	19:00:00	3349.09	3350.90	3347.59	3349.09	7587	0	4
2025.08.12	20:00:00	3349.10	3349.46	3345.60	3347.68	6945	0	4
2025.08.12	21:00:00	3347.67	3349.98	3346.04	3348.03	4039	0	4
2025.08.12	23:00:00	3349.78	3353.68	3349.25	3350.60	2318	0	4
2025.08.13	00:00:00	3350.59	3352.15	3349.73	3350.62	2536	0	4
2025.08.13	01:00:00	3350.61	3350.80	3342.86	3343.64	6451	0	4
2025.08.13	02:00:00	3343.65	3352.14	3342.78	3350.99	9689	0	4
2025.08.13	03:00:00	3351.03	3354.35	3346.77	3351.72	8050	0	4
2025.08.13	04:00:00	3351.73	3352.98	3348.73	3349.81	5661	0	4
2025.08.13	05:00:00	3349.80	3352.30	3348.23	3351.77	3742	0	4
2025.08.13	06:00:00	3351.73	3352.06	3345.75	3349.29	5623	0	4
2025.08.13	07:00:00	3349.27	3357.66	3349.01	3357.14	9674	0	4
2025.08.13	08:00:00	3357.05	3361.03	3353.97	3354.86	8784	0	4
2025.08.13	09:00:00	3354.83	3363.53	3352.93	3360.31	9743	0	4
2025.08.13	10:00:00	3360.32	3366.63	3358.74	3364.70	8499	0	4
2025.08.13	11:00:00	3364.71	3367.00	3363.22	3366.12	6291	0	4
2025.08.13	12:00:00	3366.14	3367.13	3358.97	3362.36	8735	0	4
2025.08.13	13:00:00	3362.41	3363.79	3355.59	3358.15	12602	0	4
2025.08.13	14:00:00	3358.14	3365.91	3354.35	3365.11	14780	0	4
2025.08.13	15:00:00	3365.12	3370.79	3361.13	3363.14	14954	0	4
2025.08.13	16:00:00	3363.15	3363.67	3354.44	3357.84	11106	0	4
2025.08.13	17:00:00	3357.83	3360.91	3357.04	3357.94	6308	0	4
2025.08.13	18:00:00	3357.95	3359.39	3352.77	3353.72	5979	0	4
2025.08.13	19:00:00	3353.76	3354.48	3349.98	3353.77	5143	0	4
2025.08.13	20:00:00	3353.78	3358.88	3352.64	3357.94	4713	0	4
2025.08.13	21:00:00	3357.93	3358.29	3355.51	3355.69	2516	0	4
2025.08.13	23:00:00	3357.21	3358.39	3356.73	3357.59	1570	0	4
2025.08.14	00:00:00	3357.57	3363.55	3357.57	3362.79	3574	0	4
2025.08.14	01:00:00	3362.80	3374.79	3362.73	3369.62	8583	0	4
2025.08.14	02:00:00	3369.61	3370.86	3365.32	3367.49	10244	0	4
2025.08.14	03:00:00	3367.51	3369.38	3362.86	3362.93	7243	0	4
2025.08.14	04:00:00	3362.95	3364.12	3355.58	3360.42	9051	0	4
2025.08.14	05:00:00	3360.50	3361.85	3358.70	3360.57	4538	0	4
2025.08.14	06:00:00	3360.58	3361.94	3356.33	3359.03	6494	0	4
2025.08.14	07:00:00	3359.02	3362.41	3356.06	3362.03	9982	0	4
2025.08.14	08:00:00	3362.04	3366.44	3343.71	3346.17	12786	0	4
2025.08.14	09:00:00	3346.12	3350.47	3341.55	3346.28	11912	0	4
2025.08.14	10:00:00	3346.29	3359.24	3345.14	3356.60	10152	0	4
2025.08.14	11:00:00	3356.64	3359.04	3352.20	3355.01	7105	0	4
2025.08.14	12:00:00	3355.09	3357.21	3352.56	3355.44	7343	0	4
2025.08.14	13:00:00	3355.45	3358.43	3342.10	3350.55	18273	0	4
2025.08.14	14:00:00	3350.64	3356.15	3343.89	3344.22	23163	0	4
2025.08.14	15:00:00	3344.18	3346.70	3334.31	3340.60	22734	0	4
2025.08.14	16:00:00	3340.59	3342.89	3335.48	3341.80	14493	0	4
2025.08.14	17:00:00	3341.77	3342.05	3329.89	3334.45	14706	0	4
2025.08.14	18:00:00	3334.43	3338.53	3331.95	3337.84	9053	0	4
2025.08.14	19:00:00	3337.85	3339.46	3336.11	3338.34	5078	0	4
2025.08.14	20:00:00	3338.31	3341.08	3338.01	3338.04	5334	0	4
2025.08.14	21:00:00	3338.05	3338.58	3334.53	3335.33	3531	0	4
2025.08.14	23:00:00	3336.75	3336.98	3332.57	3333.43	2263	0	4
2025.08.15	00:00:00	3333.46	3336.70	3332.31	3335.59	2565	0	4
2025.08.15	01:00:00	3335.62	3338.78	3332.43	3337.28	5585	0	4
2025.08.15	02:00:00	3337.35	3340.25	3333.38	3339.63	8580	0	4
2025.08.15	03:00:00	3339.64	3340.84	3336.76	3340.53	6240	0	4
2025.08.15	04:00:00	3340.64	3344.80	3340.12	3343.38	4761	0	4
2025.08.15	05:00:00	3343.35	3346.68	3343.29	3345.50	5063	0	4
2025.08.15	06:00:00	3345.44	3348.75	3341.94	3343.85	6335	0	4
2025.08.15	07:00:00	3343.84	3344.16	3340.24	3340.45	7130	0	4
2025.08.15	08:00:00	3340.54	3346.64	3340.24	3346.24	6980	0	4
2025.08.15	09:00:00	3346.22	3348.32	3338.41	3341.36	8222	0	4
2025.08.15	10:00:00	3341.31	3345.01	3338.68	3342.73	8142	0	4
2025.08.15	11:00:00	3342.72	3342.72	3336.39	3337.71	7531	0	4
2025.08.15	12:00:00	3337.73	3344.21	3337.15	3342.40	7765	0	4
2025.08.15	13:00:00	3342.39	3343.96	3333.69	3342.65	14908	0	4
2025.08.15	14:00:00	3342.66	3345.99	3333.00	3335.13	18970	0	4
2025.08.15	15:00:00	3335.12	3343.65	3335.11	3341.85	14997	0	4
2025.08.15	16:00:00	3341.84	3345.12	3341.47	3342.35	10469	0	4
2025.08.15	17:00:00	3342.34	3342.50	3335.83	3338.20	8216	0	4
2025.08.15	18:00:00	3338.27	3339.01	3335.20	3336.11	6943	0	4
2025.08.15	19:00:00	3336.18	3338.32	3334.81	3336.03	5452	0	4
2025.08.15	20:00:00	3336.04	3339.69	3334.46	3339.18	5814	0	4
2025.08.15	21:00:00	3339.17	3339.47	3335.71	3335.99	2738	0	4
2025.08.17	23:00:00	3334.59	3335.35	3333.04	3334.41	2830	0	4
2025.08.18	00:00:00	3334.43	3334.48	3323.60	3327.04	5598	0	4
2025.08.18	01:00:00	3327.05	3342.89	3326.76	3340.60	9485	0	4
2025.08.18	02:00:00	3340.63	3347.43	3339.69	3346.85	10505	0	4
2025.08.18	03:00:00	3346.79	3347.56	3342.47	3343.41	6004	0	4
2025.08.18	04:00:00	3343.37	3351.81	3343.34	3347.08	6534	0	4
2025.08.18	05:00:00	3347.07	3358.21	3346.83	3357.62	5929	0	4
2025.08.18	06:00:00	3357.61	3358.52	3346.62	3349.58	10007	0	4
2025.08.18	07:00:00	3349.59	3351.24	3346.14	3349.60	8622	0	4
2025.08.18	08:00:00	3349.68	3355.73	3347.25	3349.05	9613	0	4
2025.08.18	09:00:00	3349.08	3349.90	3344.65	3348.75	7744	0	4
2025.08.18	10:00:00	3348.72	3351.72	3347.67	3348.19	6127	0	4
2025.08.18	11:00:00	3348.16	3351.43	3346.54	3346.66	5179	0	4
2025.08.18	12:00:00	3346.68	3348.81	3344.68	3345.45	4110	0	4
2025.08.18	13:00:00	3345.48	3348.86	3343.22	3344.88	7779	0	4
2025.08.18	14:00:00	3344.84	3345.04	3335.74	3336.83	12225	0	4
2025.08.18	15:00:00	3336.88	3338.72	3332.49	3334.35	12780	0	4
2025.08.18	16:00:00	3334.42	3336.90	3332.31	3335.70	7744	0	4
2025.08.18	17:00:00	3335.72	3335.95	3331.81	3334.34	6673	0	4
2025.08.18	18:00:00	3334.35	3334.91	3331.75	3333.86	5387	0	4
2025.08.18	19:00:00	3333.74	3333.86	3331.57	3331.96	3106	0	4
2025.08.18	20:00:00	3331.99	3334.33	3330.35	3333.62	4023	0	4
2025.08.18	21:00:00	3333.63	3334.37	3332.68	3332.75	1854	0	4
2025.08.18	23:00:00	3333.36	3334.68	3332.92	3334.44	1601	0	4
2025.08.19	00:00:00	3334.45	3334.70	3330.61	3331.01	2094	0	4
2025.08.19	01:00:00	3330.97	3339.26	3326.07	3335.19	7741	0	4
2025.08.19	02:00:00	3335.25	3335.71	3330.33	3333.04	10143	0	4
2025.08.19	03:00:00	3333.01	3338.11	3329.56	3338.08	6462	0	4
2025.08.19	04:00:00	3338.04	3341.62	3337.22	3337.86	5857	0	4
2025.08.19	05:00:00	3337.83	3338.23	3334.57	3337.76	3637	0	4
2025.08.19	06:00:00	3337.68	3340.71	3335.89	3336.21	5177	0	4
2025.08.19	07:00:00	3336.23	3338.87	3334.53	3336.10	5867	0	4
2025.08.19	08:00:00	3336.12	3341.83	3335.11	3340.82	6668	0	4
2025.08.19	09:00:00	3340.83	3341.01	3336.59	3338.03	4764	0	4
2025.08.19	10:00:00	3338.04	3339.71	3337.03	3339.37	3862	0	4
2025.08.19	11:00:00	3339.38	3345.33	3339.32	3343.66	4786	0	4
2025.08.19	12:00:00	3343.65	3344.81	3339.31	3339.80	4326	0	4
2025.08.19	13:00:00	3339.86	3340.65	3334.37	3334.79	7654	0	4
2025.08.19	14:00:00	3334.85	3339.43	3325.80	3333.97	15575	0	4
2025.08.19	15:00:00	3333.93	3337.00	3321.01	3325.34	15467	0	4
2025.08.19	16:00:00	3325.36	3326.85	3321.77	3322.72	10356	0	4
2025.08.19	17:00:00	3322.73	3324.45	3317.07	3317.55	7299	0	4
2025.08.19	18:00:00	3317.52	3320.10	3315.01	3317.60	6749	0	4
2025.08.19	19:00:00	3317.57	3320.25	3316.92	3318.54	3800	0	4
2025.08.19	20:00:00	3318.55	3318.91	3315.52	3315.91	5207	0	4
2025.08.19	21:00:00	3315.87	3317.53	3315.02	3315.46	2808	0	4
2025.08.19	23:00:00	3316.49	3317.54	3315.87	3316.93	1365	0	4
2025.08.20	00:00:00	3316.91	3316.91	3312.95	3314.30	2818	0	4
2025.08.20	01:00:00	3314.27	3316.90	3312.93	3316.12	5646	0	4
2025.08.20	02:00:00	3316.07	3317.84	3311.61	3315.31	9885	0	4
2025.08.20	03:00:00	3315.26	3317.10	3312.47	3314.12	6659	0	4
2025.08.20	04:00:00	3314.10	3318.67	3314.09	3317.64	5244	0	4
2025.08.20	05:00:00	3317.65	3321.00	3317.25	3318.77	3363	0	4
2025.08.20	06:00:00	3318.79	3323.98	3318.24	3323.49	4693	0	4
2025.08.20	07:00:00	3323.51	3325.99	3322.33	3323.11	7485	0	4
2025.08.20	08:00:00	3323.12	3327.62	3321.65	3324.86	5292	0	4
2025.08.20	09:00:00	3324.83	3325.71	3321.03	3325.04	5506	0	4
2025.08.20	10:00:00	3325.10	3327.46	3323.66	3326.23	5115	0	4
2025.08.20	11:00:00	3326.17	3327.97	3323.92	3326.69	5175	0	4
2025.08.20	12:00:00	3326.66	3332.96	3325.82	3332.37	7691	0	4
2025.08.20	13:00:00	3332.38	3344.90	3332.20	3342.94	13086	0	4
2025.08.20	14:00:00	3342.95	3348.38	3338.96	3344.85	13813	0	4
2025.08.20	15:00:00	3344.87	3350.33	3340.12	3347.00	12878	0	4
2025.08.20	16:00:00	3346.99	3347.01	3338.95	3340.74	9101	0	4
2025.08.20	17:00:00	3340.75	3346.03	3340.74	3345.17	5611	0	4
2025.08.20	18:00:00	3345.19	3348.10	3344.16	3346.67	4978	0	4
2025.08.20	19:00:00	3346.65	3347.11	3344.15	3345.76	4690	0	4
2025.08.20	20:00:00	3345.77	3349.32	3345.20	3348.83	4919	0	4
2025.08.20	21:00:00	3348.81	3349.35	3347.48	3348.50	2562	0	4
2025.08.20	23:00:00	3351.21	3352.14	3348.84	3349.70	2262	0	4
2025.08.21	00:00:00	3349.69	3349.69	3346.35	3346.90	2426	0	4
2025.08.21	01:00:00	3346.89	3346.89	3341.57	3342.41	4618	0	4
2025.08.21	02:00:00	3342.42	3346.36	3340.83	3342.82	6964	0	4
2025.08.21	03:00:00	3342.76	3344.98	3340.47	3344.65	5253	0	4
2025.08.21	04:00:00	3344.61	3344.80	3339.79	3339.97	3649	0	4
2025.08.21	05:00:00	3339.90	3341.11	3338.06	3338.32	2484	0	4
2025.08.21	06:00:00	3338.31	3340.74	3337.11	3338.90	4007	0	4
2025.08.21	07:00:00	3338.89	3339.94	3334.36	3336.65	6955	0	4
2025.08.21	08:00:00	3336.62	3341.52	3335.47	3339.70	6036	0	4
2025.08.21	09:00:00	3339.71	3341.38	3337.94	3339.67	4671	0	4
2025.08.21	10:00:00	3339.66	3342.20	3338.09	3340.69	4673	0	4
2025.08.21	11:00:00	3340.76	3341.60	3327.60	3328.49	7626	0	4
2025.08.21	12:00:00	3328.50	3334.45	3325.07	3333.62	8372	0	4
2025.08.21	13:00:00	3333.63	3345.15	3333.63	3341.94	13605	0	4
2025.08.21	14:00:00	3341.92	3347.61	3336.32	3339.41	16674	0	4
2025.08.21	15:00:00	3339.45	3348.18	3338.03	3344.27	16900	0	4
2025.08.21	16:00:00	3344.25	3346.24	3337.60	3343.67	12105	0	4
2025.08.21	17:00:00	3343.68	3343.96	3338.36	3339.84	6713	0	4
2025.08.21	18:00:00	3339.80	3342.07	3337.04	3337.07	5124	0	4
2025.08.21	19:00:00	3337.10	3339.61	3336.63	3339.39	3977	0	4
2025.08.21	20:00:00	3339.37	3341.96	3338.05	3338.82	4479	0	4
2025.08.21	21:00:00	3338.76	3339.27	3337.94	3338.67	1769	0	4
2025.08.21	23:00:00	3340.07	3340.61	3338.59	3338.97	1597	0	4
2025.08.22	00:00:00	3338.99	3339.51	3337.44	3338.33	1518	0	4
2025.08.22	01:00:00	3338.32	3339.88	3335.08	3339.64	4852	0	4
2025.08.22	02:00:00	3339.69	3340.32	3333.84	3334.22	5602	0	4
2025.08.22	03:00:00	3334.21	3336.30	3332.85	3334.09	5739	0	4
2025.08.22	04:00:00	3334.05	3335.36	3331.73	3331.99	4387	0	4
2025.08.22	05:00:00	3331.98	3332.79	3328.04	3328.44	3389	0	4
2025.08.22	06:00:00	3328.43	3331.44	3327.23	3330.10	4851	0	4
2025.08.22	07:00:00	3330.09	3330.41	3325.84	3329.56	7382	0	4
2025.08.22	08:00:00	3329.54	3335.08	3325.89	3327.51	7778	0	4
2025.08.22	09:00:00	3327.50	3330.66	3325.39	3328.88	6964	0	4
2025.08.22	10:00:00	3328.84	3331.65	3328.27	3330.16	4510	0	4
2025.08.22	11:00:00	3330.15	3331.76	3329.02	3331.00	3803	0	4
2025.08.22	12:00:00	3331.03	3331.06	3327.77	3329.43	4776	0	4
2025.08.22	13:00:00	3329.42	3330.00	3321.49	3323.46	12584	0	4
2025.08.22	14:00:00	3323.52	3336.08	3323.29	3333.83	13253	0	4
2025.08.22	15:00:00	3333.84	3376.75	3333.67	3373.91	34863	0	4
2025.08.22	16:00:00	3373.92	3378.85	3367.40	3367.98	17868	0	4
2025.08.22	17:00:00	3367.96	3374.32	3367.90	3370.61	9659	0	4
2025.08.22	18:00:00	3370.59	3375.54	3370.49	3374.30	6773	0	4
2025.08.22	19:00:00	3374.29	3375.07	3371.13	3372.76	5317	0	4
2025.08.22	20:00:00	3372.79	3373.67	3368.92	3373.20	6544	0	4
2025.08.22	21:00:00	3373.24	3373.66	3370.28	3371.88	2613	0	4
2025.08.24	23:00:00	3368.78	3370.19	3365.97	3367.32	2553	0	4
2025.08.25	00:00:00	3367.33	3371.10	3366.43	3369.14	2938	0	4
2025.08.25	01:00:00	3369.11	3369.70	3363.35	3364.89	5161	0	4
2025.08.25	02:00:00	3364.97	3367.80	3360.71	3362.91	8321	0	4
2025.08.25	03:00:00	3362.92	3365.20	3359.88	3364.50	5751	0	4
2025.08.25	04:00:00	3364.44	3368.15	3364.23	3367.39	3931	0	4
2025.08.25	05:00:00	3367.38	3367.69	3363.87	3366.08	3038	0	4
2025.08.25	06:00:00	3366.07	3366.07	3363.18	3364.65	3517	0	4
2025.08.25	07:00:00	3364.62	3369.58	3364.52	3369.00	5809	0	4
2025.08.25	08:00:00	3368.93	3369.86	3366.04	3366.26	4082	0	4
2025.08.25	09:00:00	3366.28	3366.81	3363.49	3363.97	4347	0	4
2025.08.25	10:00:00	3363.93	3368.06	3362.00	3367.40	4481	0	4
2025.08.25	11:00:00	3367.44	3368.49	3365.20	3366.03	4423	0	4
2025.08.25	12:00:00	3366.02	3371.58	3365.73	3370.65	4796	0	4
2025.08.25	13:00:00	3370.66	3371.30	3364.29	3364.57	6899	0	4
2025.08.25	14:00:00	3364.58	3371.36	3362.20	3370.92	12722	0	4
2025.08.25	15:00:00	3370.88	3375.47	3369.36	3374.44	14266	0	4
2025.08.25	16:00:00	3374.43	3376.32	3371.97	3374.11	8855	0	4
2025.08.25	17:00:00	3374.10	3374.41	3371.78	3373.92	6065	0	4
2025.08.25	18:00:00	3373.94	3374.93	3370.94	3371.19	6023	0	4
2025.08.25	19:00:00	3371.13	3373.33	3369.87	3370.54	5079	0	4
2025.08.25	20:00:00	3370.65	3370.94	3365.25	3365.47	7248	0	4
2025.08.25	21:00:00	3365.48	3366.20	3364.31	3365.58	3253	0	4
2025.08.25	23:00:00	3366.56	3367.18	3363.81	3364.25	2047	0	4
2025.08.26	00:00:00	3364.26	3364.26	3351.75	3354.94	6630	0	4
2025.08.26	01:00:00	3354.93	3386.47	3351.31	3383.31	25896	0	4
2025.08.26	02:00:00	3383.32	3385.14	3371.98	3376.87	16563	0	4
2025.08.26	03:00:00	3376.76	3379.09	3372.94	3375.43	8809	0	4
2025.08.26	04:00:00	3375.41	3375.50	3369.91	3372.27	7342	0	4
2025.08.26	05:00:00	3372.25	3379.01	3372.14	3377.39	5860	0	4
2025.08.26	06:00:00	3377.43	3379.09	3372.49	3376.75	7254	0	4
2025.08.26	07:00:00	3376.73	3377.72	3372.51	3376.23	8333	0	4
2025.08.26	08:00:00	3376.22	3379.14	3367.29	3376.73	12718	0	4
2025.08.26	09:00:00	3376.71	3379.85	3375.55	3376.74	8688	0	4
2025.08.26	10:00:00	3376.73	3378.64	3369.79	3372.07	9541	0	4
2025.08.26	11:00:00	3372.08	3375.19	3367.27	3372.10	7093	0	4
2025.08.26	12:00:00	3372.17	3380.33	3370.77	3377.51	10448	0	4
2025.08.26	13:00:00	3377.52	3379.87	3371.00	3372.02	11936	0	4
2025.08.26	14:00:00	3372.03	3378.22	3370.60	3375.66	18387	0	4
2025.08.26	15:00:00	3375.78	3379.62	3370.39	3379.39	15846	0	4
2025.08.26	16:00:00	3379.40	3389.44	3378.73	3386.77	12867	0	4
2025.08.26	17:00:00	3386.79	3387.74	3382.69	3383.17	8848	0	4
2025.08.26	18:00:00	3383.19	3385.98	3381.61	3381.83	6957	0	4
2025.08.26	19:00:00	3381.84	3385.76	3380.36	3385.69	5955	0	4
2025.08.26	20:00:00	3385.70	3390.99	3385.27	3389.77	8341	0	4
2025.08.26	21:00:00	3389.75	3393.63	3389.34	3393.51	3161	0	4
2025.08.26	23:00:00	3390.71	3392.06	3388.85	3391.18	3189	0	4
2025.08.27	00:00:00	3391.24	3393.06	3390.14	3390.98	2975	0	4
2025.08.27	01:00:00	3390.95	3393.56	3389.07	3389.67	6537	0	4
2025.08.27	02:00:00	3389.71	3390.16	3383.46	3386.25	11284	0	4
2025.08.27	03:00:00	3386.19	3387.00	3382.21	3384.16	6217	0	4
2025.08.27	04:00:00	3384.15	3384.47	3380.65	3380.69	4966	0	4
2025.08.27	05:00:00	3380.70	3381.26	3373.98	3374.99	7419	0	4
2025.08.27	06:00:00	3375.02	3378.95	3374.12	3377.24	8184	0	4
2025.08.27	07:00:00	3377.23	3381.96	3376.35	3377.54	8489	0	4
2025.08.27	08:00:00	3377.53	3381.65	3373.83	3381.53	8598	0	4
2025.08.27	09:00:00	3381.52	3384.99	3381.02	3384.54	8587	0	4
2025.08.27	10:00:00	3384.52	3385.48	3377.70	3378.28	7977	0	4
2025.08.27	11:00:00	3378.32	3379.30	3374.91	3375.64	10425	0	4
2025.08.27	12:00:00	3375.71	3378.23	3373.88	3376.83	8074	0	4
2025.08.27	13:00:00	3376.84	3382.90	3374.34	3381.19	12061	0	4
2025.08.27	14:00:00	3381.21	3384.89	3375.60	3377.93	18182	0	4
2025.08.27	15:00:00	3377.85	3386.89	3376.14	3386.57	15122	0	4
2025.08.27	16:00:00	3386.58	3390.45	3385.22	3388.05	12802	0	4
2025.08.27	17:00:00	3388.06	3398.92	3387.59	3395.53	13584	0	4
2025.08.27	18:00:00	3395.52	3397.52	3394.98	3395.24	9684	0	4
2025.08.27	19:00:00	3395.25	3396.35	3392.40	3394.62	5776	0	4
2025.08.27	20:00:00	3394.65	3396.46	3393.87	3396.31	7155	0	4
2025.08.27	21:00:00	3396.30	3398.22	3394.22	3397.28	4574	0	4
2025.08.27	23:00:00	3398.01	3398.46	3394.91	3395.84	2747	0	4
2025.08.28	00:00:00	3395.82	3399.36	3395.25	3395.88	4054	0	4
2025.08.28	01:00:00	3395.87	3398.09	3391.39	3392.12	6509	0	4
2025.08.28	02:00:00	3392.10	3392.91	3385.62	3386.09	14528	0	4
2025.08.28	03:00:00	3386.05	3391.44	3384.63	3391.43	10144	0	4
2025.08.28	04:00:00	3391.44	3392.51	3388.91	3390.14	6882	0	4
2025.08.28	05:00:00	3390.15	3392.26	3388.77	3390.37	4109	0	4
2025.08.28	06:00:00	3390.33	3390.89	3387.76	3389.27	6887	0	4
2025.08.28	07:00:00	3389.28	3395.66	3388.90	3395.38	12140	0	4
2025.08.28	08:00:00	3395.33	3397.63	3393.69	3395.88	9796	0	4
2025.08.28	09:00:00	3395.90	3401.05	3393.96	3400.71	11507	0	4
2025.08.28	10:00:00	3400.73	3401.67	3398.50	3399.26	6794	0	4
2025.08.28	11:00:00	3399.29	3399.29	3393.91	3397.08	12210	0	4
2025.08.28	12:00:00	3397.11	3407.71	3396.30	3404.10	13154	0	4
2025.08.28	13:00:00	3404.09	3408.76	3396.90	3397.27	21328	0	4
2025.08.28	14:00:00	3397.24	3410.47	3393.91	3407.40	25998	0	4
2025.08.28	15:00:00	3407.41	3413.52	3406.52	3412.28	20214	0	4
2025.08.28	16:00:00	3412.29	3413.24	3404.59	3410.95	13973	0	4
2025.08.28	17:00:00	3411.05	3417.79	3409.99	3415.57	12165	0	4
2025.08.28	18:00:00	3415.56	3418.84	3414.65	3418.04	9870	0	4
2025.08.28	19:00:00	3418.05	3420.42	3417.41	3420.12	8043	0	4
2025.08.28	20:00:00	3420.13	3423.27	3418.07	3422.14	13190	0	4
2025.08.28	21:00:00	3422.05	3422.41	3416.42	3417.16	4857	0	4
2025.08.28	23:00:00	3416.97	3417.89	3415.62	3416.86	2314	0	4
2025.08.29	00:00:00	3416.83	3416.86	3414.93	3414.94	2594	0	4
2025.08.29	01:00:00	3414.93	3417.93	3413.15	3413.52	7751	0	4
2025.08.29	02:00:00	3413.50	3413.65	3407.95	3410.02	12706	0	4
2025.08.29	03:00:00	3409.98	3413.99	3409.98	3411.32	7904	0	4
2025.08.29	04:00:00	3411.36	3413.53	3409.99	3410.83	5777	0	4
2025.08.29	05:00:00	3410.72	3411.37	3407.57	3408.88	5687	0	4
2025.08.29	06:00:00	3408.89	3410.85	3407.06	3410.36	5939	0	4
2025.08.29	07:00:00	3410.37	3412.66	3407.90	3410.24	9234	0	4
2025.08.29	08:00:00	3410.18	3412.74	3406.61	3412.23	11137	0	4
2025.08.29	09:00:00	3412.29	3414.86	3409.76	3410.47	9971	0	4
2025.08.29	10:00:00	3410.45	3411.12	3407.01	3407.53	9603	0	4
2025.08.29	11:00:00	3407.52	3408.96	3404.67	3405.54	7884	0	4
2025.08.29	12:00:00	3405.52	3411.37	3404.35	3410.81	9232	0	4
2025.08.29	13:00:00	3410.79	3416.90	3406.76	3416.51	16784	0	4
2025.08.29	14:00:00	3416.54	3429.09	3413.62	3428.98	24422	0	4
2025.08.29	15:00:00	3428.82	3441.18	3428.71	3441.06	30866	0	4
2025.08.29	16:00:00	3441.07	3447.75	3439.04	3445.52	23296	0	4
2025.08.29	17:00:00	3445.51	3449.38	3442.28	3449.20	17378	0	4
2025.08.29	18:00:00	3449.22	3450.19	3441.00	3443.69	15021	0	4
2025.08.29	19:00:00	3443.72	3445.70	3440.99	3443.06	10262	0	4
2025.08.29	20:00:00	3442.94	3454.09	3441.68	3452.83	14445	0	4
2025.08.29	21:00:00	3452.78	3452.85	3445.77	3448.20	8741	0	4
2025.08.31	23:00:00	3446.05	3452.64	3442.46	3450.41	5006	0	4
2025.09.01	00:00:00	3450.40	3451.05	3444.73	3448.02	4826	0	3
2025.09.01	01:00:00	3448.00	3448.07	3442.85	3444.10	8788	0	3
2025.09.01	02:00:00	3444.13	3459.34	3437.03	3457.38	20018	0	3
2025.09.01	03:00:00	3457.39	3484.94	3455.32	3483.70	36181	0	3
2025.09.01	04:00:00	3483.71	3486.12	3469.71	3474.67	21908	0	3
2025.09.01	05:00:00	3474.75	3479.39	3472.34	3475.15	10903	0	3
2025.09.01	06:00:00	3475.14	3482.98	3474.28	3477.52	17990	0	3
2025.09.01	07:00:00	3477.51	3489.88	3477.00	3479.19	20275	0	3
2025.09.01	08:00:00	3479.26	3480.92	3467.87	3477.98	18533	0	3
2025.09.01	09:00:00	3478.00	3479.90	3474.58	3477.01	15636	0	3
2025.09.01	10:00:00	3477.00	3477.15	3467.30	3469.49	15757	0	3
2025.09.01	11:00:00	3469.52	3474.04	3466.36	3470.64	16869	0	3
2025.09.01	12:00:00	3470.62	3473.60	3467.78	3470.12	15646	0	3
2025.09.01	13:00:00	3470.08	3471.73	3467.26	3469.53	13816	0	3
2025.09.01	14:00:00	3469.50	3479.13	3468.90	3475.42	16234	0	3
2025.09.01	15:00:00	3475.39	3481.48	3473.73	3475.70	14178	0	3
2025.09.01	16:00:00	3475.71	3479.12	3473.48	3474.17	9380	0	3
2025.09.01	17:00:00	3474.16	3477.77	3472.41	3477.40	5515	0	3
2025.09.01	18:00:00	3477.42	3478.90	3476.19	3477.98	5048	0	3
2025.09.01	19:00:00	3477.96	3478.05	3476.27	3476.38	1786	0	3
2025.09.01	23:00:00	3475.86	3480.13	3475.32	3475.32	6517	0	3
2025.09.02	00:00:00	3475.38	3481.57	3474.64	3479.33	6503	0	3
2025.09.02	01:00:00	3479.32	3485.13	3478.32	3479.27	16778	0	3
2025.09.02	02:00:00	3479.24	3508.84	3477.13	3497.80	33564	0	3
2025.09.02	03:00:00	3497.78	3500.69	3491.49	3496.28	21967	0	3
2025.09.02	04:00:00	3496.15	3496.15	3490.05	3495.22	14685	0	3
2025.09.02	05:00:00	3495.21	3498.35	3493.41	3496.76	12159	0	3
2025.09.02	06:00:00	3496.75	3497.86	3492.05	3493.28	13994	0	3
2025.09.02	07:00:00	3493.25	3495.86	3483.33	3485.62	21581	0	3
2025.09.02	08:00:00	3485.67	3488.27	3472.19	3477.00	25616	0	3
2025.09.02	09:00:00	3476.98	3481.44	3470.17	3477.74	21394	0	3
2025.09.02	10:00:00	3477.76	3480.55	3476.12	3476.76	17025	0	3
2025.09.02	11:00:00	3476.79	3485.76	3475.82	3485.69	18509	0	3
2025.09.02	12:00:00	3485.73	3490.15	3478.69	3489.83	23117	0	3
2025.09.02	13:00:00	3489.82	3494.21	3474.49	3482.00	36392	0	3
2025.09.02	14:00:00	3481.99	3493.68	3478.27	3489.47	38963	0	3
2025.09.02	15:00:00	3489.40	3514.16	3489.17	3511.20	40189	0	3
2025.09.02	16:00:00	3511.19	3520.50	3509.72	3520.48	25518	0	3
2025.09.02	17:00:00	3520.47	3528.84	3518.31	3527.87	20599	0	3
2025.09.02	18:00:00	3527.90	3530.19	3521.93	3529.39	16011	0	3
2025.09.02	19:00:00	3529.41	3532.20	3525.39	3528.41	11623	0	3
2025.09.02	20:00:00	3528.43	3540.09	3528.43	3537.09	15587	0	3
2025.09.02	21:00:00	3537.11	3537.78	3533.38	3533.78	5546	0	3
2025.09.02	23:00:00	3532.99	3534.98	3529.28	3529.43	4755	0	3
2025.09.03	00:00:00	3529.49	3533.23	3526.39	3530.00	7578	0	3
2025.09.03	01:00:00	3530.07	3546.94	3528.13	3536.11	21036	0	3
2025.09.03	02:00:00	3536.10	3541.76	3531.96	3538.84	21256	0	3
2025.09.03	03:00:00	3538.87	3545.96	3531.35	3531.83	18165	0	3
2025.09.03	04:00:00	3531.81	3533.48	3529.46	3530.87	15364	0	3
2025.09.03	05:00:00	3530.88	3538.38	3530.81	3536.99	11187	0	3
2025.09.03	06:00:00	3536.98	3538.05	3526.94	3530.00	14726	0	3
2025.09.03	07:00:00	3529.99	3537.51	3529.99	3535.44	15984	0	3
2025.09.03	08:00:00	3535.36	3537.00	3529.31	3533.89	17237	0	3
2025.09.03	09:00:00	3533.87	3541.34	3533.79	3540.06	16808	0	3
2025.09.03	10:00:00	3540.08	3542.00	3533.96	3534.40	15308	0	3
2025.09.03	11:00:00	3534.36	3541.81	3532.41	3540.05	14526	0	3
2025.09.03	12:00:00	3540.04	3549.64	3539.91	3547.64	18505	0	3
2025.09.03	13:00:00	3547.61	3551.52	3541.40	3550.63	27156	0	3
2025.09.03	14:00:00	3550.64	3561.48	3549.44	3553.88	39390	0	3
2025.09.03	15:00:00	3553.75	3565.73	3551.57	3558.48	42036	0	3
2025.09.03	16:00:00	3558.56	3567.38	3557.54	3563.93	24780	0	3
2025.09.03	17:00:00	3563.92	3572.66	3562.32	3572.53	16703	0	3
2025.09.03	18:00:00	3572.55	3576.11	3570.34	3574.49	13831	0	3
2025.09.03	19:00:00	3574.52	3578.53	3565.43	3570.44	23022	0	3
2025.09.03	20:00:00	3570.45	3571.79	3561.27	3563.74	23864	0	3
2025.09.03	21:00:00	3563.71	3566.09	3559.02	3559.70	8266	0	3
2025.09.03	23:00:00	3560.46	3564.19	3559.45	3561.85	11015	0	3
2025.09.04	00:00:00	3561.79	3561.89	3554.45	3560.42	13397	0	3
2025.09.04	01:00:00	3560.45	3562.58	3551.96	3561.62	15261	0	3
2025.09.04	02:00:00	3561.63	3563.49	3543.77	3546.28	26357	0	3
2025.09.04	03:00:00	3546.27	3550.56	3526.56	3530.97	28858	0	3
2025.09.04	04:00:00	3530.98	3531.91	3511.27	3529.12	25033	0	3
2025.09.04	05:00:00	3529.07	3534.41	3528.80	3533.11	8395	0	3
2025.09.04	06:00:00	3533.09	3534.17	3525.45	3527.41	15689	0	3
2025.09.04	07:00:00	3527.42	3541.71	3524.52	3536.10	20599	0	3
2025.09.04	08:00:00	3536.13	3541.28	3532.76	3541.12	16100	0	3
2025.09.04	09:00:00	3541.13	3545.64	3537.40	3541.33	15498	0	3
2025.09.04	10:00:00	3541.31	3544.93	3536.81	3538.79	13654	0	3
2025.09.04	11:00:00	3538.80	3547.07	3538.48	3540.93	12464	0	3
2025.09.04	12:00:00	3540.90	3549.97	3536.66	3545.62	17040	0	3
2025.09.04	13:00:00	3545.55	3552.29	3541.36	3548.40	26842	0	3
2025.09.04	14:00:00	3548.39	3558.91	3539.98	3547.08	35896	0	3
2025.09.04	15:00:00	3547.07	3547.07	3535.09	3545.98	37489	0	3
2025.09.04	16:00:00	3546.05	3553.35	3542.41	3552.88	19663	0	3
2025.09.04	17:00:00	3552.90	3556.41	3549.33	3552.74	14415	0	3
2025.09.04	18:00:00	3552.73	3555.52	3542.65	3542.90	12989	0	3
2025.09.04	19:00:00	3542.91	3548.44	3542.77	3546.41	9379	0	3
2025.09.04	20:00:00	3546.38	3551.20	3545.74	3549.92	8927	0	3
2025.09.04	21:00:00	3549.94	3550.58	3544.42	3545.52	3693	0	3
2025.09.04	23:00:00	3545.52	3545.77	3540.15	3541.01	3247	0	3
2025.09.05	00:00:00	3541.04	3554.63	3540.96	3552.66	7336	0	3
2025.09.05	01:00:00	3552.63	3556.65	3549.08	3552.23	13529	0	3
2025.09.05	02:00:00	3552.25	3556.65	3550.10	3552.52	14990	0	3
2025.09.05	03:00:00	3552.45	3555.48	3546.04	3550.89	13480	0	3
2025.09.05	04:00:00	3550.92	3559.17	3548.71	3558.38	9244	0	3
2025.09.05	05:00:00	3558.40	3559.26	3556.32	3558.55	5842	0	3
2025.09.05	06:00:00	3558.54	3561.17	3555.82	3557.84	12022	0	3
2025.09.05	07:00:00	3557.85	3558.14	3548.52	3552.57	15995	0	3
2025.09.05	08:00:00	3552.59	3554.35	3546.69	3548.23	17428	0	3
2025.09.05	09:00:00	3548.22	3549.93	3544.91	3546.06	13186	0	3
2025.09.05	10:00:00	3546.07	3553.82	3546.02	3552.45	11865	0	3
2025.09.05	11:00:00	3552.46	3553.00	3549.48	3551.81	12992	0	3
2025.09.05	12:00:00	3551.82	3555.22	3547.84	3553.30	16892	0	3
2025.09.05	13:00:00	3553.27	3586.85	3548.91	3580.32	44041	0	3
2025.09.05	14:00:00	3580.35	3595.31	3573.29	3594.48	52318	0	3
2025.09.05	15:00:00	3594.54	3598.03	3573.37	3590.36	52804	0	3
2025.09.05	16:00:00	3590.34	3595.52	3581.88	3592.01	33526	0	3
2025.09.05	17:00:00	3592.02	3600.22	3591.20	3595.21	23094	0	3
2025.09.05	18:00:00	3595.22	3597.54	3590.47	3596.47	21351	0	3
2025.09.05	19:00:00	3596.48	3597.30	3592.60	3595.65	15000	0	3
2025.09.05	20:00:00	3595.63	3596.20	3592.68	3594.82	14044	0	3
2025.09.05	21:00:00	3594.71	3595.43	3586.50	3587.40	9134	0	3
2025.09.07	23:00:00	3592.47	3597.01	3587.09	3592.21	19629	0	3
2025.09.08	00:00:00	3592.28	3594.04	3587.94	3591.25	11094	0	3
2025.09.08	01:00:00	3591.23	3594.48	3587.04	3594.38	15833	0	3
2025.09.08	02:00:00	3594.35	3597.22	3584.99	3589.59	28527	0	3
2025.09.08	03:00:00	3589.62	3594.40	3586.49	3590.76	20161	0	3
2025.09.08	04:00:00	3590.80	3592.35	3583.02	3583.56	12590	0	3
2025.09.08	05:00:00	3583.47	3584.88	3579.68	3581.66	8676	0	3
2025.09.08	06:00:00	3581.67	3591.68	3581.22	3591.29	12237	0	3
2025.09.08	07:00:00	3591.33	3598.88	3589.48	3598.09	15297	0	3
2025.09.08	08:00:00	3598.10	3613.61	3596.45	3609.55	20203	0	3
2025.09.08	09:00:00	3609.54	3617.45	3607.20	3611.24	16654	0	3
2025.09.08	10:00:00	3611.23	3615.01	3608.66	3613.85	12547	0	3
2025.09.08	11:00:00	3613.87	3622.56	3613.55	3617.06	13913	0	3
2025.09.08	12:00:00	3617.12	3620.06	3612.80	3619.99	11626	0	3
2025.09.08	13:00:00	3619.97	3626.07	3614.80	3624.31	20881	0	3
2025.09.08	14:00:00	3624.28	3637.05	3620.21	3633.46	38109	0	3
2025.09.08	15:00:00	3633.44	3640.90	3629.03	3640.74	36295	0	3
2025.09.08	16:00:00	3640.75	3646.47	3633.28	3639.38	30754	0	3
2025.09.08	17:00:00	3639.37	3641.84	3635.92	3640.80	17071	0	3
2025.09.08	18:00:00	3640.79	3641.23	3632.62	3633.48	16703	0	3
2025.09.08	19:00:00	3633.51	3636.68	3631.91	3635.99	13338	0	3
2025.09.08	20:00:00	3636.02	3637.70	3632.60	3636.58	13749	0	3
2025.09.08	21:00:00	3636.59	3638.01	3634.56	3635.47	4821	0	3
2025.09.08	23:00:00	3636.18	3636.93	3628.93	3629.51	5349	0	3
2025.09.09	00:00:00	3629.50	3636.21	3628.38	3634.99	7693	0	3
2025.09.09	01:00:00	3635.00	3640.94	3633.49	3638.57	13243	0	3
2025.09.09	02:00:00	3638.53	3647.50	3636.06	3646.47	23758	0	3
2025.09.09	03:00:00	3646.45	3654.61	3644.86	3647.69	24836	0	3
2025.09.09	04:00:00	3647.70	3652.05	3642.77	3645.99	18060	0	3
2025.09.09	05:00:00	3646.02	3657.20	3645.82	3655.01	10983	0	3
2025.09.09	06:00:00	3655.02	3659.39	3652.73	3655.35	15000	0	3
2025.09.09	07:00:00	3655.46	3656.38	3636.71	3647.61	27298	0	3
2025.09.09	08:00:00	3647.59	3651.03	3641.77	3644.33	16828	0	3
2025.09.09	09:00:00	3644.37	3651.08	3642.02	3648.18	21164	0	3
2025.09.09	10:00:00	3648.17	3656.80	3647.91	3653.67	13634	0	3
2025.09.09	11:00:00	3653.68	3656.09	3648.90	3651.95	12513	0	3
2025.09.09	12:00:00	3652.02	3654.28	3646.91	3648.09	12892	0	3
2025.09.09	13:00:00	3648.14	3655.40	3643.80	3647.55	26558	0	3
2025.09.09	14:00:00	3647.54	3668.34	3646.44	3666.17	39202	0	3
2025.09.09	15:00:00	3666.19	3674.64	3636.30	3645.16	40527	0	3
2025.09.09	16:00:00	3645.02	3646.54	3627.01	3645.74	22758	0	3
2025.09.09	17:00:00	3645.71	3649.51	3644.29	3645.11	13272	0	3
2025.09.09	18:00:00	3645.12	3646.55	3641.30	3642.83	13835	0	3
2025.09.09	19:00:00	3642.85	3645.21	3639.92	3640.52	10107	0	3
2025.09.09	20:00:00	3640.53	3641.40	3628.60	3629.39	15301	0	3
2025.09.09	21:00:00	3629.38	3632.88	3626.75	3626.97	6508	0	3
2025.09.09	23:00:00	3627.40	3635.89	3623.03	3635.55	8647	0	3
2025.09.10	00:00:00	3635.54	3640.85	3633.41	3633.60	9146	0	3
2025.09.10	01:00:00	3633.61	3634.50	3621.57	3624.02	15341	0	3
2025.09.10	02:00:00	3624.04	3632.83	3620.42	3630.78	23617	0	3
2025.09.10	03:00:00	3630.84	3638.37	3630.18	3636.35	15447	0	3
2025.09.10	04:00:00	3636.34	3637.10	3633.19	3636.60	9546	0	3
2025.09.10	05:00:00	3636.61	3643.28	3636.61	3643.01	7291	0	3
2025.09.10	06:00:00	3642.99	3645.42	3639.93	3643.01	9952	0	3
2025.09.10	07:00:00	3643.08	3647.71	3640.83	3643.66	15346	0	3
2025.09.10	08:00:00	3643.68	3648.51	3641.21	3644.06	16181	0	3
2025.09.10	09:00:00	3644.07	3647.73	3641.98	3645.91	13300	0	3
2025.09.10	10:00:00	3645.92	3656.08	3645.01	3655.28	11764	0	3
2025.09.10	11:00:00	3655.24	3657.62	3651.57	3655.31	13367	0	3
2025.09.10	12:00:00	3655.33	3656.46	3648.51	3649.35	15765	0	3
2025.09.10	13:00:00	3649.34	3657.39	3640.47	3644.12	29654	0	3
2025.09.10	14:00:00	3644.10	3654.09	3642.15	3651.31	32278	0	3
2025.09.10	15:00:00	3651.30	3655.48	3643.95	3647.66	26828	0	3
2025.09.10	16:00:00	3647.68	3648.74	3638.63	3644.45	14801	0	3
2025.09.10	17:00:00	3644.46	3646.92	3639.96	3642.88	10177	0	3
2025.09.10	18:00:00	3642.93	3647.67	3641.75	3647.52	9275	0	3
2025.09.10	19:00:00	3647.51	3649.74	3644.65	3645.40	8098	0	3
2025.09.10	20:00:00	3645.52	3646.36	3635.25	3642.09	8420	0	3
2025.09.10	21:00:00	3642.06	3642.98	3638.18	3640.14	3492	0	3
2025.09.10	23:00:00	3644.05	3644.45	3638.07	3639.85	3167	0	3
2025.09.11	00:00:00	3639.97	3645.63	3638.62	3645.01	3568	0	3
2025.09.11	01:00:00	3644.99	3647.15	3642.76	3644.01	7243	0	3
2025.09.11	02:00:00	3644.00	3649.15	3639.89	3640.98	8638	0	3
2025.09.11	03:00:00	3641.08	3643.52	3634.41	3637.21	7734	0	3
2025.09.11	04:00:00	3637.22	3637.46	3630.05	3631.99	7631	0	3
2025.09.11	05:00:00	3632.04	3634.41	3630.19	3630.69	4353	0	3
2025.09.11	06:00:00	3630.70	3633.49	3623.40	3625.27	10429	0	3
2025.09.11	07:00:00	3625.23	3638.12	3622.81	3633.24	10847	0	3
2025.09.11	08:00:00	3633.37	3633.49	3623.93	3629.91	11310	0	3
2025.09.11	09:00:00	3630.06	3631.77	3625.58	3626.25	7829	0	3
2025.09.11	10:00:00	3626.23	3626.23	3614.28	3621.92	10958	0	3
2025.09.11	11:00:00	3621.96	3624.69	3619.77	3621.88	7494	0	3
2025.09.11	12:00:00	3621.86	3622.25	3615.52	3616.86	8696	0	3
2025.09.11	13:00:00	3616.91	3644.01	3614.74	3629.00	19826	0	3
2025.09.11	14:00:00	3629.08	3637.12	3618.39	3630.27	23258	0	3
2025.09.11	15:00:00	3630.26	3637.89	3626.27	3629.57	17976	0	3
2025.09.11	16:00:00	3629.59	3639.07	3629.58	3633.14	12117	0	3
2025.09.11	17:00:00	3633.17	3642.05	3633.12	3636.26	11407	0	3
2025.09.11	18:00:00	3636.31	3636.64	3631.96	3635.17	8768	0	3
2025.09.11	19:00:00	3635.13	3637.13	3630.47	3632.34	6995	0	3
2025.09.11	20:00:00	3632.33	3637.53	3632.23	3637.07	7125	0	3
2025.09.11	21:00:00	3637.05	3637.76	3633.21	3633.55	2424	0	3
2025.09.11	23:00:00	3636.08	3638.26	3633.19	3634.99	2084	0	3
2025.09.12	00:00:00	3634.98	3636.17	3631.67	3631.93	2999	0	3
2025.09.12	01:00:00	3631.83	3638.02	3630.56	3636.57	7002	0	3
2025.09.12	02:00:00	3636.56	3647.62	3636.56	3646.43	14027	0	3
2025.09.12	03:00:00	3646.37	3650.83	3644.92	3649.01	9260	0	3
2025.09.12	04:00:00	3649.03	3653.32	3646.71	3652.95	7160	0	3
2025.09.12	05:00:00	3652.94	3656.23	3651.58	3655.04	4689	0	3
2025.09.12	06:00:00	3655.00	3656.70	3652.03	3653.27	6443	0	3
2025.09.12	07:00:00	3653.22	3654.15	3648.34	3650.65	8900	0	3
2025.09.12	08:00:00	3650.70	3653.87	3647.92	3648.40	8775	0	3
2025.09.12	09:00:00	3648.38	3651.35	3639.72	3641.06	11825	0	3
2025.09.12	10:00:00	3641.05	3647.11	3637.74	3646.62	10463	0	3
2025.09.12	11:00:00	3646.50	3652.18	3646.32	3651.19	8156	0	3
2025.09.12	12:00:00	3651.20	3652.13	3646.92	3647.11	8468	0	3
2025.09.12	13:00:00	3647.14	3649.03	3638.35	3645.48	15765	0	3
2025.09.12	14:00:00	3645.49	3652.66	3643.44	3650.38	17467	0	3
2025.09.12	15:00:00	3650.39	3654.39	3647.52	3648.02	15060	0	3
2025.09.12	16:00:00	3648.05	3648.34	3641.89	3644.60	12782	0	3
2025.09.12	17:00:00	3644.63	3649.74	3642.72	3649.20	7664	0	3
2025.09.12	18:00:00	3649.22	3650.70	3647.56	3648.75	7139	0	3
2025.09.12	19:00:00	3648.79	3649.52	3647.13	3648.48	5099	0	3
2025.09.12	20:00:00	3648.51	3648.55	3643.64	3644.18	6207	0	3
2025.09.12	21:00:00	3644.27	3645.51	3641.51	3643.43	4113	0	3
2025.09.14	23:00:00	3644.71	3646.10	3639.71	3642.16	2988	0	3
2025.09.15	00:00:00	3642.19	3642.19	3636.91	3638.21	3504	0	3
2025.09.15	01:00:00	3638.20	3642.64	3632.08	3633.48	7328	0	3
2025.09.15	02:00:00	3633.44	3634.89	3626.64	3634.53	11768	0	3
2025.09.15	03:00:00	3634.51	3645.49	3634.44	3641.01	9148	0	3
2025.09.15	04:00:00	3641.06	3646.50	3640.16	3646.06	6081	0	3
2025.09.15	05:00:00	3646.05	3646.89	3643.75	3645.70	3589	0	3
2025.09.15	06:00:00	3645.72	3646.32	3642.34	3643.71	5112	0	3
2025.09.15	07:00:00	3643.69	3643.97	3636.69	3636.70	8843	0	3
2025.09.15	08:00:00	3636.67	3645.09	3633.80	3643.95	10922	0	3
2025.09.15	09:00:00	3643.90	3645.80	3640.88	3645.51	8679	0	3
2025.09.15	10:00:00	3645.49	3646.03	3635.84	3641.30	9387	0	3
2025.09.15	11:00:00	3641.32	3646.42	3639.15	3639.96	9904	0	3
2025.09.15	12:00:00	3639.97	3646.79	3639.09	3642.65	9409	0	3
2025.09.15	13:00:00	3642.66	3651.02	3636.96	3650.42	14732	0	3
2025.09.15	14:00:00	3650.41	3664.34	3646.99	3657.23	18321	0	3
2025.09.15	15:00:00	3657.22	3663.97	3653.95	3663.55	16630	0	3
2025.09.15	16:00:00	3663.56	3681.98	3663.17	3680.67	14907	0	3
2025.09.15	17:00:00	3680.56	3685.69	3674.84	3679.26	15530	0	3
2025.09.15	18:00:00	3679.27	3682.72	3678.73	3681.81	10858	0	3
2025.09.15	19:00:00	3681.80	3682.12	3675.89	3676.97	8701	0	3
2025.09.15	20:00:00	3676.95	3682.88	3676.77	3681.11	8454	0	3
2025.09.15	21:00:00	3681.04	3682.08	3678.80	3679.04	3716	0	3
2025.09.15	23:00:00	3679.90	3680.24	3676.37	3678.93	2815	0	3
2025.09.16	00:00:00	3678.95	3680.56	3676.24	3677.00	2952	0	3
2025.09.16	01:00:00	3677.02	3686.96	3676.43	3686.45	8333	0	3
2025.09.16	02:00:00	3686.43	3689.58	3677.19	3679.35	11537	0	3
2025.09.16	03:00:00	3679.32	3682.68	3674.82	3677.74	10534	0	3
2025.09.16	04:00:00	3677.53	3683.20	3677.03	3681.11	6435	0	3
2025.09.16	05:00:00	3681.12	3685.50	3680.22	3684.32	4328	0	3
2025.09.16	06:00:00	3684.31	3684.61	3680.30	3682.77	5992	0	3
2025.09.16	07:00:00	3682.82	3694.16	3681.75	3693.48	10203	0	3
2025.09.16	08:00:00	3693.42	3694.16	3686.36	3686.52	11008	0	3
2025.09.16	09:00:00	3686.46	3697.18	3686.20	3694.35	9616	0	3
2025.09.16	10:00:00	3694.36	3698.97	3693.03	3698.33	9272	0	3
2025.09.16	11:00:00	3698.31	3698.85	3692.81	3693.24	8073	0	3
2025.09.16	12:00:00	3693.28	3699.50	3690.58	3697.18	10961	0	3
2025.09.16	13:00:00	3697.20	3697.48	3686.60	3689.20	21114	0	3
2025.09.16	14:00:00	3689.23	3698.65	3685.18	3695.67	26468	0	3
2025.09.16	15:00:00	3695.69	3703.09	3685.74	3686.39	32084	0	3
2025.09.16	16:00:00	3686.46	3689.00	3678.89	3686.32	25635	0	3
2025.09.16	17:00:00	3686.41	3691.23	3684.72	3689.75	15966	0	3
2025.09.16	18:00:00	3689.74	3690.98	3686.40	3687.83	12090	0	3
2025.09.16	19:00:00	3687.81	3691.02	3686.59	3690.73	8827	0	3
2025.09.16	20:00:00	3690.77	3691.12	3687.81	3689.70	7896	0	3
2025.09.16	21:00:00	3689.72	3693.85	3689.53	3689.98	3664	0	3
2025.09.16	23:00:00	3691.42	3692.90	3690.38	3691.96	1663	0	3
2025.09.17	00:00:00	3691.98	3695.17	3691.81	3694.24	3458	0	3
2025.09.17	01:00:00	3694.23	3695.37	3691.07	3691.31	6671	0	3
2025.09.17	02:00:00	3691.26	3692.05	3676.12	3679.46	19159	0	3
2025.09.17	03:00:00	3679.34	3683.89	3674.33	3682.30	15196	0	3
2025.09.17	04:00:00	3682.29	3683.63	3679.94	3681.80	6745	0	3
2025.09.17	05:00:00	3681.81	3682.59	3680.49	3680.85	3731	0	3
2025.09.17	06:00:00	3680.86	3685.92	3675.91	3679.23	11573	0	3
2025.09.17	07:00:00	3679.27	3679.90	3670.48	3675.06	13845	0	3
2025.09.17	08:00:00	3675.04	3677.31	3666.68	3667.23	14452	0	3
2025.09.17	09:00:00	3667.22	3668.00	3662.65	3664.87	14098	0	3
2025.09.17	10:00:00	3664.88	3671.05	3663.95	3667.93	12766	0	3
2025.09.17	11:00:00	3667.92	3669.82	3660.55	3661.57	17033	0	3
2025.09.17	12:00:00	3661.56	3669.86	3660.10	3666.05	15996	0	3
2025.09.17	13:00:00	3666.06	3679.37	3665.73	3678.71	16958	0	3
2025.09.17	14:00:00	3678.72	3682.64	3672.93	3678.87	24511	0	3
2025.09.17	15:00:00	3678.86	3686.18	3676.83	3684.40	20445	0	3
2025.09.17	16:00:00	3684.34	3687.24	3682.90	3684.23	13126	0	3
2025.09.17	17:00:00	3684.26	3688.56	3684.13	3684.81	9723	0	3
2025.09.17	18:00:00	3684.82	3687.86	3678.73	3686.86	12646	0	3
2025.09.17	19:00:00	3686.95	3707.61	3646.21	3650.32	52046	0	3
2025.09.17	20:00:00	3650.31	3666.97	3646.20	3661.73	38698	0	3
2025.09.17	21:00:00	3661.72	3661.87	3656.40	3659.62	7601	0	3
2025.09.17	23:00:00	3659.52	3665.40	3655.66	3663.06	5618	0	3
2025.09.18	00:00:00	3663.03	3672.08	3662.24	3669.22	6234	0	3
2025.09.18	01:00:00	3669.21	3669.94	3658.15	3665.29	13197	0	3
2025.09.18	02:00:00	3665.28	3668.84	3651.86	3657.16	23385	0	3
2025.09.18	03:00:00	3657.18	3665.82	3655.50	3664.82	12810	0	3
2025.09.18	04:00:00	3664.83	3666.10	3657.91	3658.52	7132	0	3
2025.09.18	05:00:00	3658.54	3659.35	3653.51	3653.69	7090	0	3
2025.09.18	06:00:00	3653.67	3659.23	3649.53	3651.64	13578	0	3
2025.09.18	07:00:00	3651.65	3652.01	3634.08	3637.56	22884	0	3
2025.09.18	08:00:00	3637.54	3659.91	3635.60	3658.94	18163	0	3
2025.09.18	09:00:00	3658.96	3665.85	3653.74	3665.53	14225	0	3
2025.09.18	10:00:00	3665.52	3673.05	3664.66	3671.79	14577	0	3
2025.09.18	11:00:00	3671.75	3672.58	3665.56	3667.15	11728	0	3
2025.09.18	12:00:00	3667.13	3670.97	3664.43	3667.25	12377	0	3
2025.09.18	13:00:00	3667.24	3672.46	3663.00	3663.36	19146	0	3
2025.09.18	14:00:00	3663.35	3664.05	3627.96	3642.21	36040	0	3
2025.09.18	15:00:00	3642.31	3646.45	3634.40	3638.45	33828	0	3
2025.09.18	16:00:00	3638.46	3642.40	3636.95	3641.34	20345	0	3
2025.09.18	17:00:00	3641.39	3647.29	3640.94	3646.38	15054	0	3
2025.09.18	18:00:00	3646.37	3646.87	3643.46	3643.63	13343	0	3
2025.09.18	19:00:00	3643.62	3643.69	3640.58	3641.47	9903	0	3
2025.09.18	20:00:00	3641.42	3647.19	3640.73	3646.69	9786	0	3
2025.09.18	21:00:00	3646.71	3647.15	3643.95	3644.40	2853	0	3
2025.09.18	23:00:00	3643.24	3643.40	3639.52	3640.35	2067	0	3
2025.09.19	00:00:00	3640.33	3641.89	3637.79	3640.26	3559	0	3
2025.09.19	01:00:00	3640.28	3642.81	3636.28	3640.13	8563	0	3
2025.09.19	02:00:00	3640.08	3651.26	3632.33	3639.91	18542	0	3
2025.09.19	03:00:00	3639.92	3650.30	3638.94	3647.43	14442	0	3
2025.09.19	04:00:00	3647.42	3656.32	3645.35	3653.69	12506	0	3
2025.09.19	05:00:00	3653.72	3659.95	3653.66	3658.95	9465	0	3
2025.09.19	06:00:00	3658.94	3661.26	3651.55	3652.55	12162	0	3
2025.09.19	07:00:00	3652.54	3654.15	3643.42	3646.98	17806	0	3
2025.09.19	08:00:00	3646.99	3657.66	3644.47	3654.07	13360	0	3
2025.09.19	09:00:00	3653.99	3656.65	3649.64	3655.76	12058	0	3
2025.09.19	10:00:00	3655.75	3658.89	3655.30	3658.63	9291	0	3
2025.09.19	11:00:00	3658.61	3659.20	3655.13	3655.90	7263	0	3
2025.09.19	12:00:00	3655.91	3655.96	3645.76	3648.43	14377	0	3
2025.09.19	13:00:00	3648.48	3651.95	3644.65	3649.36	17274	0	3
2025.09.19	14:00:00	3649.33	3664.47	3643.75	3663.42	26016	0	3
2025.09.19	15:00:00	3663.46	3669.38	3656.47	3667.05	28380	0	3
2025.09.19	16:00:00	3667.06	3675.96	3665.40	3670.82	22202	0	3
2025.09.19	17:00:00	3670.83	3673.35	3666.58	3668.35	13987	0	3
2025.09.19	18:00:00	3668.36	3679.59	3668.11	3678.71	14539	0	3
2025.09.19	19:00:00	3678.72	3684.20	3678.23	3683.81	12162	0	3
2025.09.19	20:00:00	3683.80	3685.35	3681.47	3684.64	12046	0	3
2025.09.19	21:00:00	3684.61	3685.17	3680.90	3684.87	5643	0	3
2025.09.21	23:00:00	3687.89	3692.21	3683.89	3688.50	5921	0	3
2025.09.22	00:00:00	3688.49	3690.53	3685.84	3686.34	5699	0	3
2025.09.22	01:00:00	3686.30	3691.03	3685.78	3690.86	9447	0	3
2025.09.22	02:00:00	3690.89	3696.82	3686.77	3689.31	20862	0	3
2025.09.22	03:00:00	3689.29	3693.37	3685.69	3686.47	13658	0	3
2025.09.22	04:00:00	3686.43	3697.55	3686.05	3695.46	11602	0	3
2025.09.22	05:00:00	3695.42	3695.94	3690.10	3692.22	6207	0	3
2025.09.22	06:00:00	3692.21	3700.31	3691.94	3697.15	9774	0	3
2025.09.22	07:00:00	3697.16	3719.98	3695.57	3714.42	19958	0	3
2025.09.22	08:00:00	3714.48	3716.37	3708.75	3713.27	17513	0	3
2025.09.22	09:00:00	3713.13	3722.53	3712.46	3720.44	13916	0	3
2025.09.22	10:00:00	3720.41	3726.65	3719.31	3723.32	12418	0	3
2025.09.22	11:00:00	3723.34	3728.37	3721.09	3727.42	11371	0	3
2025.09.22	12:00:00	3727.41	3728.33	3721.31	3724.71	13114	0	3
2025.09.22	13:00:00	3724.74	3725.58	3712.09	3721.73	20772	0	3
2025.09.22	14:00:00	3721.72	3725.57	3713.85	3722.43	31354	0	3
2025.09.22	15:00:00	3722.42	3726.50	3716.92	3725.94	26875	0	3
2025.09.22	16:00:00	3725.95	3736.45	3723.55	3736.21	18896	0	3
2025.09.22	17:00:00	3736.19	3739.64	3735.32	3737.16	14275	0	3
2025.09.22	18:00:00	3737.15	3747.33	3737.15	3746.66	13957	0	3
2025.09.22	19:00:00	3746.62	3748.11	3744.75	3747.74	10550	0	3
2025.09.22	20:00:00	3747.71	3748.95	3742.48	3747.81	11326	0	3
2025.09.22	21:00:00	3747.76	3748.70	3745.55	3747.06	4056	0	3
2025.09.22	23:00:00	3747.01	3747.76	3738.33	3740.07	3738	0	3
2025.09.23	00:00:00	3740.11	3749.26	3739.08	3747.82	6557	0	3
2025.09.23	01:00:00	3747.84	3750.70	3744.92	3747.33	11503	0	3
2025.09.23	02:00:00	3747.34	3759.29	3745.80	3754.56	21887	0	3
2025.09.23	03:00:00	3754.64	3755.51	3736.79	3741.85	22335	0	3
2025.09.23	04:00:00	3741.81	3747.20	3739.10	3746.64	13286	0	3
2025.09.23	05:00:00	3746.63	3747.58	3743.28	3744.79	8172	0	3
2025.09.23	06:00:00	3744.70	3758.78	3743.29	3753.23	14679	0	3
2025.09.23	07:00:00	3753.20	3757.44	3751.41	3754.00	17505	0	3
2025.09.23	08:00:00	3753.98	3757.49	3749.06	3753.39	16589	0	3
2025.09.23	09:00:00	3753.41	3775.23	3753.15	3774.41	18902	0	3
2025.09.23	10:00:00	3774.42	3791.14	3774.30	3784.90	22657	0	3
2025.09.23	11:00:00	3784.93	3787.98	3780.94	3783.02	14973	0	3
2025.09.23	12:00:00	3783.03	3788.91	3779.75	3783.52	18813	0	3
2025.09.23	13:00:00	3783.58	3785.43	3777.59	3784.33	21661	0	3
2025.09.23	14:00:00	3784.32	3788.80	3774.18	3784.00	30892	0	3
2025.09.23	15:00:00	3784.01	3784.95	3767.79	3774.08	31039	0	3
2025.09.23	16:00:00	3774.10	3782.07	3772.90	3779.44	19589	0	3
2025.09.23	17:00:00	3779.43	3782.07	3765.20	3779.29	23355	0	3
2025.09.23	18:00:00	3779.28	3785.80	3775.84	3777.47	21216	0	3
2025.09.23	19:00:00	3777.46	3781.58	3756.22	3756.71	20120	0	3
2025.09.23	20:00:00	3756.77	3768.21	3752.07	3764.34	24782	0	3
2025.09.23	21:00:00	3764.36	3767.52	3762.54	3763.95	7053	0	3
2025.09.23	23:00:00	3765.36	3766.72	3761.75	3765.48	3651	0	3
2025.09.24	00:00:00	3765.42	3770.25	3761.99	3763.91	7226	0	3
2025.09.24	01:00:00	3763.93	3765.57	3758.91	3765.22	11486	0	3
2025.09.24	02:00:00	3765.23	3771.81	3755.13	3756.62	19308	0	3
2025.09.24	03:00:00	3756.61	3759.42	3750.74	3757.06	14317	0	3
2025.09.24	04:00:00	3757.07	3766.60	3752.41	3765.41	12574	0	3
2025.09.24	05:00:00	3765.39	3768.34	3763.29	3768.28	7823	0	3
2025.09.24	06:00:00	3768.33	3777.04	3767.99	3774.96	11877	0	3
2025.09.24	07:00:00	3774.98	3776.19	3769.34	3771.22	13873	0	3
2025.09.24	08:00:00	3771.25	3779.35	3770.74	3777.50	12364	0	3
2025.09.24	09:00:00	3777.51	3777.83	3767.11	3770.15	11273	0	3
2025.09.24	10:00:00	3770.13	3771.77	3763.14	3768.51	10826	0	3
2025.09.24	11:00:00	3768.49	3768.78	3759.85	3762.14	12254	0	3
2025.09.24	12:00:00	3762.17	3769.60	3759.76	3769.05	13114	0	3
2025.09.24	13:00:00	3768.87	3771.50	3764.15	3768.07	21619	0	3
2025.09.24	14:00:00	3768.04	3772.96	3759.16	3761.32	28375	0	3
2025.09.24	15:00:00	3761.37	3765.15	3749.67	3752.70	32010	0	3
2025.09.24	16:00:00	3752.69	3756.68	3739.90	3741.16	24292	0	3
2025.09.24	17:00:00	3741.15	3745.28	3732.31	3735.75	21461	0	3
2025.09.24	18:00:00	3735.73	3738.80	3732.43	3733.19	13535	0	3
2025.09.24	19:00:00	3733.18	3733.99	3722.82	3724.24	15445	0	3
2025.09.24	20:00:00	3724.28	3731.92	3717.49	3730.19	16449	0	3
2025.09.24	21:00:00	3730.21	3737.57	3730.08	3736.58	5283	0	3
2025.09.24	23:00:00	3739.44	3745.30	3739.02	3741.12	4348	0	3
2025.09.25	00:00:00	3741.13	3745.33	3739.15	3743.07	4312	0	3
2025.09.25	01:00:00	3742.96	3751.59	3741.41	3749.07	12367	0	3
2025.09.25	02:00:00	3748.97	3750.55	3733.05	3736.10	16992	0	3
2025.09.25	03:00:00	3736.09	3742.50	3729.69	3739.62	13542	0	3
2025.09.25	04:00:00	3739.57	3739.72	3734.44	3736.67	9159	0	3
2025.09.25	05:00:00	3736.70	3740.83	3731.96	3738.19	7011	0	3
2025.09.25	06:00:00	3738.21	3741.35	3734.19	3738.71	9448	0	3
2025.09.25	07:00:00	3738.74	3748.26	3737.82	3741.08	12688	0	3
2025.09.25	08:00:00	3741.07	3755.05	3740.06	3752.31	17385	0	3
2025.09.25	09:00:00	3752.27	3761.53	3751.31	3756.50	18557	0	3
2025.09.25	10:00:00	3756.45	3761.29	3750.39	3757.05	15932	0	3
2025.09.25	11:00:00	3757.06	3760.90	3755.68	3757.17	13273	0	3
2025.09.25	12:00:00	3757.20	3757.66	3741.16	3753.46	20869	0	3
2025.09.25	13:00:00	3753.56	3755.88	3730.75	3738.75	28025	0	3
2025.09.25	14:00:00	3738.76	3745.56	3722.08	3733.76	35795	0	3
2025.09.25	15:00:00	3733.74	3736.48	3723.71	3731.58	30456	0	3
2025.09.25	16:00:00	3731.60	3738.87	3728.10	3735.93	22225	0	3
2025.09.25	17:00:00	3735.91	3742.84	3732.83	3733.75	17566	0	3
2025.09.25	18:00:00	3733.76	3744.30	3732.43	3741.82	17816	0	3
2025.09.25	19:00:00	3741.85	3758.34	3736.71	3755.29	19740	0	3
2025.09.25	20:00:00	3755.28	3756.77	3744.67	3746.67	17226	0	3
2025.09.25	21:00:00	3746.66	3752.58	3746.15	3749.69	5491	0	3
2025.09.25	23:00:00	3747.31	3751.64	3746.46	3748.83	3762	0	3
2025.09.26	00:00:00	3748.88	3749.91	3738.11	3744.74	7032	0	3
2025.09.26	01:00:00	3744.73	3749.42	3740.29	3749.42	12225	0	3
2025.09.26	02:00:00	3749.45	3753.37	3737.80	3739.08	18164	0	3
2025.09.26	03:00:00	3739.09	3742.87	3737.74	3738.45	11308	0	3
2025.09.26	04:00:00	3738.47	3746.10	3734.51	3745.61	8983	0	3
2025.09.26	05:00:00	3745.63	3747.77	3744.79	3747.67	6065	0	3
2025.09.26	06:00:00	3747.64	3749.69	3741.96	3742.08	7733	0	3
2025.09.26	07:00:00	3742.05	3754.11	3741.61	3743.62	17611	0	3
2025.09.26	08:00:00	3743.65	3749.61	3739.26	3748.08	14837	0	3
2025.09.26	09:00:00	3748.06	3755.27	3747.14	3753.06	12564	0	3
2025.09.26	10:00:00	3752.98	3754.52	3747.32	3751.56	10963	0	3
2025.09.26	11:00:00	3751.52	3755.07	3743.01	3744.69	11461	0	3
2025.09.26	12:00:00	3744.68	3752.92	3744.52	3748.66	11852	0	3
2025.09.26	13:00:00	3748.65	3757.33	3746.60	3752.21	15418	0	3
2025.09.26	14:00:00	3752.15	3766.35	3751.33	3762.08	22629	0	3
2025.09.26	15:00:00	3761.86	3783.77	3761.81	3779.01	22807	0	3
2025.09.26	16:00:00	3778.99	3780.92	3773.25	3780.43	16044	0	3
2025.09.26	17:00:00	3780.40	3781.14	3771.51	3774.27	13920	0	3
2025.09.26	18:00:00	3774.26	3783.19	3774.17	3783.00	11045	0	3
2025.09.26	19:00:00	3783.01	3783.27	3774.79	3778.57	9171	0	3
2025.09.26	20:00:00	3778.56	3778.57	3764.73	3766.86	11853	0	3
2025.09.26	21:00:00	3766.73	3769.44	3761.19	3761.57	5426	0	3
2025.09.28	23:00:00	3764.99	3771.01	3763.50	3770.53	4866	0	3
2025.09.29	00:00:00	3770.48	3772.51	3766.47	3766.93	5221	0	3
2025.09.29	01:00:00	3766.92	3787.49	3764.01	3787.14	10739	0	3
2025.09.29	02:00:00	3787.13	3788.80	3767.97	3778.80	20451	0	3
2025.09.29	03:00:00	3778.75	3798.79	3777.71	3792.93	15399	0	3
2025.09.29	04:00:00	3792.94	3799.42	3792.30	3794.40	11799	0	3
2025.09.29	05:00:00	3794.39	3809.02	3792.58	3805.18	10301	0	3
2025.09.29	06:00:00	3805.05	3814.58	3801.42	3813.62	13939	0	3
2025.09.29	07:00:00	3813.74	3819.90	3810.97	3817.47	15877	0	3
2025.09.29	08:00:00	3817.43	3819.36	3805.14	3806.35	14466	0	3
2025.09.29	09:00:00	3806.76	3819.50	3806.76	3818.86	11469	0	3
2025.09.29	10:00:00	3818.85	3819.72	3807.01	3807.57	10278	0	3
2025.09.29	11:00:00	3807.56	3818.54	3806.56	3817.93	10746	0	3
2025.09.29	12:00:00	3817.98	3831.41	3816.49	3829.05	12414	0	3
2025.09.29	13:00:00	3829.02	3830.42	3811.76	3813.67	19613	0	3
2025.09.29	14:00:00	3813.79	3828.16	3809.33	3821.42	21388	0	3
2025.09.29	15:00:00	3821.48	3830.61	3816.80	3828.24	20515	0	3
2025.09.29	16:00:00	3828.29	3833.31	3821.29	3830.48	16485	0	3
2025.09.29	17:00:00	3830.49	3833.60	3828.26	3830.36	11025	0	3
2025.09.29	18:00:00	3830.39	3832.92	3824.16	3829.00	11759	0	3
2025.09.29	19:00:00	3829.18	3830.72	3823.41	3824.58	11284	0	3
2025.09.29	20:00:00	3824.52	3829.89	3822.61	3828.87	13614	0	3
2025.09.29	21:00:00	3828.89	3834.12	3827.83	3833.93	5896	0	3
2025.09.29	23:00:00	3832.24	3832.24	3825.71	3830.76	3404	0	3
2025.09.30	00:00:00	3830.59	3833.41	3828.13	3832.93	4638	0	3
2025.09.30	01:00:00	3832.96	3840.64	3831.24	3839.10	13537	0	3
2025.09.30	02:00:00	3839.09	3850.82	3838.01	3848.07	18865	0	3
2025.09.30	03:00:00	3848.13	3851.98	3842.64	3848.06	15983	0	3
2025.09.30	04:00:00	3848.15	3867.17	3845.91	3864.82	15475	0	3
2025.09.30	05:00:00	3864.81	3867.09	3862.07	3867.03	8782	0	3
2025.09.30	06:00:00	3867.04	3870.43	3862.72	3869.78	14991	0	4
2025.09.30	07:00:00	3869.79	3871.75	3854.93	3856.08	19720	0	4
2025.09.30	08:00:00	3856.01	3859.48	3839.65	3843.79	21495	0	4
2025.09.30	09:00:00	3843.82	3847.18	3807.77	3816.31	30197	0	3
2025.09.30	10:00:00	3816.32	3821.54	3793.24	3798.85	26510	0	3
2025.09.30	11:00:00	3798.73	3814.71	3798.27	3812.16	18447	0	3
2025.09.30	12:00:00	3812.11	3817.81	3804.51	3815.39	15594	0	3
2025.09.30	13:00:00	3815.30	3821.67	3808.98	3819.39	20599	0	3
2025.09.30	14:00:00	3819.38	3830.05	3811.68	3824.38	27210	0	3
2025.09.30	15:00:00	3824.23	3854.47	3820.53	3854.15	32582	0	3
2025.09.30	16:00:00	3854.14	3854.18	3831.29	3839.18	29315	0	3
2025.09.30	17:00:00	3839.17	3848.08	3838.11	3846.05	18512	0	3
2025.09.30	18:00:00	3846.09	3849.33	3842.74	3844.09	15335	0	3
2025.09.30	19:00:00	3844.08	3849.15	3839.89	3848.09	11374	0	3
2025.09.30	20:00:00	3848.12	3860.90	3847.24	3859.11	13734	0	3
2025.09.30	21:00:00	3859.13	3860.22	3850.75	3858.97	8430	0	3
2025.09.30	23:00:00	3860.18	3861.42	3854.70	3860.04	5618	0	3
2025.10.01	00:00:00	3860.05	3863.03	3860.05	3862.88	4362	0	3
2025.10.01	01:00:00	3862.89	3865.41	3858.75	3861.02	9554	0	3
2025.10.01	02:00:00	3860.96	3868.99	3859.24	3868.97	10183	0	3
2025.10.01	03:00:00	3868.95	3875.49	3858.39	3863.50	16315	0	3
2025.10.01	04:00:00	3863.48	3866.42	3855.68	3862.04	13085	0	3
2025.10.01	05:00:00	3862.00	3865.02	3857.53	3864.95	8869	0	3
2025.10.01	06:00:00	3864.90	3869.91	3862.17	3863.40	11716	0	3
2025.10.01	07:00:00	3863.33	3864.96	3853.47	3859.19	15935	0	3
2025.10.01	08:00:00	3859.29	3879.68	3859.02	3879.27	19554	0	3
2025.10.01	09:00:00	3879.26	3895.32	3879.14	3893.02	20700	0	3
2025.10.01	10:00:00	3893.03	3895.24	3883.85	3889.05	15262	0	3
2025.10.01	11:00:00	3889.11	3889.67	3885.31	3887.60	11737	0	3
2025.10.01	12:00:00	3887.57	3888.53	3878.05	3883.65	12643	0	3
2025.10.01	13:00:00	3883.77	3891.21	3864.67	3870.39	30077	0	3
2025.10.01	14:00:00	3870.40	3877.14	3863.83	3873.00	30125	0	3
2025.10.01	15:00:00	3872.98	3878.75	3856.40	3873.08	32545	0	3
2025.10.01	16:00:00	3873.07	3876.92	3858.11	3868.63	28942	0	3
2025.10.01	17:00:00	3868.55	3871.65	3860.84	3870.96	15753	0	3
2025.10.01	18:00:00	3871.00	3871.97	3860.66	3860.88	14115	0	3
2025.10.01	19:00:00	3860.87	3866.36	3855.08	3862.19	19330	0	3
2025.10.01	20:00:00	3862.20	3871.12	3861.44	3867.96	17039	0	3
2025.10.01	21:00:00	3867.92	3868.02	3860.29	3864.68	6482	0	3
2025.10.01	23:00:00	3864.43	3865.92	3858.76	3862.15	3850	0	3
2025.10.02	00:00:00	3862.18	3866.65	3857.74	3863.51	7663	0	3
2025.10.02	01:00:00	3863.50	3863.79	3856.12	3856.15	13451	0	3
2025.10.02	02:00:00	3856.13	3865.17	3852.95	3865.06	12409	0	3
2025.10.02	03:00:00	3865.04	3870.06	3861.70	3866.25	10080	0	3
2025.10.02	04:00:00	3866.23	3869.52	3864.06	3866.56	7035	0	3
2025.10.02	05:00:00	3866.58	3867.72	3861.95	3864.25	5001	0	3
2025.10.02	06:00:00	3864.31	3871.34	3864.31	3867.95	8816	0	3
2025.10.02	07:00:00	3868.01	3874.29	3862.05	3864.21	13271	0	3
2025.10.02	08:00:00	3864.24	3874.84	3861.88	3868.61	18631	0	3
2025.10.02	09:00:00	3868.57	3878.70	3864.74	3874.58	13712	0	3
2025.10.02	10:00:00	3874.53	3879.82	3873.40	3879.16	13693	0	3
2025.10.02	11:00:00	3879.15	3883.95	3875.87	3881.91	11909	0	3
2025.10.02	12:00:00	3881.85	3886.69	3879.83	3886.36	13340	0	3
2025.10.02	13:00:00	3886.41	3892.09	3880.22	3884.44	23773	0	3
2025.10.02	14:00:00	3884.46	3896.90	3873.60	3875.26	31458	0	3
2025.10.02	15:00:00	3875.28	3876.78	3825.45	3839.99	41485	0	3
2025.10.02	16:00:00	3839.95	3844.80	3819.53	3828.36	36307	0	3
2025.10.02	17:00:00	3828.34	3845.30	3827.28	3844.90	26638	0	3
2025.10.02	18:00:00	3844.91	3847.79	3840.60	3844.39	16924	0	3
2025.10.02	19:00:00	3844.41	3851.56	3843.69	3851.01	10955	0	3
2025.10.02	20:00:00	3851.03	3859.13	3850.67	3855.64	13814	0	3
2025.10.02	21:00:00	3855.61	3859.46	3853.59	3855.35	4638	0	3
2025.10.02	23:00:00	3857.19	3858.55	3852.24	3857.16	3615	0	3
2025.10.03	00:00:00	3857.17	3863.77	3856.92	3862.51	5314	0	3
2025.10.03	01:00:00	3862.50	3862.69	3856.51	3857.01	9936	0	3
2025.10.03	02:00:00	3856.90	3862.75	3847.47	3858.60	16517	0	3
2025.10.03	03:00:00	3858.58	3859.20	3847.73	3848.25	10660	0	3
2025.10.03	04:00:00	3848.05	3851.06	3838.04	3842.75	13743	0	3
2025.10.03	05:00:00	3842.74	3848.32	3841.71	3844.05	8585	0	3
2025.10.03	06:00:00	3844.07	3859.14	3843.98	3855.20	12113	0	3
2025.10.03	07:00:00	3855.17	3861.01	3850.93	3859.25	12007	0	3
2025.10.03	08:00:00	3859.29	3865.24	3857.08	3864.28	11508	0	3
2025.10.03	09:00:00	3864.31	3865.71	3860.21	3864.89	9773	0	3
2025.10.03	10:00:00	3864.69	3864.95	3857.07	3864.36	8719	0	3
2025.10.03	11:00:00	3864.40	3867.73	3862.19	3865.81	11260	0	3
2025.10.03	12:00:00	3865.80	3867.14	3854.98	3862.20	16840	0	3
2025.10.03	13:00:00	3862.17	3874.99	3860.58	3873.89	19428	0	3
2025.10.03	14:00:00	3873.98	3890.65	3870.17	3882.91	30356	0	3
2025.10.03	15:00:00	3885.44	3885.64	3866.35	3879.73	35095	0	3
2025.10.03	16:00:00	3879.72	3891.76	3873.92	3889.48	24655	0	3
2025.10.03	17:00:00	3889.65	3889.79	3880.60	3884.04	19853	0	4
2025.10.03	18:00:00	3884.02	3886.04	3877.01	3881.98	21267	0	4
2025.10.03	19:00:00	3882.12	3889.37	3880.10	3886.14	16718	0	4
2025.10.03	20:00:00	3886.12	3889.29	3883.56	3885.81	13623	0	4
2025.10.03	21:00:00	3885.80	3887.21	3883.03	3886.75	5539	0	4
2025.10.05	23:00:00	3888.60	3903.55	3884.23	3900.88	9379	0	4
2025.10.06	00:00:00	3900.91	3920.68	3898.37	3909.65	18391	0	4
2025.10.06	01:00:00	3909.80	3909.80	3899.02	3900.46	22825	0	4
2025.10.06	02:00:00	3900.42	3918.33	3899.74	3917.96	18165	0	3
2025.10.06	03:00:00	3918.01	3924.70	3917.54	3921.09	15919	0	2
2025.10.06	04:00:00	3921.03	3932.07	3920.04	3929.54	17534	0	2
2025.10.06	05:00:00	3929.53	3940.44	3928.82	3938.79	18039	0	2
2025.10.06	06:00:00	3938.82	3945.14	3927.37	3932.73	20842	0	2
2025.10.06	07:00:00	3932.72	3934.84	3922.52	3934.34	21074	0	2
2025.10.06	08:00:00	3934.08	3944.02	3929.43	3941.63	24835	0	2
2025.10.06	09:00:00	3941.64	3949.61	3935.46	3942.57	23804	0	2
2025.10.06	10:00:00	3942.58	3945.01	3936.68	3942.46	16082	0	2
2025.10.06	11:00:00	3942.47	3946.78	3932.59	3942.32	16978	0	2
2025.10.06	12:00:00	3942.31	3942.80	3931.13	3938.40	22748	0	2
2025.10.06	13:00:00	3938.35	3941.33	3926.51	3934.18	31090	0	2
2025.10.06	14:00:00	3934.27	3947.21	3927.15	3944.64	32331	0	2
2025.10.06	15:00:00	3944.61	3958.85	3940.36	3955.14	32526	0	2
2025.10.06	16:00:00	3955.13	3964.13	3948.34	3962.61	26461	0	2
2025.10.06	17:00:00	3962.58	3970.14	3945.91	3954.12	27602	0	2
2025.10.06	18:00:00	3954.22	3959.06	3951.23	3957.92	20264	0	2
2025.10.06	19:00:00	3957.95	3960.72	3955.91	3958.40	15115	0	2
2025.10.06	20:00:00	3958.53	3965.01	3958.34	3959.48	15004	0	2
2025.10.06	21:00:00	3959.63	3962.43	3957.42	3961.10	6167	0	2
2025.10.06	23:00:00	3960.60	3976.27	3959.02	3963.44	14776	0	2
2025.10.07	00:00:00	3963.39	3972.69	3961.80	3969.54	11881	0	2
2025.10.07	01:00:00	3969.55	3977.51	3961.58	3962.78	22920	0	2
2025.10.07	02:00:00	3962.82	3963.81	3956.04	3958.21	19917	0	2
2025.10.07	03:00:00	3958.23	3967.08	3957.47	3964.97	12017	0	2
2025.10.07	04:00:00	3964.94	3974.78	3960.86	3973.39	15535	0	2
2025.10.07	05:00:00	3973.46	3977.02	3971.58	3976.12	12325	0	2
2025.10.07	06:00:00	3976.10	3976.93	3960.24	3964.88	20841	0	2
2025.10.07	07:00:00	3964.87	3966.31	3953.91	3955.25	20651	0	2
2025.10.07	08:00:00	3955.26	3956.27	3943.43	3945.97	31983	0	2
2025.10.07	09:00:00	3945.98	3953.96	3940.97	3951.40	22663	0	2
2025.10.07	10:00:00	3951.39	3963.56	3951.18	3955.36	19161	0	2
2025.10.07	11:00:00	3955.37	3962.86	3954.18	3960.15	14105	0	2
2025.10.07	12:00:00	3960.17	3969.16	3956.34	3967.06	16388	0	2
2025.10.07	13:00:00	3967.03	3980.01	3964.41	3979.50	25646	0	2
2025.10.07	14:00:00	3979.48	3985.66	3970.50	3979.28	34749	0	2
2025.10.07	15:00:00	3979.30	3986.77	3969.07	3985.60	37139	0	2
2025.10.07	16:00:00	3985.62	3991.02	3961.93	3966.16	39284	0	2
2025.10.07	17:00:00	3966.21	3979.63	3963.15	3976.71	33347	0	2
2025.10.07	18:00:00	3976.75	3987.83	3976.53	3980.86	24723	0	2
2025.10.07	19:00:00	3980.90	3983.98	3974.27	3981.12	23051	0	2
2025.10.07	20:00:00	3981.13	3983.47	3978.70	3980.18	16591	0	2
2025.10.07	21:00:00	3980.21	3986.60	3980.21	3984.56	6415	0	2
2025.10.07	23:00:00	3986.29	3990.67	3984.99	3989.54	5347	0	2
2025.10.08	00:00:00	3989.52	3996.03	3988.38	3994.40	8478	0	2
2025.10.08	01:00:00	3994.43	3999.39	3989.64	3992.47	16947	0	2
2025.10.08	02:00:00	3992.48	4000.03	3984.56	4000.03	22556	0	2
2025.10.08	03:00:00	4000.04	4011.75	3995.75	4011.66	17820	0	2
2025.10.08	04:00:00	4011.67	4016.59	4008.97	4014.72	15311	0	2
2025.10.08	05:00:00	4014.71	4027.32	4014.68	4026.95	16019	0	2
2025.10.08	06:00:00	4026.90	4037.13	4024.69	4029.21	19300	0	3
2025.10.08	07:00:00	4029.22	4033.18	4021.44	4031.64	22924	0	2
2025.10.08	08:00:00	4031.57	4039.16	4030.15	4034.32	21756	0	2
2025.10.08	09:00:00	4034.19	4040.55	4033.29	4036.42	17326	0	2
2025.10.08	10:00:00	4036.41	4049.62	4030.96	4049.37	18371	0	2
2025.10.08	11:00:00	4049.36	4049.67	4033.47	4037.17	19954	0	2
2025.10.08	12:00:00	4037.22	4038.18	4032.10	4038.07	17710	0	2
2025.10.08	13:00:00	4038.08	4046.49	4031.13	4040.08	25724	0	2
2025.10.08	14:00:00	4040.07	4049.51	4026.18	4039.09	34029	0	2
2025.10.08	15:00:00	4039.07	4049.18	4035.64	4048.27	31408	0	2
2025.10.08	16:00:00	4048.23	4050.74	4037.30	4045.73	29603	0	2
2025.10.08	17:00:00	4045.69	4059.29	4044.42	4056.62	26374	0	2
2025.10.08	18:00:00	4056.61	4058.09	4042.97	4051.28	23449	0	2
2025.10.08	19:00:00	4051.39	4053.30	4038.56	4049.89	25369	0	2
2025.10.08	20:00:00	4049.96	4054.67	4032.13	4045.51	29168	0	2
2025.10.08	21:00:00	4045.36	4046.79	4038.76	4041.66	9122	0	2
2025.10.08	23:00:00	4036.50	4036.81	4015.35	4021.33	10601	0	2
2025.10.09	00:00:00	4021.35	4022.06	4001.40	4011.85	20363	0	2
2025.10.09	01:00:00	4011.83	4028.15	4008.83	4023.09	24831	0	2
2025.10.09	02:00:00	4023.13	4036.42	4008.41	4019.77	36757	0	2
2025.10.09	03:00:00	4019.80	4021.39	4002.60	4018.70	27707	0	2
2025.10.09	04:00:00	4018.69	4029.61	4017.29	4026.84	16461	0	2
2025.10.09	05:00:00	4026.85	4041.25	4026.84	4039.07	13449	0	2
2025.10.09	06:00:00	4039.05	4043.82	4034.38	4039.80	20278	0	2
2025.10.09	07:00:00	4039.79	4041.16	4022.79	4025.94	26271	0	2
2025.10.09	08:00:00	4025.98	4032.86	4024.89	4031.59	23583	0	3
2025.10.09	09:00:00	4031.57	4040.38	4030.26	4038.17	16766	0	3
2025.10.09	10:00:00	4038.16	4042.12	4034.23	4037.50	16330	0	3
2025.10.09	11:00:00	4037.58	4044.33	4036.39	4044.27	11049	0	3
2025.10.09	12:00:00	4044.30	4046.76	4033.61	4044.48	18228	0	3
2025.10.09	13:00:00	4044.46	4053.83	4037.54	4053.81	24316	0	3
2025.10.09	14:00:00	4053.79	4057.98	4018.01	4018.86	44410	0	3
2025.10.09	15:00:00	4018.92	4029.22	4004.09	4024.31	50525	0	3
2025.10.09	16:00:00	4024.21	4028.74	4006.51	4014.68	41982	0	3
2025.10.09	17:00:00	4014.72	4021.68	3963.82	3968.37	41261	0	3
2025.10.09	18:00:00	3968.45	3974.34	3944.79	3950.28	40862	0	2
2025.10.09	19:00:00	3950.29	3968.80	3949.55	3957.27	31813	0	2
2025.10.09	20:00:00	3957.26	3982.15	3955.25	3973.03	27338	0	2
2025.10.09	21:00:00	3973.04	3979.05	3973.04	3976.41	10375	0	2
2025.10.09	23:00:00	3977.60	3980.78	3958.80	3975.36	7151	0	2
2025.10.10	00:00:00	3975.37	3990.92	3974.51	3989.98	11251	0	2
2025.10.10	01:00:00	3989.80	3994.50	3985.56	3991.05	15497	0	2
2025.10.10	02:00:00	3991.04	3992.48	3970.05	3973.36	26649	0	2
2025.10.10	03:00:00	3973.35	3986.82	3973.33	3978.78	17847	0	2
2025.10.10	04:00:00	3978.72	3979.34	3960.84	3962.04	20231	0	2
2025.10.10	05:00:00	3962.03	3966.99	3947.01	3966.48	19364	0	2
2025.10.10	06:00:00	3966.47	3977.78	3965.71	3974.86	22280	0	2
2025.10.10	07:00:00	3974.87	3976.14	3962.72	3968.50	26425	0	2
2025.10.10	08:00:00	3968.49	3976.30	3952.65	3972.10	27991	0	2
2025.10.10	09:00:00	3972.11	3994.77	3970.25	3992.08	24429	0	2
2025.10.10	10:00:00	3992.12	4006.72	3990.33	3995.87	27199	0	2
2025.10.10	11:00:00	3995.89	4000.21	3991.01	3993.91	22786	0	2
2025.10.10	12:00:00	3993.92	3999.92	3983.29	3987.16	22523	0	2
2025.10.10	13:00:00	3987.15	3993.61	3980.28	3985.72	25909	0	2
2025.10.10	14:00:00	3985.70	3998.22	3975.67	3980.71	36350	0	2
2025.10.10	15:00:00	3980.62	3994.25	3970.76	3989.77	36747	0	2
2025.10.10	16:00:00	3989.82	4022.93	3988.07	3997.99	48345	0	2
2025.10.10	17:00:00	3998.00	3998.92	3977.52	3983.49	38744	0	2
2025.10.10	18:00:00	3983.47	3992.19	3975.23	3989.91	32363	0	2
2025.10.10	19:00:00	3989.95	4009.20	3984.27	3999.24	26788	0	2
2025.10.10	20:00:00	3999.25	4021.41	3996.00	4011.30	26373	0	2
2025.10.10	21:00:00	4011.25	4020.10	4005.71	4019.08	13569	0	2
2025.10.12	23:00:00	4013.05	4045.38	4008.22	4042.43	12772	0	2
2025.10.13	00:00:00	4042.39	4060.03	4032.19	4035.20	19366	0	3
2025.10.13	01:00:00	4035.19	4059.91	4024.61	4044.03	26253	0	3
2025.10.13	02:00:00	4044.23	4055.02	4035.81	4053.16	24617	0	3
2025.10.13	03:00:00	4053.10	4055.96	4041.78	4048.19	15156	0	3
2025.10.13	04:00:00	4048.18	4056.46	4046.37	4051.97	13140	0	3
2025.10.13	05:00:00	4051.98	4059.49	4051.13	4056.31	9047	0	3
2025.10.13	06:00:00	4056.29	4078.23	4055.14	4063.62	20149	0	3
2025.10.13	07:00:00	4063.64	4073.50	4059.65	4069.51	19424	0	3
2025.10.13	08:00:00	4069.42	4077.59	4066.64	4071.20	16352	0	3
2025.10.13	09:00:00	4071.09	4079.32	4069.11	4077.93	15466	0	3
2025.10.13	10:00:00	4077.87	4079.88	4070.44	4077.48	13307	0	3
2025.10.13	11:00:00	4077.51	4085.23	4071.37	4080.99	13815	0	3
2025.10.13	12:00:00	4080.93	4084.65	4073.71	4074.02	15321	0	3
2025.10.13	13:00:00	4074.04	4085.99	4073.28	4080.00	21493	0	2
2025.10.13	14:00:00	4079.83	4095.70	4078.50	4094.31	28923	0	2
2025.10.13	15:00:00	4094.24	4103.87	4090.73	4097.65	29768	0	2
2025.10.13	16:00:00	4097.62	4107.42	4091.79	4105.01	24437	0	2
2025.10.13	17:00:00	4105.00	4116.98	4104.01	4105.82	23665	0	2
2025.10.13	18:00:00	4105.85	4115.38	4100.30	4103.89	20977	0	2
2025.10.13	19:00:00	4103.95	4107.64	4099.40	4101.69	15421	0	2
2025.10.13	20:00:00	4101.74	4110.98	4090.79	4108.70	18140	0	2
2025.10.13	21:00:00	4108.72	4112.78	4106.05	4111.47	5545	0	2
2025.10.13	23:00:00	4113.02	4115.78	4106.78	4115.06	5614	0	2
2025.10.14	00:00:00	4114.95	4132.06	4112.95	4128.12	13535	0	2
2025.10.14	01:00:00	4128.13	4130.18	4119.64	4124.48	19197	0	2
2025.10.14	02:00:00	4124.58	4150.03	4123.43	4137.26	31513	0	2
2025.10.14	03:00:00	4137.32	4149.79	4137.00	4146.01	21376	0	2
2025.10.14	04:00:00	4146.00	4166.44	4145.24	4163.46	24402	0	2
2025.10.14	05:00:00	4163.42	4170.00	4155.93	4168.16	18166	0	2
2025.10.14	06:00:00	4168.15	4179.82	4111.03	4121.27	33930	0	2
2025.10.14	07:00:00	4121.63	4134.01	4090.64	4112.27	42061	0	2
2025.10.14	08:00:00	4111.90	4127.94	4102.53	4126.37	28525	0	2
2025.10.14	09:00:00	4126.41	4145.20	4124.72	4144.09	27038	0	2
2025.10.14	10:00:00	4144.06	4144.48	4122.04	4127.60	24140	0	2
2025.10.14	11:00:00	4127.61	4144.40	4125.10	4131.89	22279	0	2
2025.10.14	12:00:00	4131.88	4137.91	4125.82	4130.54	20072	0	2
2025.10.14	13:00:00	4130.59	4134.51	4103.72	4106.77	30539	0	3
2025.10.14	14:00:00	4106.72	4129.61	4098.01	4124.20	42119	0	3
2025.10.14	15:00:00	4124.23	4137.67	4121.39	4129.24	37065	0	3
2025.10.14	16:00:00	4129.20	4142.81	4126.23	4138.13	31401	0	3
2025.10.14	17:00:00	4138.14	4155.26	4128.01	4140.40	32656	0	3
2025.10.14	18:00:00	4140.48	4153.24	4137.28	4148.20	27514	0	3
2025.10.14	19:00:00	4148.18	4152.62	4143.11	4148.35	18879	0	3
2025.10.14	20:00:00	4148.36	4150.67	4134.59	4141.59	22535	0	3
2025.10.14	21:00:00	4141.63	4146.07	4139.26	4143.69	7472	0	3
2025.10.14	23:00:00	4140.93	4163.76	4140.69	4158.48	7644	0	3
2025.10.15	00:00:00	4158.49	4167.09	4157.25	4161.66	6556	0	3
2025.10.15	01:00:00	4161.64	4169.75	4154.01	4162.59	13907	0	3
2025.10.15	02:00:00	4162.61	4186.84	4162.22	4181.74	22378	0	3
2025.10.15	03:00:00	4181.76	4184.58	4167.18	4176.56	16303	0	3
2025.10.15	04:00:00	4176.57	4190.94	4176.13	4187.01	10859	0	3
2025.10.15	05:00:00	4187.02	4187.45	4173.39	4179.60	8491	0	2
2025.10.15	06:00:00	4179.59	4193.75	4176.84	4186.02	14265	0	2
2025.10.15	07:00:00	4186.01	4200.30	4184.28	4199.46	14966	0	2
2025.10.15	08:00:00	4199.44	4209.84	4194.62	4207.78	13700	0	2
2025.10.15	09:00:00	4207.88	4218.26	4207.23	4208.57	14577	0	2
2025.10.15	10:00:00	4208.52	4212.10	4175.21	4192.58	23140	0	3
2025.10.15	11:00:00	4192.60	4206.26	4190.55	4202.78	15602	0	3
2025.10.15	12:00:00	4202.80	4204.20	4193.62	4198.66	13195	0	3
2025.10.15	13:00:00	4198.68	4202.87	4176.57	4190.64	24974	0	2
2025.10.15	14:00:00	4190.74	4198.90	4182.95	4192.17	30916	0	2
2025.10.15	15:00:00	4192.18	4212.49	4191.64	4200.09	30084	0	3
2025.10.15	16:00:00	4200.16	4203.16	4179.85	4190.60	32181	0	3
2025.10.15	17:00:00	4190.61	4200.01	4186.40	4198.97	22093	0	3
2025.10.15	18:00:00	4198.99	4199.80	4182.65	4197.79	25181	0	3
2025.10.15	19:00:00	4197.78	4204.76	4195.44	4200.83	20738	0	3
2025.10.15	20:00:00	4200.77	4213.56	4200.57	4210.51	19880	0	3
2025.10.15	21:00:00	4210.47	4212.86	4206.11	4208.34	8760	0	3
2025.10.15	23:00:00	4212.60	4215.66	4199.71	4213.40	7146	0	3
2025.10.16	00:00:00	4213.37	4215.94	4206.32	4209.58	8175	0	3
2025.10.16	01:00:00	4209.59	4227.24	4205.00	4210.62	16535	0	3
2025.10.16	02:00:00	4210.72	4233.05	4210.64	4230.33	20852	0	3
2025.10.16	03:00:00	4230.34	4239.68	4226.08	4239.60	15453	0	3
2025.10.16	04:00:00	4239.64	4242.07	4229.26	4233.93	16469	0	3
2025.10.16	05:00:00	4233.83	4239.45	4228.18	4233.39	12112	0	3
2025.10.16	06:00:00	4233.54	4234.83	4203.66	4205.01	26725	0	3
2025.10.16	07:00:00	4204.96	4227.36	4203.68	4222.69	22010	0	3
2025.10.16	08:00:00	4222.71	4234.06	4222.26	4230.71	16690	0	3
2025.10.16	09:00:00	4230.67	4236.11	4228.70	4232.92	12943	0	3
2025.10.16	10:00:00	4232.93	4241.98	4222.18	4239.62	13361	0	3
2025.10.16	11:00:00	4239.64	4246.10	4234.31	4242.78	12875	0	3
2025.10.16	12:00:00	4242.80	4247.60	4239.63	4240.70	14010	0	3
2025.10.16	13:00:00	4240.72	4251.13	4227.75	4235.99	22677	0	3
2025.10.16	14:00:00	4236.00	4258.82	4234.93	4246.71	31790	0	3
2025.10.16	15:00:00	4246.72	4267.63	4245.48	4263.38	32371	0	3
2025.10.16	16:00:00	4263.36	4276.12	4261.05	4273.73	27814	0	3
2025.10.16	17:00:00	4273.67	4292.07	4261.45	4282.72	37792	0	3
2025.10.16	18:00:00	4282.71	4298.87	4280.19	4293.92	28153	0	3
2025.10.16	19:00:00	4293.94	4294.97	4273.46	4290.92	26727	0	3
2025.10.16	20:00:00	4290.93	4313.07	4288.02	4307.61	23590	0	3
2025.10.16	21:00:00	4307.56	4330.69	4307.43	4329.12	13986	0	3
2025.10.16	23:00:00	4337.31	4379.60	4332.63	4346.65	17769	0	3
2025.10.17	00:00:00	4346.78	4379.26	4341.75	4365.80	19621	0	3
2025.10.17	01:00:00	4365.77	4371.67	4353.62	4358.70	22986	0	3
2025.10.17	02:00:00	4358.64	4362.21	4279.06	4314.23	41294	0	3
2025.10.17	03:00:00	4314.21	4348.61	4312.85	4342.51	31746	0	3
2025.10.17	04:00:00	4342.52	4366.51	4338.87	4366.33	24288	0	3
2025.10.17	05:00:00	4366.41	4377.16	4355.30	4376.46	19621	0	3
2025.10.17	06:00:00	4376.49	4378.65	4342.28	4365.47	26537	0	3
2025.10.17	07:00:00	4365.52	4369.67	4346.87	4360.54	28894	0	3
2025.10.17	08:00:00	4360.52	4362.07	4317.75	4341.03	32411	0	3
2025.10.17	09:00:00	4342.36	4349.87	4321.21	4347.84	29700	0	3
2025.10.17	10:00:00	4347.87	4348.57	4332.35	4340.22	20750	0	3
2025.10.17	11:00:00	4340.21	4342.23	4319.73	4327.85	23356	0	2
2025.10.17	12:00:00	4327.67	4335.99	4286.86	4287.21	31391	0	2
2025.10.17	13:00:00	4287.23	4319.89	4283.60	4315.00	35191	0	2
2025.10.17	14:00:00	4314.98	4317.89	4258.64	4273.68	43572	0	2
2025.10.17	15:00:00	4273.70	4274.51	4217.06	4249.12	48715	0	2
2025.10.17	16:00:00	4248.94	4259.44	4231.07	4237.58	35446	0	2
2025.10.17	17:00:00	4237.59	4245.01	4200.84	4204.96	38082	0	2
2025.10.17	18:00:00	4205.03	4228.54	4186.95	4221.26	37272	0	2
2025.10.17	19:00:00	4221.27	4244.71	4218.25	4235.46	28951	0	2
2025.10.17	20:00:00	4235.51	4237.93	4212.64	4226.36	26446	0	2
2025.10.17	21:00:00	4226.28	4250.57	4220.28	4247.67	18706	0	2
2025.10.19	23:00:00	4258.83	4268.54	4245.36	4256.13	10482	0	3
2025.10.20	00:00:00	4256.03	4256.86	4233.89	4237.94	17597	0	3
2025.10.20	01:00:00	4238.17	4250.93	4219.07	4249.84	27105	0	3
2025.10.20	02:00:00	4249.88	4268.90	4229.56	4262.42	30380	0	3
2025.10.20	03:00:00	4262.53	4271.27	4253.40	4255.73	22294	0	3
2025.10.20	04:00:00	4255.72	4265.27	4248.79	4264.77	17903	0	3
2025.10.20	05:00:00	4264.75	4268.29	4260.50	4266.35	10730	0	3
2025.10.20	06:00:00	4266.20	4266.86	4239.71	4239.89	21796	0	3
2025.10.20	07:00:00	4239.91	4245.78	4221.46	4236.30	24408	0	3
2025.10.20	08:00:00	4236.29	4260.92	4234.97	4255.19	17743	0	3
2025.10.20	09:00:00	4255.25	4266.20	4252.42	4258.77	16807	0	3
2025.10.20	10:00:00	4258.83	4263.76	4250.31	4260.83	15231	0	3
2025.10.20	11:00:00	4260.84	4260.99	4245.77	4254.74	17179	0	3
2025.10.20	12:00:00	4254.70	4279.37	4251.01	4279.37	15058	0	3
2025.10.20	13:00:00	4279.42	4327.27	4272.80	4323.49	31698	0	3
2025.10.20	14:00:00	4323.51	4325.04	4299.64	4300.87	37471	0	3
2025.10.20	15:00:00	4300.85	4334.77	4292.84	4332.54	36025	0	3
2025.10.20	16:00:00	4332.61	4355.76	4332.50	4349.21	28987	0	3
2025.10.20	17:00:00	4349.19	4350.93	4342.82	4347.90	19632	0	3
2025.10.20	18:00:00	4347.89	4351.15	4337.40	4347.53	19849	0	3
2025.10.20	19:00:00	4347.59	4364.61	4344.71	4359.51	17739	0	3
2025.10.20	20:00:00	4359.52	4381.77	4359.38	4378.16	21836	0	3
2025.10.20	21:00:00	4378.17	4380.28	4346.39	4356.07	16561	0	3
2025.10.20	23:00:00	4366.08	4375.45	4357.56	4367.40	10308	0	3
2025.10.21	00:00:00	4367.47	4371.73	4356.85	4360.39	9979	0	3
2025.10.21	01:00:00	4360.43	4371.31	4356.48	4368.88	16281	0	3
2025.10.21	02:00:00	4368.87	4372.35	4332.86	4350.81	26906	0	3
2025.10.21	03:00:00	4350.82	4355.45	4335.33	4338.91	20472	0	3
2025.10.21	04:00:00	4338.77	4350.89	4337.99	4346.62	12070	0	3
2025.10.21	05:00:00	4346.60	4347.12	4337.13	4342.03	9747	0	3
2025.10.21	06:00:00	4341.86	4344.27	4317.45	4323.32	21232	0	3
2025.10.21	07:00:00	4323.31	4344.34	4317.33	4343.24	21528	0	3
2025.10.21	08:00:00	4343.26	4343.26	4293.38	4298.59	29266	0	2
2025.10.21	09:00:00	4298.54	4301.95	4244.87	4273.86	37201	0	2
2025.10.21	10:00:00	4273.89	4277.92	4254.63	4265.13	24419	0	2
2025.10.21	11:00:00	4265.12	4266.54	4249.55	4253.87	22869	0	2
2025.10.21	12:00:00	4253.84	4272.49	4245.67	4253.30	19092	0	2
2025.10.21	13:00:00	4253.29	4257.65	4205.85	4211.45	34139	0	2
2025.10.21	14:00:00	4211.38	4225.50	4167.59	4174.23	46008	0	2
2025.10.21	15:00:00	4174.25	4188.57	4081.59	4139.27	49933	0	2
2025.10.21	16:00:00	4139.33	4150.61	4120.08	4138.64	37786	0	2
2025.10.21	17:00:00	4138.68	4143.86	4102.29	4113.54	32586	0	2
2025.10.21	18:00:00	4113.53	4120.27	4094.15	4111.31	32030	0	2
2025.10.21	19:00:00	4111.29	4125.85	4106.50	4114.93	24068	0	2
2025.10.21	20:00:00	4114.92	4122.18	4100.69	4108.89	27759	0	2
2025.10.21	21:00:00	4108.80	4130.87	4106.20	4126.04	14281	0	2
2025.10.21	23:00:00	4122.58	4129.09	4114.14	4123.15	8044	0	2
2025.10.22	00:00:00	4123.23	4128.08	4090.35	4093.24	13262	0	2
2025.10.22	01:00:00	4093.51	4094.04	4004.39	4075.01	40055	0	2
2025.10.22	02:00:00	4074.97	4120.99	4064.63	4087.28	32735	0	3
2025.10.22	03:00:00	4087.29	4117.80	4087.26	4115.18	19577	0	3
2025.10.22	04:00:00	4115.10	4143.30	4107.50	4128.85	17766	0	3
2025.10.22	05:00:00	4128.77	4133.46	4107.45	4128.33	15581	0	3
2025.10.22	06:00:00	4128.40	4147.07	4126.55	4135.11	18639	0	3
2025.10.22	07:00:00	4135.12	4161.38	4127.84	4155.76	22750	0	2
2025.10.22	08:00:00	4155.88	4156.46	4129.58	4133.06	28013	0	2
2025.10.22	09:00:00	4133.03	4135.85	4057.36	4070.55	37089	0	2
2025.10.22	10:00:00	4070.80	4101.74	4061.80	4069.71	26982	0	2
2025.10.22	11:00:00	4069.50	4090.92	4023.92	4034.89	21121	0	2
2025.10.22	12:00:00	4034.99	4045.07	4015.21	4027.79	20722	0	2
2025.10.22	13:00:00	4027.76	4053.45	4023.08	4033.86	21862	0	2
2025.10.22	14:00:00	4033.93	4085.27	4033.86	4076.02	25569	0	2
2025.10.22	15:00:00	4075.98	4078.36	4011.42	4015.42	26220	0	2
2025.10.22	16:00:00	4015.41	4047.16	4014.90	4037.16	24744	0	2
2025.10.22	17:00:00	4037.26	4064.12	4023.36	4059.39	21530	0	2
2025.10.22	18:00:00	4059.32	4071.25	4044.21	4070.31	19232	0	2
2025.10.22	19:00:00	4070.18	4081.60	4066.94	4076.82	13880	0	2
2025.10.22	20:00:00	4076.80	4113.57	4076.75	4102.31	19019	0	2
2025.10.22	21:00:00	4102.41	4107.34	4088.66	4098.29	9868	0	2
2025.10.22	23:00:00	4111.19	4111.19	4092.62	4102.18	8063	0	2
2025.10.23	00:00:00	4102.20	4104.52	4080.91	4087.87	11674	0	2
2025.10.23	01:00:00	4087.80	4096.91	4066.32	4081.84	16993	0	2
2025.10.23	02:00:00	4081.87	4092.99	4072.25	4073.22	17870	0	2
2025.10.23	03:00:00	4073.27	4085.58	4072.23	4082.38	12711	0	2
2025.10.23	04:00:00	4082.56	4100.76	4078.08	4091.23	11982	0	2
2025.10.23	05:00:00	4091.24	4093.00	4079.81	4089.81	8749	0	2
2025.10.23	06:00:00	4089.76	4110.42	4084.00	4110.31	11786	0	2
2025.10.23	07:00:00	4110.28	4137.89	4110.27	4113.70	19720	0	2
2025.10.23	08:00:00	4113.65	4121.14	4092.23	4094.23	15478	0	2
2025.10.23	09:00:00	4094.37	4119.13	4094.37	4116.28	14259	0	2
2025.10.23	10:00:00	4116.36	4125.50	4111.21	4124.28	12760	0	2
2025.10.23	11:00:00	4124.40	4125.27	4101.84	4109.03	13422	0	2
2025.10.23	12:00:00	4109.10	4120.92	4107.86	4109.73	13113	0	2
2025.10.23	13:00:00	4109.72	4129.37	4100.27	4127.41	17122	0	2
2025.10.23	14:00:00	4127.30	4150.94	4125.85	4144.88	24648	0	2
2025.10.23	15:00:00	4144.90	4154.81	4136.10	4148.21	22510	0	2
2025.10.23	16:00:00	4148.25	4151.79	4137.30	4141.91	17437	0	2
2025.10.23	17:00:00	4141.89	4148.61	4125.59	4132.97	14967	0	2
2025.10.23	18:00:00	4133.00	4139.27	4125.19	4137.78	13759	0	2
2025.10.23	19:00:00	4137.80	4143.53	4133.19	4135.97	10448	0	2
2025.10.23	20:00:00	4135.96	4138.24	4116.33	4118.04	12945	0	2
2025.10.23	21:00:00	4118.06	4126.00	4107.48	4125.60	8150	0	2
2025.10.23	23:00:00	4126.45	4128.99	4111.36	4116.00	4395	0	2
2025.10.24	00:00:00	4116.15	4122.93	4106.16	4121.58	5889	0	2
2025.10.24	01:00:00	4121.66	4133.70	4117.96	4132.72	8728	0	2
2025.10.24	02:00:00	4132.77	4144.43	4112.23	4118.88	14592	0	2
2025.10.24	03:00:00	4118.84	4119.03	4109.53	4109.53	11955	0	2
2025.10.24	04:00:00	4109.52	4123.65	4107.67	4122.37	8707	0	2
2025.10.24	05:00:00	4122.35	4123.43	4102.92	4111.70	10128	0	2
2025.10.24	06:00:00	4111.79	4118.07	4103.12	4104.63	8905	0	2
2025.10.24	07:00:00	4104.65	4104.91	4081.62	4092.27	14870	0	2
2025.10.24	08:00:00	4092.14	4096.05	4069.77	4074.36	14116	0	2
2025.10.24	09:00:00	4074.39	4077.95	4047.57	4065.25	18726	0	2
2025.10.24	10:00:00	4065.26	4073.60	4054.47	4060.88	13511	0	2
2025.10.24	11:00:00	4060.90	4070.96	4053.63	4054.81	10857	0	2
2025.10.24	12:00:00	4054.53	4065.62	4044.68	4061.34	14338	0	2
2025.10.24	13:00:00	4061.37	4092.98	4053.57	4082.12	19320	0	2
2025.10.24	14:00:00	4082.18	4121.56	4079.25	4106.96	24933	0	2
2025.10.24	15:00:00	4106.89	4134.93	4102.25	4117.59	23114	0	2
2025.10.24	16:00:00	4117.51	4131.95	4113.80	4130.58	18764	0	2
2025.10.24	17:00:00	4130.57	4138.75	4121.73	4129.31	15759	0	2
2025.10.24	18:00:00	4129.34	4134.43	4105.82	4107.67	16455	0	2
2025.10.24	19:00:00	4107.69	4113.72	4101.84	4110.35	14991	0	2
2025.10.24	20:00:00	4110.37	4117.54	4102.34	4103.99	12818	0	2
2025.10.24	21:00:00	4104.04	4114.07	4096.61	4113.08	5491	0	2
2025.10.26	22:00:00	4083.85	4109.34	4071.74	4081.83	12436	0	2
2025.10.26	23:00:00	4081.84	4088.42	4061.91	4064.57	11582	0	2
2025.10.27	00:00:00	4064.61	4084.28	4058.45	4081.25	12975	0	2
2025.10.27	01:00:00	4081.29	4097.76	4075.33	4081.98	18181	0	2
2025.10.27	02:00:00	4081.81	4082.12	4070.42	4071.76	13067	0	2
2025.10.27	03:00:00	4071.74	4081.92	4065.45	4069.61	10987	0	2
2025.10.27	04:00:00	4069.65	4071.58	4053.85	4068.85	13067	0	2
2025.10.27	05:00:00	4068.83	4084.43	4068.69	4079.67	11138	0	2
2025.10.27	06:00:00	4079.66	4084.86	4074.09	4078.21	13140	0	2
2025.10.27	07:00:00	4078.26	4079.86	4064.24	4068.88	11453	0	2
2025.10.27	08:00:00	4068.80	4070.41	4023.58	4043.41	16299	0	2
2025.10.27	09:00:00	4043.39	4050.27	4030.07	4039.88	17764	0	2
2025.10.27	10:00:00	4039.86	4047.86	4028.99	4037.37	13547	0	2
2025.10.27	11:00:00	4037.38	4041.41	4015.50	4024.04	16549	0	2
2025.10.27	12:00:00	4024.06	4046.54	4022.42	4045.70	16999	0	2
2025.10.27	13:00:00	4045.79	4050.40	4013.31	4022.06	22421	0	2
2025.10.27	14:00:00	4021.95	4023.31	3983.13	3987.87	26918	0	2
2025.10.27	15:00:00	3987.89	3993.48	3971.38	3989.89	21880	0	2
2025.10.27	16:00:00	3989.87	4000.40	3984.11	3999.35	16096	0	2
2025.10.27	17:00:00	3999.34	4009.06	3990.97	4006.53	14966	0	2
2025.10.27	18:00:00	4006.56	4010.24	3997.99	3999.25	14227	0	2
2025.10.27	19:00:00	3999.28	4005.74	3985.76	3990.21	15364	0	2
2025.10.27	20:00:00	3990.33	4000.16	3979.09	3982.50	10256	0	2
2025.10.27	22:00:00	3988.49	3996.61	3983.75	3990.04	5361	0	2
2025.10.27	23:00:00	3990.03	4004.62	3983.10	3998.64	8273	0	2
2025.10.28	00:00:00	3998.53	4009.61	3972.98	4006.88	12294	0	2
2025.10.28	01:00:00	4006.91	4019.72	4004.55	4011.05	15456	0	2
2025.10.28	02:00:00	4011.09	4013.96	3980.76	3984.06	14175	0	2
2025.10.28	03:00:00	3984.01	3994.55	3983.33	3992.87	8775	0	2
2025.10.28	04:00:00	3992.89	3994.23	3963.82	3973.68	12585	0	2
2025.10.28	05:00:00	3974.31	3980.21	3959.28	3966.65	13465	0	3
2025.10.28	06:00:00	3966.69	3968.66	3938.66	3942.63	15209	0	3
2025.10.28	07:00:00	3942.62	3948.45	3921.96	3932.51	15867	0	3
2025.10.28	08:00:00	3932.54	3935.92	3896.62	3897.73	19800	0	3
2025.10.28	09:00:00	3897.83	3911.05	3886.68	3904.87	17757	0	3
2025.10.28	10:00:00	3904.85	3930.94	3900.11	3926.55	14531	0	3
2025.10.28	11:00:00	3926.60	3929.91	3910.93	3923.24	15613	0	3
2025.10.28	12:00:00	3923.23	3929.86	3905.69	3912.81	17331	0	3
2025.10.28	13:00:00	3912.83	3940.48	3912.40	3938.94	23133	0	3
2025.10.28	14:00:00	3938.95	3953.87	3934.92	3949.90	21704	0	3
2025.10.28	15:00:00	3949.87	3969.58	3947.29	3964.93	17901	0	3
2025.10.28	16:00:00	3964.87	3965.53	3951.05	3958.56	17174	0	3
2025.10.28	17:00:00	3958.50	3970.31	3955.27	3962.59	15027	0	3
2025.10.28	18:00:00	3962.56	3964.14	3945.39	3956.51	12527	0	3
2025.10.28	19:00:00	3956.54	3962.79	3950.96	3960.33	12735	0	2
2025.10.28	20:00:00	3960.21	3961.01	3949.46	3952.12	6147	0	2
2025.10.28	22:00:00	3955.47	3955.97	3918.70	3934.10	7690	0	2
2025.10.28	23:00:00	3934.06	3967.85	3934.06	3964.99	7453	0	2
2025.10.29	00:00:00	3964.98	3982.37	3959.33	3975.47	12551	0	2
2025.10.29	01:00:00	3975.08	3980.03	3966.16	3973.79	15128	0	2
2025.10.29	02:00:00	3973.55	3974.35	3944.39	3961.14	14260	0	2
2025.10.29	03:00:00	3961.19	3972.15	3958.48	3963.50	11344	0	2
2025.10.29	04:00:00	3963.56	3964.90	3951.22	3952.04	10977	0	2
2025.10.29	05:00:00	3952.22	3966.23	3951.21	3962.55	12273	0	2
2025.10.29	06:00:00	3962.54	3984.79	3959.94	3978.51	12756	0	2
2025.10.29	07:00:00	3977.59	4000.86	3975.16	4000.86	14052	0	2
2025.10.29	08:00:00	4000.87	4018.53	4000.65	4016.94	12735	0	2
2025.10.29	09:00:00	4016.91	4029.67	4013.50	4024.00	14532	0	2
2025.10.29	10:00:00	4024.10	4029.68	4017.24	4023.47	15047	0	2
2025.10.29	11:00:00	4023.48	4028.49	4013.54	4016.26	13602	0	2
2025.10.29	12:00:00	4016.44	4030.13	4013.71	4025.70	16604	0	2
2025.10.29	13:00:00	4025.68	4025.68	4002.47	4012.47	21483	0	2
2025.10.29	14:00:00	4012.45	4022.50	4007.76	4008.43	20178	0	2
2025.10.29	15:00:00	4008.40	4012.01	3989.60	3993.11	20592	0	2
2025.10.29	16:00:00	3993.15	4001.13	3991.49	3992.99	14164	0	2
2025.10.29	17:00:00	3992.90	3997.84	3985.89	3994.99	13313	0	2
2025.10.29	18:00:00	3995.01	4007.47	3943.09	3969.31	27535	0	2
2025.10.29	19:00:00	3969.34	3980.06	3928.03	3945.78	24754	0	2
2025.10.29	20:00:00	3945.77	3954.04	3928.01	3928.79	11225	0	2
2025.10.29	22:00:00	3922.24	3948.64	3917.52	3941.51	10576	0	2
2025.10.29	23:00:00	3941.46	3954.08	3939.70	3952.91	7325	0	2
2025.10.30	00:00:00	3952.92	3964.36	3937.99	3950.22	13372	0	2
2025.10.30	01:00:00	3950.70	3966.42	3945.21	3947.86	18327	0	2
2025.10.30	02:00:00	3947.89	3948.21	3922.21	3922.28	16010	0	2
2025.10.30	03:00:00	3922.27	3938.15	3915.58	3938.11	13101	0	2
2025.10.30	04:00:00	3938.12	3982.58	3935.04	3972.78	20308	0	2
2025.10.30	05:00:00	3972.81	3978.46	3947.11	3963.69	19856	0	2
2025.10.30	06:00:00	3963.65	3977.41	3956.62	3977.06	17358	0	2
2025.10.30	07:00:00	3977.08	3977.20	3956.00	3961.33	14673	0	2
2025.10.30	08:00:00	3961.31	3976.91	3960.47	3976.91	16123	0	2
2025.10.30	09:00:00	3976.72	4011.80	3976.06	3998.95	16357	0	2
2025.10.30	10:00:00	3998.96	4000.95	3973.64	3984.22	16961	0	2
2025.10.30	11:00:00	3984.21	3985.16	3964.34	3974.48	14740	0	2
2025.10.30	12:00:00	3974.64	3985.62	3961.22	3961.41	18608	0	2
2025.10.30	13:00:00	3961.40	3995.49	3960.50	3995.49	23396	0	2
2025.10.30	14:00:00	3995.50	4014.80	3987.10	3996.49	25726	0	2
2025.10.30	15:00:00	3996.47	4008.70	3988.42	4001.91	21209	0	2
2025.10.30	16:00:00	4001.93	4004.13	3991.49	4001.45	17185	0	2
2025.10.30	17:00:00	4001.50	4017.98	3994.74	4004.61	14845	0	2
2025.10.30	18:00:00	4004.74	4017.85	4000.26	4016.20	13850	0	2
2025.10.30	19:00:00	4016.24	4025.95	4015.52	4023.54	15758	0	2
2025.10.30	20:00:00	4023.59	4027.21	4016.46	4024.66	6059	0	2
2025.10.30	22:00:00	4020.22	4046.28	4016.19	4037.99	9184	0	2
2025.10.30	23:00:00	4037.90	4043.12	4019.28	4036.66	13677	0	2
2025.10.31	00:00:00	4036.68	4037.02	4024.17	4025.27	15817	0	2
2025.10.31	01:00:00	4025.30	4039.34	4013.02	4018.91	19775	0	2
2025.10.31	02:00:00	4018.69	4019.21	4001.73	4011.13	20386	0	2
2025.10.31	03:00:00	4011.37	4014.05	3991.24	3996.39	16114	0	2
2025.10.31	04:00:00	3996.35	4010.61	3989.13	4005.88	12413	0	2
2025.10.31	05:00:00	4005.87	4011.11	3994.22	4005.16	16025	0	2
2025.10.31	06:00:00	4005.17	4015.14	4002.39	4013.23	16740	0	2
2025.10.31	07:00:00	4013.24	4025.45	4007.71	4021.07	16228	0	2
2025.10.31	08:00:00	4021.05	4026.83	4006.79	4010.44	14270	0	2
2025.10.31	09:00:00	4010.46	4014.28	3998.69	4008.43	15043	0	2
2025.10.31	10:00:00	4008.50	4016.82	4003.59	4007.53	12394	0	2
2025.10.31	11:00:00	4007.45	4011.24	4001.82	4010.55	11347	0	2
2025.10.31	12:00:00	4010.62	4036.21	4009.14	4023.09	15738	0	2
2025.10.31	13:00:00	4023.10	4035.50	4010.37	4016.63	21234	0	2
2025.10.31	14:00:00	4016.62	4027.24	4011.10	4020.70	21091	0	2
2025.10.31	15:00:00	4020.74	4022.88	4009.78	4012.97	20605	0	2
2025.10.31	16:00:00	4012.90	4015.24	3972.37	3980.73	24375	0	2
2025.10.31	17:00:00	3980.78	4003.67	3980.47	3997.72	18931	0	2
2025.10.31	18:00:00	3997.76	4009.96	3995.45	4000.03	15376	0	2
2025.10.31	19:00:00	4000.01	4005.56	3991.40	4001.25	13661	0	2
2025.10.31	20:00:00	4001.26	4006.70	3996.25	4003.90	4583	0	2
2025.11.02	23:00:00	3995.44	3999.16	3977.96	3980.56	9045	0	2
2025.11.03	00:00:00	3980.37	3987.99	3962.58	3970.75	12124	0	2
2025.11.03	01:00:00	3970.89	4001.86	3965.66	3996.02	18077	0	2
2025.11.03	02:00:00	3996.00	4006.55	3990.37	4004.06	14102	0	2
2025.11.03	03:00:00	4004.23	4015.37	4002.27	4011.35	12530	0	2
2025.11.03	04:00:00	4011.33	4014.34	4001.92	4003.73	10077	0	2
2025.11.03	05:00:00	4003.75	4018.44	3997.69	4013.98	11215	0	2
2025.11.03	06:00:00	4014.03	4018.66	4010.02	4017.50	11818	0	2
2025.11.03	07:00:00	4017.38	4025.96	4013.62	4025.28	12195	0	2
2025.11.03	08:00:00	4025.29	4028.05	4011.18	4019.73	15227	0	2
2025.11.03	09:00:00	4019.87	4026.07	3993.14	4000.58	16109	0	2
2025.11.03	10:00:00	4000.68	4004.88	3994.50	3998.79	13771	0	2
2025.11.03	11:00:00	3998.71	4008.70	3994.49	4007.63	12789	0	2
2025.11.03	12:00:00	4007.70	4013.66	4001.98	4013.54	12814	0	2
2025.11.03	13:00:00	4013.56	4020.50	4010.89	4016.08	19419	0	2
2025.11.03	14:00:00	4016.09	4026.10	4001.73	4022.98	21190	0	2
2025.11.03	15:00:00	4022.95	4030.46	4003.43	4008.71	22436	0	2
2025.11.03	16:00:00	4008.60	4013.57	3995.35	4008.41	17776	0	2
2025.11.03	17:00:00	4008.42	4012.15	4003.60	4006.19	14464	0	2
2025.11.03	18:00:00	4006.24	4009.65	3999.58	4006.51	11506	0	2
2025.11.03	19:00:00	4006.43	4008.04	3995.48	4004.82	13219	0	2
2025.11.03	20:00:00	4004.76	4015.03	4004.75	4010.24	10881	0	2
2025.11.03	21:00:00	4010.34	4010.34	4000.06	4000.73	3413	0	2
2025.11.03	23:00:00	4005.10	4005.10	3981.53	3997.29	7440	0	2
2025.11.04	00:00:00	3997.68	3999.31	3978.61	3986.55	13794	0	2
2025.11.04	01:00:00	3986.50	3994.58	3979.68	3987.46	15402	0	2
2025.11.04	02:00:00	3987.45	3987.45	3975.84	3986.77	13145	0	2
2025.11.04	03:00:00	3986.74	3999.36	3981.78	3994.60	10029	0	2
2025.11.04	04:00:00	3994.58	3995.23	3984.16	3985.63	8338	0	2
2025.11.04	05:00:00	3985.22	3987.21	3972.90	3973.31	13434	0	2
2025.11.04	06:00:00	3973.34	3988.17	3966.69	3985.10	12407	0	2
2025.11.04	07:00:00	3985.12	3996.37	3982.34	3993.92	9232	0	2
2025.11.04	08:00:00	3994.23	4000.69	3990.79	3996.17	10624	0	2
2025.11.04	09:00:00	3996.15	3999.53	3990.48	3991.27	9993	0	2
2025.11.04	10:00:00	3991.29	3997.70	3986.05	3993.85	10818	0	2
2025.11.04	11:00:00	3993.86	4000.16	3991.77	3995.08	8484	0	2
2025.11.04	12:00:00	3995.04	3997.55	3983.66	3984.94	11335	0	2
2025.11.04	13:00:00	3984.82	3996.07	3971.94	3975.78	17291	0	2
2025.11.04	14:00:00	3975.77	3977.71	3928.72	3957.10	23025	0	2
2025.11.04	15:00:00	3957.12	3968.16	3941.32	3956.80	20281	0	2
2025.11.04	16:00:00	3956.83	3975.51	3956.74	3969.06	17915	0	2
2025.11.04	17:00:00	3969.14	3971.02	3952.39	3955.08	16431	0	2
2025.11.04	18:00:00	3955.06	3956.84	3932.12	3937.93	17649	0	2
2025.11.04	19:00:00	3937.94	3944.28	3934.69	3937.48	14691	0	2
2025.11.04	20:00:00	3937.56	3942.21	3931.40	3938.76	13355	0	2
2025.11.04	21:00:00	3938.98	3938.98	3930.57	3932.22	3782	0	2
2025.11.04	23:00:00	3937.69	3940.71	3930.96	3934.68	5670	0	2
2025.11.05	00:00:00	3934.73	3942.99	3929.80	3939.86	11142	0	2
2025.11.05	01:00:00	3939.87	3949.51	3934.54	3937.07	15014	0	2
2025.11.05	02:00:00	3936.98	3951.09	3935.68	3948.70	13494	0	2
2025.11.05	03:00:00	3948.68	3965.29	3947.61	3960.94	9925	0	2
2025.11.05	04:00:00	3960.63	3973.78	3959.89	3970.37	10969	0	2
2025.11.05	05:00:00	3970.58	3978.64	3961.99	3964.94	12395	0	2
2025.11.05	06:00:00	3965.26	3973.63	3961.92	3966.40	10261	0	2
2025.11.05	07:00:00	3966.41	3974.87	3963.91	3972.63	8517	0	2
2025.11.05	08:00:00	3972.66	3987.11	3972.64	3979.99	11006	0	2
2025.11.05	09:00:00	3980.00	3981.36	3963.69	3971.91	8799	0	2
2025.11.05	10:00:00	3971.83	3971.88	3956.14	3964.56	9257	0	2
2025.11.05	11:00:00	3964.58	3969.03	3957.66	3966.99	8091	0	2
2025.11.05	12:00:00	3966.95	3969.91	3962.32	3969.67	7849	0	2
2025.11.05	13:00:00	3969.73	3979.51	3964.89	3975.99	13360	0	2
2025.11.05	14:00:00	3975.91	3985.63	3969.66	3973.61	16695	0	2
2025.11.05	15:00:00	3973.52	3984.42	3964.44	3978.30	19189	0	2
2025.11.05	16:00:00	3978.39	3990.54	3975.00	3986.91	13457	0	2
2025.11.05	17:00:00	3986.95	3989.71	3978.80	3982.14	9183	0	2
2025.11.05	18:00:00	3982.17	3986.07	3979.04	3982.51	8434	0	2
2025.11.05	19:00:00	3982.50	3988.83	3979.27	3987.88	8074	0	2
2025.11.05	20:00:00	3987.91	3990.25	3981.66	3984.55	9080	0	2
2025.11.05	21:00:00	3984.53	3985.11	3978.04	3979.14	2555	0	2
2025.11.05	23:00:00	3968.84	3977.68	3966.89	3973.81	5679	0	2
2025.11.06	00:00:00	3973.77	3975.96	3969.69	3975.96	8298	0	2
2025.11.06	01:00:00	3976.09	3977.40	3964.59	3976.67	10334	0	2
2025.11.06	02:00:00	3976.79	3985.23	3974.30	3983.43	8931	0	2
2025.11.06	03:00:00	3983.47	3990.46	3979.57	3987.62	7239	0	2
2025.11.06	04:00:00	3987.40	3989.85	3984.55	3988.88	4388	0	2
2025.11.06	05:00:00	3988.77	3990.72	3985.80	3987.77	7501	0	2
2025.11.06	06:00:00	3987.67	3992.84	3982.34	3991.81	8830	0	2
2025.11.06	07:00:00	3991.76	4009.31	3991.18	4005.85	11152	0	2
2025.11.06	08:00:00	4005.86	4016.94	4004.76	4014.94	12054	0	2
2025.11.06	09:00:00	4014.92	4015.28	4009.31	4011.07	9684	0	2
2025.11.06	10:00:00	4011.08	4011.24	4004.45	4008.44	9871	0	2
2025.11.06	11:00:00	4008.39	4019.57	4007.17	4018.17	9799	0	2
2025.11.06	12:00:00	4018.15	4019.64	4003.11	4005.29	11034	0	2
2025.11.06	13:00:00	4005.31	4016.31	4003.84	4012.32	13748	0	2
2025.11.06	14:00:00	4012.34	4014.07	3989.17	3993.46	21376	0	2
2025.11.06	15:00:00	3993.14	3993.76	3975.27	3980.39	23450	0	2
2025.11.06	16:00:00	3980.42	3986.50	3976.61	3980.91	19174	0	2
2025.11.06	17:00:00	3980.90	3988.15	3965.92	3986.19	19562	0	2
2025.11.06	18:00:00	3986.20	3990.85	3980.39	3987.85	14476	0	2
2025.11.06	19:00:00	3987.88	3995.29	3983.29	3985.40	11559	0	2
2025.11.06	20:00:00	3985.39	3987.36	3979.36	3980.61	13123	0	2
2025.11.06	21:00:00	3980.60	3982.34	3976.95	3977.31	4983	0	2
2025.11.06	23:00:00	3979.19	3989.83	3978.33	3989.22	5074	0	2
2025.11.07	00:00:00	3989.25	3994.48	3984.60	3988.64	6985	0	2
2025.11.07	01:00:00	3988.58	4002.85	3987.30	4001.81	11708	0	2
2025.11.07	02:00:00	4001.85	4003.26	3991.65	3995.47	9160	0	2
2025.11.07	03:00:00	3995.45	3996.67	3988.27	3990.45	7331	0	2
2025.11.07	04:00:00	3990.41	3998.59	3985.61	3998.43	6051	0	2
2025.11.07	05:00:00	3998.40	3998.93	3992.13	3995.08	7136	0	2
2025.11.07	06:00:00	3995.10	4008.51	3992.34	4006.80	7603	0	2
2025.11.07	07:00:00	4006.86	4009.94	4002.95	4007.75	6797	0	2
2025.11.07	08:00:00	4007.76	4010.45	4003.71	4009.79	7135	0	2
2025.11.07	09:00:00	4009.80	4014.25	4004.29	4006.71	7533	0	2
2025.11.07	10:00:00	4006.72	4009.56	4003.21	4007.95	6438	0	2
2025.11.07	11:00:00	4007.93	4011.97	3993.81	4002.96	9459	0	2
2025.11.07	12:00:00	4002.98	4008.50	3991.80	3995.92	10204	0	2
2025.11.07	13:00:00	3995.99	4002.02	3991.86	3997.81	13805	0	2
2025.11.07	14:00:00	3997.78	4007.38	3984.47	3993.41	18731	0	2
2025.11.07	15:00:00	3993.50	3999.26	3984.14	3991.03	19480	0	2
2025.11.07	16:00:00	3990.99	4027.49	3990.01	4007.82	19221	0	2
2025.11.07	17:00:00	4007.62	4009.90	3992.48	4005.53	17254	0	2
2025.11.07	18:00:00	4005.54	4009.17	3999.61	4005.61	12591	0	2
2025.11.07	19:00:00	4005.62	4009.14	4001.84	4006.84	11505	0	2
2025.11.07	20:00:00	4006.82	4007.03	3994.52	4004.20	14965	0	2
2025.11.07	21:00:00	4003.91	4005.24	3998.61	4001.48	2771	0	2
2025.11.09	23:00:00	4006.44	4012.21	4004.23	4011.91	5547	0	2
2025.11.10	00:00:00	4011.89	4023.84	4011.23	4020.45	8381	0	2
2025.11.10	01:00:00	4020.24	4053.23	4019.25	4044.16	17730	0	2
2025.11.10	02:00:00	4044.18	4049.16	4037.82	4048.26	12639	0	2
2025.11.10	03:00:00	4048.22	4052.87	4045.03	4050.35	7870	0	2
2025.11.10	04:00:00	4050.42	4056.91	4049.89	4054.25	7710	0	2
2025.11.10	05:00:00	4054.26	4070.00	4050.25	4069.51	9060	0	2
2025.11.10	06:00:00	4069.53	4078.57	4067.14	4075.23	10280	0	2
2025.11.10	07:00:00	4075.16	4079.07	4072.38	4075.36	8526	0	2
2025.11.10	08:00:00	4075.37	4085.19	4075.04	4082.33	12310	0	2
2025.11.10	09:00:00	4082.30	4086.36	4071.64	4076.64	9778	0	2
2025.11.10	10:00:00	4076.78	4083.47	4076.08	4080.97	5846	0	0
2025.11.10	11:00:00	4081.02	4085.51	4075.85	4085.42	8982	0	0
2025.11.10	12:00:00	4085.46	4100.01	4084.44	4097.59	11519	0	2
2025.11.10	13:00:00	4097.66	4106.03	4090.49	4092.02	17735	0	2
2025.11.10	14:00:00	4091.71	4094.19	4074.38	4083.61	19464	0	2
2025.11.10	15:00:00	4083.62	4094.44	4077.89	4084.42	19333	0	2
2025.11.10	16:00:00	4084.43	4095.86	4082.10	4095.04	14885	0	2
2025.11.10	17:00:00	4095.13	4102.78	4093.42	4102.65	12475	0	2
2025.11.10	18:00:00	4102.63	4115.86	4101.77	4110.11	13718	0	2
2025.11.10	19:00:00	4110.12	4115.50	4107.97	4113.26	10956	0	2
2025.11.10	20:00:00	4113.25	4114.52	4106.82	4111.69	11945	0	2
2025.11.10	21:00:00	4111.74	4116.63	4110.59	4115.63	2474	0	2
2025.11.10	23:00:00	4116.59	4122.81	4115.98	4120.06	5921	0	2
2025.11.11	00:00:00	4120.08	4133.77	4116.37	4130.94	8549	0	2
2025.11.11	01:00:00	4130.95	4141.33	4128.05	4136.45	12999	0	2
2025.11.11	02:00:00	4136.37	4139.77	4129.71	4138.13	10428	0	2
2025.11.11	03:00:00	4138.06	4148.22	4137.22	4147.00	9364	0	2
2025.11.11	04:00:00	4146.94	4149.06	4142.03	4143.14	7128	0	2
2025.11.11	05:00:00	4143.08	4144.51	4124.79	4131.08	12354	0	2
2025.11.11	06:00:00	4131.06	4137.91	4126.84	4130.06	10581	0	2
2025.11.11	07:00:00	4130.00	4133.11	4125.01	4129.71	9198	0	2
2025.11.11	08:00:00	4129.66	4137.69	4128.86	4135.72	11547	0	2
2025.11.11	09:00:00	4135.74	4146.02	4134.52	4142.02	8444	0	2
2025.11.11	10:00:00	4141.98	4144.36	4137.02	4141.95	8377	0	2
2025.11.11	11:00:00	4142.18	4144.53	4139.15	4142.85	7845	0	2
2025.11.11	12:00:00	4143.14	4143.91	4133.26	4134.45	9240	0	2
2025.11.11	13:00:00	4134.46	4146.80	4133.96	4142.63	12319	0	2
2025.11.11	14:00:00	4142.67	4143.31	4120.03	4125.09	18711	0	2
2025.11.11	15:00:00	4125.06	4126.18	4097.18	4106.58	22002	0	2
2025.11.11	16:00:00	4106.70	4115.83	4105.11	4113.25	16470	0	2
2025.11.11	17:00:00	4113.26	4117.83	4110.68	4114.40	12824	0	2
2025.11.11	18:00:00	4114.44	4116.40	4106.79	4113.83	12225	0	2
2025.11.11	19:00:00	4113.87	4126.21	4112.05	4123.15	9640	0	2
2025.11.11	20:00:00	4123.23	4131.93	4122.58	4129.60	10345	0	2
2025.11.11	21:00:00	4129.57	4131.51	4125.70	4126.43	2860	0	2
2025.11.11	23:00:00	4130.82	4144.75	4129.09	4142.69	6826	0	2
2025.11.12	00:00:00	4142.62	4145.65	4132.18	4133.12	9198	0	2
2025.11.12	01:00:00	4133.14	4137.33	4126.50	4131.55	16155	0	2
2025.11.12	02:00:00	4131.52	4135.50	4118.84	4124.18	12661	0	2
2025.11.12	03:00:00	4124.19	4125.53	4111.84	4112.01	11513	0	2
2025.11.12	04:00:00	4111.99	4113.11	4103.79	4110.51	11015	0	2
2025.11.12	05:00:00	4110.60	4111.06	4098.95	4104.83	10866	0	2
2025.11.12	06:00:00	4104.72	4119.11	4103.24	4118.58	13692	0	2
2025.11.12	07:00:00	4118.60	4125.25	4113.46	4117.05	11265	0	2
2025.11.12	08:00:00	4117.04	4132.85	4112.28	4131.44	12711	0	2
2025.11.12	09:00:00	4131.43	4133.64	4120.57	4124.75	13182	0	2
2025.11.12	10:00:00	4124.73	4129.45	4118.01	4127.83	11170	0	2
2025.11.12	11:00:00	4127.87	4131.19	4123.13	4126.12	9986	0	2
2025.11.12	12:00:00	4126.14	4139.47	4124.97	4130.24	13267	0	2
2025.11.12	13:00:00	4130.18	4132.68	4122.76	4127.23	16176	0	2
2025.11.12	14:00:00	4127.37	4140.20	4125.09	4136.65	20449	0	2
2025.11.12	15:00:00	4136.62	4185.57	4134.75	4181.49	24695	0	2
2025.11.12	16:00:00	4181.46	4197.86	4180.18	4196.50	22050	0	2
2025.11.12	17:00:00	4196.51	4206.59	4192.50	4199.56	20209	0	2
2025.11.12	18:00:00	4199.61	4211.75	4190.66	4207.05	18777	0	2
2025.11.12	19:00:00	4207.06	4210.26	4192.33	4197.56	16220	0	2
2025.11.12	20:00:00	4197.47	4199.72	4190.78	4196.08	14869	0	2
2025.11.12	21:00:00	4196.01	4202.20	4191.05	4194.55	4850	0	2
2025.11.12	23:00:00	4202.76	4208.44	4187.59	4191.19	7296	0	2
2025.11.13	00:00:00	4191.12	4208.91	4186.38	4205.97	10606	0	2
2025.11.13	01:00:00	4206.00	4209.25	4179.96	4192.40	19286	0	2
2025.11.13	02:00:00	4192.37	4196.03	4183.55	4190.21	15934	0	2
2025.11.13	03:00:00	4190.22	4213.18	4190.19	4212.87	14119	0	2
2025.11.13	04:00:00	4212.78	4219.51	4203.47	4209.43	12756	0	2
2025.11.13	05:00:00	4209.41	4217.88	4207.54	4212.04	12877	0	2
2025.11.13	06:00:00	4212.08	4212.09	4203.37	4210.50	12338	0	2
2025.11.13	07:00:00	4210.52	4220.19	4208.45	4220.07	10824	0	2
2025.11.13	08:00:00	4220.03	4239.57	4219.22	4232.84	14487	0	2
2025.11.13	09:00:00	4232.59	4239.53	4225.12	4233.24	12859	0	2
2025.11.13	10:00:00	4233.21	4240.20	4221.64	4225.57	12778	0	2
2025.11.13	11:00:00	4225.60	4232.34	4219.36	4230.61	13172	0	2
2025.11.13	12:00:00	4230.25	4245.19	4230.19	4242.70	11827	0	2
2025.11.13	13:00:00	4242.71	4243.99	4220.45	4231.78	19743	0	2
2025.11.13	14:00:00	4231.79	4232.42	4184.53	4195.51	24417	0	2
2025.11.13	15:00:00	4195.52	4205.16	4186.85	4202.65	23944	0	2
2025.11.13	16:00:00	4202.61	4211.01	4195.86	4206.90	21151	0	2
2025.11.13	17:00:00	4206.87	4208.49	4193.34	4201.83	19497	0	2
2025.11.13	18:00:00	4201.87	4203.34	4145.51	4158.05	22988	0	2
2025.11.13	19:00:00	4158.00	4170.67	4145.88	4163.95	18751	0	2
2025.11.13	20:00:00	4164.01	4170.77	4160.46	4163.99	17561	0	2
2025.11.13	21:00:00	4164.10	4181.26	4161.43	4171.60	6290	0	2
2025.11.13	23:00:00	4177.09	4186.70	4175.80	4186.04	7714	0	2
2025.11.14	00:00:00	4186.11	4189.91	4178.19	4183.93	10609	0	2
2025.11.14	01:00:00	4183.92	4193.86	4173.72	4190.06	17610	0	2
2025.11.14	02:00:00	4190.03	4210.40	4188.66	4207.13	15463	0	2
2025.11.14	03:00:00	4207.24	4211.32	4201.57	4204.50	12750	0	2
2025.11.14	04:00:00	4204.49	4205.87	4197.15	4203.35	10213	0	2
2025.11.14	05:00:00	4203.45	4203.72	4184.05	4189.92	14630	0	2
2025.11.14	06:00:00	4189.96	4193.45	4169.71	4174.93	15325	0	2
2025.11.14	07:00:00	4175.30	4182.43	4159.03	4181.24	14895	0	2
2025.11.14	08:00:00	4181.21	4187.01	4170.18	4176.14	16862	0	2
2025.11.14	09:00:00	4176.15	4180.58	4166.67	4169.43	13936	0	2
2025.11.14	10:00:00	4169.39	4171.11	4159.49	4167.95	12263	0	2
2025.11.14	11:00:00	4167.96	4170.00	4130.98	4133.07	16397	0	2
2025.11.14	12:00:00	4133.01	4140.64	4108.05	4116.11	21202	0	2
2025.11.14	13:00:00	4116.14	4119.14	4041.15	4055.84	25947	0	2
2025.11.14	14:00:00	4055.85	4084.09	4032.24	4082.75	25812	0	2
2025.11.14	15:00:00	4082.77	4096.54	4068.54	4093.64	24168	0	2
2025.11.14	16:00:00	4093.67	4111.19	4081.03	4105.24	18629	0	2
2025.11.14	17:00:00	4105.21	4110.67	4094.23	4099.94	17218	0	2
2025.11.14	18:00:00	4099.96	4103.70	4080.95	4098.12	18856	0	2
2025.11.14	19:00:00	4098.13	4100.08	4087.78	4090.03	13880	0	2
2025.11.14	20:00:00	4090.10	4092.43	4075.57	4087.31	13918	0	2
2025.11.14	21:00:00	4087.21	4087.21	4077.92	4085.04	5243	0	2
2025.11.16	23:00:00	4077.87	4106.84	4077.19	4096.44	9855	0	2
2025.11.17	00:00:00	4096.55	4098.32	4080.84	4083.26	12520	0	2
2025.11.17	01:00:00	4083.11	4102.03	4082.71	4091.35	18253	0	2
2025.11.17	02:00:00	4091.36	4093.81	4080.82	4081.92	14918	0	2
2025.11.17	03:00:00	4081.90	4085.76	4069.95	4083.02	13401	0	2
2025.11.17	04:00:00	4083.00	4088.06	4076.91	4078.65	8869	0	2
2025.11.17	05:00:00	4078.78	4078.78	4049.79	4058.41	14857	0	2
2025.11.17	06:00:00	4058.40	4071.94	4054.82	4066.12	13129	0	2
2025.11.17	07:00:00	4066.09	4089.20	4065.25	4088.21	10146	0	2
2025.11.17	08:00:00	4088.22	4095.96	4072.18	4077.35	13497	0	2
2025.11.17	09:00:00	4077.39	4088.80	4072.34	4082.18	11219	0	2
2025.11.17	10:00:00	4082.16	4089.52	4068.54	4070.29	11181	0	2
2025.11.17	11:00:00	4070.27	4085.97	4061.20	4078.50	11745	0	2
2025.11.17	12:00:00	4078.52	4085.31	4074.74	4077.26	9582	0	2
2025.11.17	13:00:00	4077.28	4092.33	4060.84	4065.39	17346	0	2
2025.11.17	14:00:00	4065.38	4081.96	4060.84	4076.14	21044	0	2
2025.11.17	15:00:00	4076.29	4077.55	4060.84	4064.47	22253	0	2
2025.11.17	16:00:00	4064.50	4073.78	4052.29	4069.99	18798	0	2
2025.11.17	17:00:00	4070.01	4081.02	4069.73	4073.32	14944	0	2
2025.11.17	18:00:00	4073.36	4076.21	4062.39	4062.70	15018	0	2
2025.11.17	19:00:00	4062.71	4065.18	4011.00	4011.20	21365	0	2
2025.11.17	20:00:00	4011.32	4044.33	4006.92	4040.99	19053	0	2
2025.11.17	21:00:00	4041.11	4045.85	4038.99	4045.44	4577	0	2
2025.11.17	23:00:00	4051.06	4055.58	4028.91	4036.78	8303	0	2
2025.11.18	00:00:00	4036.88	4041.28	4027.35	4040.04	11491	0	2
2025.11.18	01:00:00	4040.15	4045.22	4022.52	4025.08	15749	0	2
2025.11.18	02:00:00	4025.04	4035.91	4015.39	4017.81	13011	0	2
2025.11.18	03:00:00	4017.84	4026.53	4008.52	4013.35	12619	0	2
2025.11.18	04:00:00	4013.36	4018.11	4004.93	4010.44	12600	0	2
2025.11.18	05:00:00	4010.42	4025.30	4008.23	4018.99	11965	0	2
2025.11.18	06:00:00	4019.07	4020.54	4007.70	4009.10	13705	0	2
2025.11.18	07:00:00	4008.96	4017.57	3998.01	4013.77	12829	0	2
2025.11.18	08:00:00	4014.02	4042.83	4010.66	4036.79	13927	0	2
2025.11.18	09:00:00	4036.78	4047.25	4030.31	4040.29	11449	0	2
2025.11.18	10:00:00	4040.28	4050.41	4037.50	4044.25	11103	0	2
2025.11.18	11:00:00	4044.30	4050.36	4037.00	4039.49	10853	0	2
2025.11.18	12:00:00	4039.34	4045.14	4029.32	4032.40	14776	0	2
2025.11.18	13:00:00	4032.42	4070.21	4031.31	4065.22	19743	0	2
2025.11.18	14:00:00	4065.19	4081.94	4058.27	4065.65	23803	0	2
2025.11.18	15:00:00	4065.80	4072.46	4049.06	4052.96	26821	0	2
2025.11.18	16:00:00	4053.09	4069.28	4040.57	4066.93	21803	0	2
2025.11.18	17:00:00	4066.92	4075.92	4059.49	4071.52	19146	0	2
2025.11.18	18:00:00	4071.54	4074.73	4063.25	4072.64	17207	0	2
2025.11.18	19:00:00	4072.71	4082.08	4072.64	4081.22	15707	0	2
2025.11.18	20:00:00	4081.38	4082.33	4067.45	4069.53	16290	0	2
2025.11.18	21:00:00	4069.57	4072.41	4064.91	4067.12	4649	0	2
2025.11.18	23:00:00	4067.20	4077.97	4067.17	4076.86	5356	0	2
2025.11.19	00:00:00	4076.84	4078.51	4067.65	4069.34	8071	0	2
2025.11.19	01:00:00	4069.35	4070.45	4056.41	4059.15	15395	0	2
2025.11.19	02:00:00	4059.16	4080.71	4055.61	4075.69	13895	0	2
2025.11.19	03:00:00	4075.73	4078.74	4066.18	4067.01	11219	0	2
2025.11.19	04:00:00	4067.03	4076.96	4064.61	4075.28	8411	0	2
2025.11.19	05:00:00	4075.29	4097.46	4074.35	4095.57	13091	0	2
2025.11.19	06:00:00	4095.56	4098.68	4089.20	4091.04	11409	0	2
2025.11.19	07:00:00	4091.03	4096.89	4084.87	4086.90	9357	0	2
2025.11.19	08:00:00	4086.94	4088.80	4078.29	4083.53	11550	0	2
2025.11.19	09:00:00	4083.27	4116.37	4081.28	4113.34	14469	0	2
2025.11.19	10:00:00	4113.43	4119.20	4107.06	4108.99	14093	0	2
2025.11.19	11:00:00	4108.97	4117.70	4106.53	4113.05	11217	0	2
2025.11.19	12:00:00	4113.06	4119.90	4112.24	4114.69	11536	0	2
2025.11.19	13:00:00	4114.77	4117.90	4100.88	4110.61	19437	0	2
2025.11.19	14:00:00	4110.65	4128.99	4102.01	4127.92	21809	0	2
2025.11.19	15:00:00	4127.91	4132.94	4090.17	4096.63	24326	0	2
2025.11.19	16:00:00	4096.68	4098.68	4067.90	4074.77	25562	0	2
2025.11.19	17:00:00	4074.79	4081.26	4055.67	4078.91	23783	0	2
2025.11.19	18:00:00	4078.89	4091.32	4075.75	4087.20	18769	0	2
2025.11.19	19:00:00	4087.22	4087.27	4069.20	4073.68	20403	0	2
2025.11.19	20:00:00	4073.66	4082.14	4072.35	4076.40	16641	0	2
2025.11.19	21:00:00	4076.38	4084.81	4065.72	4077.71	8017	0	2
2025.11.19	23:00:00	4088.22	4108.27	4083.90	4104.61	8049	0	2
2025.11.20	00:00:00	4104.62	4110.21	4100.48	4103.02	10147	0	2
2025.11.20	01:00:00	4103.09	4109.21	4081.15	4081.48	16389	0	2
2025.11.20	02:00:00	4081.29	4081.64	4039.14	4067.02	18776	0	2
2025.11.20	03:00:00	4066.98	4085.63	4064.98	4072.40	14152	0	2
2025.11.20	04:00:00	4072.44	4080.50	4068.40	4075.65	8548	0	2
2025.11.20	05:00:00	4075.64	4076.04	4064.60	4066.70	12775	0	2
2025.11.20	06:00:00	4066.69	4077.80	4058.71	4068.69	14472	0	2
2025.11.20	07:00:00	4068.64	4076.59	4054.28	4060.04	12537	0	2
2025.11.20	08:00:00	4059.92	4069.51	4038.86	4063.56	18583	0	2
2025.11.20	09:00:00	4063.58	4072.82	4055.72	4064.15	13950	0	2
2025.11.20	10:00:00	4064.20	4068.34	4058.22	4060.04	10043	0	2
2025.11.20	11:00:00	4060.03	4068.44	4051.26	4060.60	11777	0	2
2025.11.20	12:00:00	4060.70	4082.06	4060.18	4081.84	12785	0	2
2025.11.20	13:00:00	4082.07	4096.30	4066.67	4080.50	23726	0	2
2025.11.20	14:00:00	4080.39	4107.19	4072.46	4093.45	25003	0	2
2025.11.20	15:00:00	4093.39	4098.97	4070.32	4070.43	24242	0	2
2025.11.20	16:00:00	4070.34	4082.65	4044.86	4049.22	27199	0	2
2025.11.20	17:00:00	4049.13	4068.58	4043.75	4066.23	27454	0	2
2025.11.20	18:00:00	4065.97	4072.62	4056.32	4060.69	22255	0	2
2025.11.20	19:00:00	4060.66	4087.26	4059.15	4084.64	19550	0	2
2025.11.20	20:00:00	4084.75	4085.22	4073.39	4077.32	16401	0	2
2025.11.20	21:00:00	4077.34	4080.95	4074.40	4076.96	4167	0	2
2025.11.20	23:00:00	4073.69	4088.80	4073.61	4079.01	7814	0	2
2025.11.21	00:00:00	4079.27	4081.47	4071.65	4073.89	9047	0	2
2025.11.21	01:00:00	4073.74	4074.55	4060.59	4068.63	16897	0	2
2025.11.21	02:00:00	4068.58	4080.07	4056.81	4057.32	14917	0	2
2025.11.21	03:00:00	4057.41	4059.51	4049.43	4056.30	15909	0	2
2025.11.21	04:00:00	4056.25	4062.49	4047.98	4052.24	12669	0	2
2025.11.21	05:00:00	4052.39	4059.90	4040.02	4058.71	15768	0	2
2025.11.21	06:00:00	4058.69	4064.52	4029.68	4032.82	15576	0	2
2025.11.21	07:00:00	4032.83	4039.88	4024.95	4031.71	13222	0	2
2025.11.21	08:00:00	4031.68	4048.20	4022.46	4041.16	17220	0	2
2025.11.21	09:00:00	4041.11	4063.53	4040.34	4050.65	15275	0	2
2025.11.21	10:00:00	4050.72	4052.77	4032.41	4037.23	18307	0	2
2025.11.21	11:00:00	4037.25	4046.99	4031.10	4036.74	14755	0	2
2025.11.21	12:00:00	4036.72	4071.62	4034.85	4065.94	20499	0	2
2025.11.21	13:00:00	4065.95	4081.25	4059.29	4079.70	20494	0	2
2025.11.21	14:00:00	4079.75	4083.96	4061.81	4071.82	22856	0	2
2025.11.21	15:00:00	4071.79	4076.89	4055.28	4069.74	26469	0	2
2025.11.21	16:00:00	4069.65	4100.71	4063.08	4099.98	22760	0	2
2025.11.21	17:00:00	4099.67	4101.14	4079.10	4085.65	19686	0	2
2025.11.21	18:00:00	4085.49	4088.32	4076.51	4082.89	17811	0	2
2025.11.21	19:00:00	4082.86	4092.26	4082.71	4087.64	13847	0	2
2025.11.21	20:00:00	4087.66	4088.78	4055.28	4067.57	18144	0	2
2025.11.21	21:00:00	4067.41	4069.19	4054.69	4065.96	6006	0	2
2025.11.23	23:00:00	4067.53	4077.74	4065.82	4075.19	8056	0	2
2025.11.24	00:00:00	4075.16	4076.14	4058.40	4067.46	9118	0	2
2025.11.24	01:00:00	4067.45	4073.24	4042.77	4044.67	18274	0	2
2025.11.24	02:00:00	4044.34	4051.60	4040.75	4043.63	13195	0	2
2025.11.24	03:00:00	4043.66	4058.27	4043.65	4050.16	9320	0	2
2025.11.24	04:00:00	4050.45	4061.37	4042.43	4044.20	9610	0	2
2025.11.24	05:00:00	4044.23	4049.53	4040.20	4046.54	9120	0	2
2025.11.24	06:00:00	4046.52	4058.17	4045.55	4053.45	10575	0	2
2025.11.24	07:00:00	4053.46	4067.79	4051.76	4060.13	8831	0	2
2025.11.24	08:00:00	4059.89	4067.01	4059.68	4063.51	8396	0	2
2025.11.24	09:00:00	4063.27	4074.23	4063.16	4071.89	11717	0	2
2025.11.24	10:00:00	4072.01	4077.23	4063.52	4064.04	9840	0	2
2025.11.24	11:00:00	4064.02	4071.82	4063.21	4070.07	8041	0	2
2025.11.24	12:00:00	4070.03	4084.07	4065.76	4080.38	10358	0	2
2025.11.24	13:00:00	4080.47	4085.96	4073.82	4077.86	13424	0	2
2025.11.24	14:00:00	4077.85	4086.04	4068.45	4081.70	18874	0	2
2025.11.24	15:00:00	4081.66	4093.93	4081.36	4091.78	20189	0	2
2025.11.24	16:00:00	4091.76	4098.99	4089.77	4097.37	13823	0	2
2025.11.24	17:00:00	4097.46	4100.45	4089.12	4093.37	12534	0	2
2025.11.24	18:00:00	4093.27	4125.87	4088.15	4120.53	14402	0	2
2025.11.24	19:00:00	4120.54	4124.23	4113.99	4118.54	11142	0	2
2025.11.24	20:00:00	4118.57	4133.70	4118.12	4132.71	11995	0	2
2025.11.24	21:00:00	4132.72	4139.97	4130.16	4133.74	4041	0	2
2025.11.24	23:00:00	4135.42	4144.24	4125.19	4143.80	8297	0	2
2025.11.25	00:00:00	4143.76	4144.43	4127.61	4129.82	11217	0	2
2025.11.25	01:00:00	4129.63	4139.32	4122.75	4134.84	17447	0	2
2025.11.25	02:00:00	4134.83	4156.01	4132.89	4150.69	14938	0	2
2025.11.25	03:00:00	4150.82	4150.97	4139.62	4143.23	12659	0	2
2025.11.25	04:00:00	4143.24	4148.45	4139.54	4140.69	9108	0	2
2025.11.25	05:00:00	4140.73	4151.96	4140.73	4151.11	9502	0	2
2025.11.25	06:00:00	4151.06	4152.16	4138.71	4141.68	13303	0	2
2025.11.25	07:00:00	4141.64	4146.17	4130.34	4132.56	12458	0	2
2025.11.25	08:00:00	4132.57	4139.48	4109.66	4116.09	14360	0	2
2025.11.25	09:00:00	4116.10	4131.46	4114.09	4128.47	13236	0	2
2025.11.25	10:00:00	4128.49	4138.81	4127.54	4131.40	10122	0	2
2025.11.25	11:00:00	4131.39	4137.47	4127.96	4133.54	9757	0	2
2025.11.25	12:00:00	4133.58	4138.80	4116.31	4129.95	13784	0	2
2025.11.25	13:00:00	4129.91	4150.84	4129.51	4147.89	17628	0	2
2025.11.25	14:00:00	4147.78	4148.75	4111.09	4125.43	21819	0	2
2025.11.25	15:00:00	4125.51	4133.95	4118.00	4123.07	19474	0	2
2025.11.25	16:00:00	4123.05	4141.46	4122.17	4136.40	16111	0	2
2025.11.25	17:00:00	4136.38	4159.38	4136.11	4146.14	19470	0	2
2025.11.25	18:00:00	4146.16	4150.89	4132.74	4134.60	14543	0	2
2025.11.25	19:00:00	4134.59	4140.42	4128.53	4133.81	14142	0	2
2025.11.25	20:00:00	4133.96	4138.52	4130.67	4132.50	12090	0	2
2025.11.25	21:00:00	4132.53	4132.58	4127.69	4130.63	5708	0	2
2025.11.25	23:00:00	4134.49	4137.05	4129.88	4133.80	5221	0	2
2025.11.26	00:00:00	4133.81	4144.43	4132.77	4143.12	9318	0	2
2025.11.26	01:00:00	4143.14	4152.96	4138.49	4148.49	13611	0	2
2025.11.26	02:00:00	4148.44	4166.78	4147.42	4161.73	15342	0	2
2025.11.26	03:00:00	4161.98	4169.54	4160.38	4166.14	11554	0	2
2025.11.26	04:00:00	4166.13	4167.16	4156.55	4162.09	9375	0	2
2025.11.26	05:00:00	4162.10	4168.79	4160.51	4162.38	11464	0	2
2025.11.26	06:00:00	4162.39	4162.91	4146.90	4150.17	13117	0	2
2025.11.26	07:00:00	4150.16	4161.59	4149.36	4157.31	10613	0	2
2025.11.26	08:00:00	4157.36	4168.56	4154.86	4161.24	11961	0	2
2025.11.26	09:00:00	4161.25	4164.68	4156.67	4162.78	9237	0	2
2025.11.26	10:00:00	4162.80	4165.17	4156.14	4160.08	10415	0	2
2025.11.26	11:00:00	4160.31	4173.06	4157.87	4171.59	10188	0	2
2025.11.26	12:00:00	4171.63	4173.44	4148.84	4155.24	13703	0	2
2025.11.26	13:00:00	4155.26	4166.64	4149.16	4153.43	16285	0	2
2025.11.26	14:00:00	4153.44	4156.89	4140.16	4142.52	19729	0	2
2025.11.26	15:00:00	4142.36	4165.72	4136.73	4165.41	20155	0	2
2025.11.26	16:00:00	4165.42	4168.48	4160.72	4167.17	14849	0	2
2025.11.26	17:00:00	4167.16	4169.91	4165.16	4167.22	11289	0	2
2025.11.26	18:00:00	4167.28	4171.62	4158.11	4164.75	13959	0	2
2025.11.26	19:00:00	4164.74	4169.79	4162.54	4163.34	9607	0	2
2025.11.26	20:00:00	4163.28	4167.45	4161.39	4164.19	11777	0	2
2025.11.26	21:00:00	4164.16	4167.60	4162.28	4164.13	4384	0	2
2025.11.26	23:00:00	4164.84	4168.68	4162.60	4164.70	4876	0	2
2025.11.27	00:00:00	4164.90	4167.19	4161.88	4164.59	6150	0	2
2025.11.27	01:00:00	4164.58	4165.44	4148.73	4154.37	15870	0	2
2025.11.27	02:00:00	4154.36	4156.21	4144.68	4145.57	12269	0	2
2025.11.27	03:00:00	4145.58	4150.76	4144.41	4147.48	9620	0	2
2025.11.27	04:00:00	4147.38	4154.67	4142.74	4150.81	9077	0	2
2025.11.27	05:00:00	4150.82	4154.77	4144.80	4147.10	9523	0	2
2025.11.27	06:00:00	4147.17	4159.25	4147.06	4157.56	12569	0	2
2025.11.27	07:00:00	4157.52	4162.39	4155.62	4160.20	11043	0	2
2025.11.27	08:00:00	4160.21	4167.18	4159.68	4165.80	10948	0	2
2025.11.27	09:00:00	4165.69	4165.90	4148.37	4158.76	10646	0	2
2025.11.27	10:00:00	4158.78	4160.58	4152.41	4156.56	9768	0	2
2025.11.27	11:00:00	4156.50	4162.58	4156.00	4157.39	7290	0	2
2025.11.27	12:00:00	4157.43	4159.23	4153.64	4154.12	5652	0	2
2025.11.27	13:00:00	4153.96	4158.12	4149.22	4155.09	13376	0	2
2025.11.27	14:00:00	4155.10	4160.80	4152.95	4153.31	11194	0	2
2025.11.27	15:00:00	4153.33	4161.89	4153.05	4158.00	9205	0	2
2025.11.27	16:00:00	4157.95	4158.39	4151.53	4156.38	6104	0	2
2025.11.27	17:00:00	4156.42	4159.25	4154.82	4157.83	3290	0	2
2025.11.27	18:00:00	4157.85	4159.88	4155.91	4159.14	5352	0	2
2025.11.27	19:00:00	4159.11	4160.42	4157.82	4157.90	1998	0	2
2025.11.27	23:00:00	4159.51	4163.93	4159.39	4163.43	2822	0	2
2025.11.28	00:00:00	4163.28	4182.83	4163.17	4180.66	9991	0	2
2025.11.28	01:00:00	4180.68	4193.21	4180.64	4191.16	13186	0	2
2025.11.28	02:00:00	4191.14	4192.10	4186.00	4189.51	8873	0	2
2025.11.28	03:00:00	4189.64	4192.67	4182.82	4184.31	2223	0	2
2025.11.28	04:00:00	4184.30	4188.83	4172.64	4188.69	3190	0	2
2025.11.28	05:00:00	4188.49	4188.79	4179.93	4182.55	3800	0	2
2025.11.28	06:00:00	4182.48	4188.96	4181.90	4187.36	2504	0	2
2025.11.28	07:00:00	4187.37	4188.05	4173.42	4174.64	2101	0	2
2025.11.28	08:00:00	4174.65	4183.87	4149.26	4170.18	1733	0	2
2025.11.28	09:00:00	4162.25	4166.60	4157.65	4165.87	11188	0	78
2025.11.28	10:00:00	4165.84	4178.35	4160.43	4164.01	5125	0	18
2025.11.28	11:00:00	4163.95	4180.15	4163.18	4171.78	5641	0	18
2025.11.28	12:00:00	4171.76	4177.47	4168.40	4176.75	2943	0	2
2025.11.28	13:00:00	4176.51	4183.02	4169.08	4182.60	3787	0	2
2025.11.28	14:00:00	4182.69	4208.76	4182.68	4198.34	16454	0	2
2025.11.28	15:00:00	4198.25	4204.11	4185.75	4203.90	16488	0	2
2025.11.28	16:00:00	4203.87	4210.89	4197.86	4206.35	13215	0	2
2025.11.28	17:00:00	4206.36	4216.84	4204.22	4216.79	13176	0	2
2025.11.28	18:00:00	4216.85	4226.91	4211.06	4220.47	12243	0	2
2025.11.28	19:00:00	4220.45	4221.98	4216.20	4220.54	6489	0	2
2025.11.30	23:00:00	4230.26	4230.87	4205.68	4222.40	12819	0	2
2025.12.01	00:00:00	4221.96	4233.71	4218.34	4230.88	13437	0	2
2025.12.01	01:00:00	4230.83	4256.36	4219.92	4255.71	22483	0	2
2025.12.01	02:00:00	4255.70	4256.53	4234.46	4242.82	19171	0	2
2025.12.01	03:00:00	4242.86	4243.96	4232.68	4239.36	16236	0	2
2025.12.01	04:00:00	4239.37	4247.02	4236.45	4245.70	11930	0	2
2025.12.01	05:00:00	4245.73	4246.79	4215.60	4229.66	17382	0	2
2025.12.01	06:00:00	4229.65	4240.68	4226.32	4236.84	15108	0	2
2025.12.01	07:00:00	4237.13	4246.61	4231.88	4245.39	13287	0	2
2025.12.01	08:00:00	4245.41	4253.61	4238.47	4244.84	14879	0	2
2025.12.01	09:00:00	4244.83	4251.86	4243.86	4250.22	12622	0	2
2025.12.01	10:00:00	4250.21	4262.44	4249.26	4255.61	14407	0	2
2025.12.01	11:00:00	4255.63	4258.48	4248.33	4254.65	13616	0	2
2025.12.01	12:00:00	4254.61	4256.67	4244.24	4246.65	15387	0	2
2025.12.01	13:00:00	4246.51	4264.63	4245.70	4247.42	20900	0	2
2025.12.01	14:00:00	4247.40	4249.40	4219.69	4240.08	24202	0	2
2025.12.01	15:00:00	4240.07	4244.92	4219.59	4232.58	25344	0	2
2025.12.01	16:00:00	4232.65	4242.44	4225.23	4226.16	23176	0	2
2025.12.01	17:00:00	4226.28	4240.04	4223.48	4232.41	18909	0	2
2025.12.01	18:00:00	4232.48	4244.73	4232.45	4240.34	16062	0	2
2025.12.01	19:00:00	4240.37	4243.82	4229.32	4237.10	16422	0	2
2025.12.01	20:00:00	4237.03	4241.56	4234.60	4237.54	13031	0	2
2025.12.01	21:00:00	4237.52	4240.52	4230.27	4232.04	5813	0	2
2025.12.01	23:00:00	4232.22	4236.10	4224.64	4227.59	7383	0	2
2025.12.02	00:00:00	4227.64	4229.70	4221.67	4226.87	10990	0	2
2025.12.02	01:00:00	4226.86	4227.32	4199.88	4219.59	20354	0	2
2025.12.02	02:00:00	4219.62	4224.57	4214.50	4221.54	12308	0	2
2025.12.02	03:00:00	4221.68	4226.42	4215.86	4216.89	11774	0	2
2025.12.02	04:00:00	4216.93	4220.73	4213.91	4218.78	9114	0	2
2025.12.02	05:00:00	4218.77	4225.47	4215.22	4225.00	11796	0	2
2025.12.02	06:00:00	4225.02	4226.32	4203.40	4212.89	15594	0	2
2025.12.02	07:00:00	4212.87	4219.39	4209.75	4213.47	9210	0	2
2025.12.02	08:00:00	4213.64	4217.20	4207.19	4210.30	10883	0	2
2025.12.02	09:00:00	4210.15	4213.18	4181.28	4191.99	13490	0	2
2025.12.02	10:00:00	4191.96	4192.45	4182.41	4185.81	10682	0	2
2025.12.02	11:00:00	4185.82	4206.01	4184.99	4205.44	9126	0	2
2025.12.02	12:00:00	4205.53	4209.66	4201.12	4208.69	9022	0	2
2025.12.02	13:00:00	4208.96	4215.30	4202.25	4212.53	16607	0	2
2025.12.02	14:00:00	4212.52	4230.66	4212.37	4219.10	23521	0	2
2025.12.02	15:00:00	4219.09	4219.67	4163.93	4169.46	26348	0	2
2025.12.02	16:00:00	4169.47	4190.34	4167.03	4184.89	22052	0	2
2025.12.02	17:00:00	4184.94	4196.91	4184.73	4193.95	14802	0	2
2025.12.02	18:00:00	4193.88	4197.03	4183.33	4190.89	14959	0	2
2025.12.02	19:00:00	4190.91	4200.54	4190.91	4196.52	11266	0	2
2025.12.02	20:00:00	4196.59	4212.49	4194.99	4210.31	12024	0	2
2025.12.02	21:00:00	4210.32	4211.84	4205.30	4205.71	3996	0	2
2025.12.02	23:00:00	4207.30	4216.20	4202.57	4212.92	8411	0	2
2025.12.03	00:00:00	4213.03	4213.10	4204.62	4211.87	12013	0	2
2025.12.03	01:00:00	4211.90	4221.19	4211.76	4214.50	18452	0	2
2025.12.03	02:00:00	4214.46	4228.97	4214.28	4226.72	14807	0	2
2025.12.03	03:00:00	4226.73	4227.60	4220.24	4221.26	10569	0	2
2025.12.03	04:00:00	4221.27	4225.33	4217.48	4222.44	7942	0	2
2025.12.03	05:00:00	4222.48	4223.98	4203.62	4207.77	16024	0	2
2025.12.03	06:00:00	4207.82	4211.85	4204.99	4208.28	14283	0	2
2025.12.03	07:00:00	4208.26	4210.39	4200.30	4206.39	10722	0	2
2025.12.03	08:00:00	4206.66	4210.21	4203.86	4206.54	12203	0	2
2025.12.03	09:00:00	4206.51	4207.64	4197.16	4202.17	10806	0	2
2025.12.03	10:00:00	4202.13	4204.84	4194.63	4200.67	12218	0	2
2025.12.03	11:00:00	4200.66	4209.26	4197.21	4208.78	10441	0	2
2025.12.03	12:00:00	4208.73	4214.38	4205.26	4213.55	12110	0	2
2025.12.03	13:00:00	4213.61	4238.70	4211.49	4237.32	18878	0	2
2025.12.03	14:00:00	4237.30	4241.60	4205.20	4212.44	25711	0	2
2025.12.03	15:00:00	4212.22	4229.46	4206.15	4216.44	20865	0	2
2025.12.03	16:00:00	4216.37	4225.14	4195.88	4201.04	19749	0	2
2025.12.03	17:00:00	4200.89	4215.46	4200.36	4211.09	16855	0	2
2025.12.03	18:00:00	4211.11	4211.61	4195.21	4197.00	16082	0	2
2025.12.03	19:00:00	4197.13	4210.01	4197.00	4207.85	12203	0	2
2025.12.03	20:00:00	4207.86	4212.74	4203.67	4206.25	12058	0	2
2025.12.03	21:00:00	4206.19	4210.06	4202.77	4202.81	5435	0	2
2025.12.03	23:00:00	4205.96	4209.10	4202.69	4207.30	5531	0	2
2025.12.04	00:00:00	4207.31	4215.87	4204.60	4211.80	9793	0	2
2025.12.04	01:00:00	4211.77	4216.95	4205.97	4209.29	18658	0	2
2025.12.04	02:00:00	4209.27	4209.29	4199.05	4200.64	14728	0	2
2025.12.04	03:00:00	4200.63	4201.61	4187.46	4195.83	13605	0	2
2025.12.04	04:00:00	4195.79	4199.15	4192.89	4197.04	9076	0	2
2025.12.04	05:00:00	4197.05	4199.12	4175.03	4181.16	15653	0	2
2025.12.04	06:00:00	4181.21	4190.37	4178.78	4190.30	18188	0	2
2025.12.04	07:00:00	4190.31	4195.12	4186.70	4193.85	12390	0	2
2025.12.04	08:00:00	4193.87	4196.44	4184.93	4184.93	16361	0	2
2025.12.04	09:00:00	4184.92	4202.30	4183.65	4199.96	13501	0	2
2025.12.04	10:00:00	4199.95	4202.73	4196.72	4197.33	10669	0	2
2025.12.04	11:00:00	4197.32	4206.61	4197.27	4198.64	9656	0	2
2025.12.04	12:00:00	4198.62	4201.85	4188.75	4190.54	13435	0	2
2025.12.04	13:00:00	4190.53	4198.51	4185.65	4198.23	18963	0	2
2025.12.04	14:00:00	4198.27	4213.44	4193.82	4201.46	23200	0	2
2025.12.04	15:00:00	4201.47	4210.24	4191.49	4207.51	22974	0	2
2025.12.04	16:00:00	4207.46	4219.53	4206.68	4215.77	18274	0	2
2025.12.04	17:00:00	4215.78	4217.63	4208.94	4216.62	12454	0	2
2025.12.04	18:00:00	4216.64	4217.52	4207.43	4208.02	12505	0	2
2025.12.04	19:00:00	4208.10	4210.25	4199.68	4209.03	13823	0	2
2025.12.04	20:00:00	4208.87	4210.48	4205.48	4209.98	10345	0	2
2025.12.04	21:00:00	4209.96	4210.29	4208.01	4208.76	3391	0	2
2025.12.04	23:00:00	4208.89	4209.81	4203.96	4206.17	5349	0	2
2025.12.05	00:00:00	4206.24	4210.46	4201.33	4201.82	8216	0	2
2025.12.05	01:00:00	4201.76	4204.49	4194.87	4203.21	16209	0	2
2025.12.05	02:00:00	4203.19	4208.64	4196.79	4207.32	12905	0	2
2025.12.05	03:00:00	4207.35	4210.97	4201.80	4209.65	12074	0	2
2025.12.05	04:00:00	4209.64	4217.48	4208.11	4216.85	9126	0	2
2025.12.05	05:00:00	4216.83	4221.27	4214.46	4220.55	11377	0	2
2025.12.05	06:00:00	4220.56	4229.37	4218.68	4224.51	13968	0	2
2025.12.05	07:00:00	4224.52	4230.87	4222.58	4224.50	9221	0	2
2025.12.05	08:00:00	4224.49	4227.09	4220.62	4220.63	10309	0	2
2025.12.05	09:00:00	4220.62	4225.12	4216.00	4223.42	8537	0	2
2025.12.05	10:00:00	4223.44	4227.57	4222.56	4222.94	6410	0	2
2025.12.05	11:00:00	4222.91	4225.74	4220.13	4223.60	5923	0	2
2025.12.05	12:00:00	4223.61	4229.73	4222.92	4228.80	10094	0	2
2025.12.05	13:00:00	4228.92	4238.84	4221.59	4234.65	17548	0	2
2025.12.05	14:00:00	4234.58	4245.54	4228.42	4242.36	20166	0	2
2025.12.05	15:00:00	4242.61	4259.38	4234.24	4243.79	21874	0	2
2025.12.05	16:00:00	4243.90	4245.81	4198.79	4214.33	25577	0	2
2025.12.05	17:00:00	4214.31	4219.71	4206.62	4217.66	16545	0	2
2025.12.05	18:00:00	4217.64	4219.33	4206.81	4208.94	13769	0	2
2025.12.05	19:00:00	4208.91	4210.92	4202.42	4207.63	11465	0	2
2025.12.05	20:00:00	4207.77	4207.79	4199.42	4202.12	17495	0	2
2025.12.05	21:00:00	4202.11	4202.85	4192.08	4198.70	9071	0	2
2025.12.07	23:00:00	4209.23	4209.64	4195.79	4201.31	5743	0	2
2025.12.08	00:00:00	4201.71	4211.75	4199.60	4210.85	11412	0	2
2025.12.08	01:00:00	4210.84	4211.70	4197.55	4201.25	19992	0	2
2025.12.08	02:00:00	4201.21	4212.53	4198.68	4208.47	15215	0	2
2025.12.08	03:00:00	4208.50	4213.19	4206.82	4210.18	11614	0	2
2025.12.08	04:00:00	4210.21	4213.35	4207.10	4208.73	8242	0	2
2025.12.08	05:00:00	4208.64	4217.22	4204.69	4217.21	11416	0	2
2025.12.08	06:00:00	4217.20	4219.05	4212.26	4217.11	13146	0	2
2025.12.08	07:00:00	4217.12	4217.54	4206.40	4206.90	10442	0	2
2025.12.08	08:00:00	4207.20	4216.64	4203.18	4209.92	10785	0	2
2025.12.08	09:00:00	4209.91	4212.89	4204.37	4208.00	10715	0	2
2025.12.08	10:00:00	4207.95	4210.37	4201.16	4203.55	8696	0	2
2025.12.08	11:00:00	4203.57	4214.31	4199.73	4208.53	8899	0	2
2025.12.08	12:00:00	4208.51	4215.52	4208.42	4213.74	8994	0	2
2025.12.08	13:00:00	4213.89	4214.81	4197.94	4201.81	18179	0	2
2025.12.08	14:00:00	4201.80	4211.69	4195.66	4196.62	20363	0	2
2025.12.08	15:00:00	4196.63	4196.87	4176.22	4182.92	22514	0	2
2025.12.08	16:00:00	4182.93	4197.88	4177.11	4191.67	17790	0	2
2025.12.08	17:00:00	4191.62	4195.75	4185.66	4194.91	13461	0	2
2025.12.08	18:00:00	4194.98	4195.73	4184.50	4187.32	11867	0	2
2025.12.08	19:00:00	4187.33	4188.86	4184.31	4187.05	10079	0	2
2025.12.08	20:00:00	4187.08	4195.60	4184.95	4191.62	10335	0	2
2025.12.08	21:00:00	4191.73	4193.29	4188.42	4190.69	2402	0	2
2025.12.08	23:00:00	4191.35	4195.54	4190.17	4194.95	4634	0	2
2025.12.09	00:00:00	4194.87	4195.77	4190.00	4190.53	7706	0	2
2025.12.09	01:00:00	4190.54	4197.30	4188.87	4196.21	15367	0	2
2025.12.09	02:00:00	4196.22	4197.24	4186.21	4190.04	12602	0	2
2025.12.09	03:00:00	4190.03	4198.80	4189.97	4194.58	10039	0	2
2025.12.09	04:00:00	4194.59	4195.73	4184.70	4187.02	10462	0	2
2025.12.09	05:00:00	4187.01	4187.36	4178.15	4179.82	14640	0	2
2025.12.09	06:00:00	4179.83	4184.13	4170.15	4182.20	15674	0	2
2025.12.09	07:00:00	4182.10	4185.92	4175.95	4182.48	13066	0	2
2025.12.09	08:00:00	4182.47	4191.93	4182.43	4191.72	11470	0	2
2025.12.09	09:00:00	4191.89	4212.99	4190.92	4203.03	18000	0	2
2025.12.09	10:00:00	4202.82	4208.48	4201.25	4204.01	14090	0	2
2025.12.09	11:00:00	4203.99	4206.50	4201.32	4203.16	10229	0	2
2025.12.09	12:00:00	4203.13	4207.64	4198.57	4204.27	10646	0	2
2025.12.09	13:00:00	4204.33	4208.19	4195.78	4201.33	19989	0	2
2025.12.09	14:00:00	4201.42	4210.44	4189.54	4204.87	20958	0	2
2025.12.09	15:00:00	4204.86	4216.40	4190.11	4212.62	23623	0	2
2025.12.09	16:00:00	4212.60	4221.46	4210.19	4212.49	21083	0	2
2025.12.09	17:00:00	4212.51	4216.29	4201.67	4203.21	17338	0	2
2025.12.09	18:00:00	4203.14	4209.80	4201.36	4209.09	14492	0	2
2025.12.09	19:00:00	4209.08	4214.50	4207.23	4212.65	11819	0	2
2025.12.09	20:00:00	4212.32	4216.07	4209.01	4212.04	14806	0	2
2025.12.09	21:00:00	4211.99	4213.06	4207.37	4208.59	11628	0	2
2025.12.09	23:00:00	4210.22	4213.00	4207.67	4210.89	4911	0	2
2025.12.10	00:00:00	4210.86	4212.72	4207.08	4208.42	7526	0	2
2025.12.10	01:00:00	4208.37	4218.15	4206.97	4213.84	17605	0	2
2025.12.10	02:00:00	4213.78	4218.88	4211.68	4217.20	13020	0	2
2025.12.10	03:00:00	4217.16	4217.19	4203.78	4206.45	12389	0	2
2025.12.10	04:00:00	4206.44	4209.76	4205.58	4207.11	5992	0	2
2025.12.10	05:00:00	4207.04	4214.54	4201.87	4211.55	12002	0	2
2025.12.10	06:00:00	4211.50	4211.79	4203.14	4207.43	13601	0	2
2025.12.10	07:00:00	4207.42	4209.45	4203.29	4203.41	9768	0	2
2025.12.10	08:00:00	4203.39	4206.66	4197.17	4198.10	12311	0	2
2025.12.10	09:00:00	4197.93	4200.57	4192.73	4194.31	12965	0	2
2025.12.10	10:00:00	4194.32	4196.49	4187.85	4193.25	12457	0	2
2025.12.10	11:00:00	4193.29	4197.82	4192.63	4197.36	8633	0	2
2025.12.10	12:00:00	4197.38	4202.31	4195.31	4196.43	10706	0	2
2025.12.10	13:00:00	4196.40	4205.17	4193.14	4200.75	17977	0	2
2025.12.10	14:00:00	4200.76	4207.05	4191.45	4192.55	20607	0	2
2025.12.10	15:00:00	4192.54	4201.30	4189.05	4193.86	19877	0	2
2025.12.10	16:00:00	4193.85	4205.12	4192.98	4204.88	15350	0	2
2025.12.10	17:00:00	4204.89	4204.89	4197.00	4199.82	11665	0	2
2025.12.10	18:00:00	4199.85	4200.82	4191.99	4194.41	11195	0	2
2025.12.10	19:00:00	4194.18	4219.88	4181.85	4216.68	28292	0	2
2025.12.10	20:00:00	4216.69	4238.71	4211.24	4230.05	21426	0	2
2025.12.10	21:00:00	4229.94	4232.48	4221.27	4228.72	6477	0	2
2025.12.10	23:00:00	4230.07	4234.23	4223.91	4232.54	5468	0	2
2025.12.11	00:00:00	4232.36	4245.30	4231.46	4237.28	11261	0	2
2025.12.11	01:00:00	4237.27	4247.67	4233.08	4238.43	18588	0	2
2025.12.11	02:00:00	4238.42	4240.92	4220.75	4222.35	15973	0	2
2025.12.11	03:00:00	4222.41	4225.07	4209.43	4216.86	15339	0	2
2025.12.11	04:00:00	4216.69	4218.37	4208.60	4213.70	10575	0	2
2025.12.11	05:00:00	4213.59	4216.37	4206.15	4207.52	12036	0	2
2025.12.11	06:00:00	4207.56	4215.46	4204.39	4214.54	13306	0	2
2025.12.11	07:00:00	4214.55	4218.55	4210.65	4216.09	9172	0	2
2025.12.11	08:00:00	4216.10	4219.69	4212.88	4216.65	10427	0	2
2025.12.11	09:00:00	4216.67	4221.65	4210.48	4218.55	10752	0	2
2025.12.11	10:00:00	4218.56	4225.99	4211.84	4216.91	11246	0	2
2025.12.11	11:00:00	4216.93	4219.11	4209.87	4211.39	7874	0	2
2025.12.11	12:00:00	4211.27	4220.52	4208.80	4220.46	9688	0	2
2025.12.11	13:00:00	4220.71	4223.46	4205.32	4221.06	16881	0	2
2025.12.11	14:00:00	4221.09	4244.58	4218.04	4230.28	21590	0	2
2025.12.11	15:00:00	4230.24	4261.54	4226.33	4255.99	23166	0	2
2025.12.11	16:00:00	4256.11	4279.07	4250.22	4273.60	21267	0	2
2025.12.11	17:00:00	4273.59	4281.85	4272.28	4278.77	16996	0	2
2025.12.11	18:00:00	4278.75	4285.93	4266.78	4268.26	14760	0	2
2025.12.11	19:00:00	4268.23	4280.96	4263.20	4273.53	13593	0	2
2025.12.11	20:00:00	4273.61	4276.46	4264.39	4276.23	15234	0	2
2025.12.11	21:00:00	4276.24	4283.70	4272.44	4280.14	14605	0	2
2025.12.11	23:00:00	4282.56	4283.45	4272.54	4276.49	7050	0	2
2025.12.12	00:00:00	4276.45	4280.21	4269.00	4269.35	9830	0	2
2025.12.12	01:00:00	4269.40	4276.23	4264.71	4271.16	18677	0	2
2025.12.12	02:00:00	4271.12	4276.94	4269.50	4270.44	14225	0	2
2025.12.12	03:00:00	4270.52	4274.69	4268.85	4270.73	10918	0	2
2025.12.12	04:00:00	4270.71	4271.12	4266.41	4266.44	7980	0	2
2025.12.12	05:00:00	4266.48	4280.67	4266.14	4279.00	11741	0	2
2025.12.12	06:00:00	4279.01	4283.16	4276.71	4282.90	12858	0	2
2025.12.12	07:00:00	4282.92	4290.57	4281.52	4287.19	10378	0	2
2025.12.12	08:00:00	4287.17	4309.54	4287.11	4308.23	13592	0	2
2025.12.12	09:00:00	4308.24	4320.35	4306.95	4318.38	15103	0	2
2025.12.12	10:00:00	4318.46	4330.97	4314.77	4329.94	15117	0	2
2025.12.12	11:00:00	4329.98	4339.30	4327.10	4336.53	14262	0	2
2025.12.12	12:00:00	4336.48	4339.28	4324.84	4325.99	15640	0	2
2025.12.12	13:00:00	4325.93	4346.20	4321.60	4341.08	20584	0	2
2025.12.12	14:00:00	4341.07	4353.59	4331.00	4347.08	23170	0	2
2025.12.12	15:00:00	4347.11	4351.40	4283.23	4290.52	29547	0	2
2025.12.12	16:00:00	4290.50	4296.66	4257.64	4282.03	30270	0	2
2025.12.12	17:00:00	4282.07	4298.43	4271.21	4294.32	23220	0	2
2025.12.12	18:00:00	4294.95	4303.72	4290.65	4295.01	18315	0	2
2025.12.12	19:00:00	4295.02	4299.90	4289.92	4296.65	13932	0	2
2025.12.12	20:00:00	4296.67	4303.01	4288.72	4299.50	14995	0	2
2025.12.12	21:00:00	4299.42	4304.35	4298.37	4301.01	6175	0	2
2025.12.14	23:00:00	4298.86	4308.44	4297.16	4302.43	7006	0	2
2025.12.15	00:00:00	4302.44	4308.07	4300.26	4307.59	8265	0	2
2025.12.15	01:00:00	4307.70	4325.74	4305.78	4322.65	16755	0	2
2025.12.15	02:00:00	4322.60	4329.27	4320.92	4326.42	13150	0	2
2025.12.15	03:00:00	4326.37	4329.72	4319.41	4327.28	13491	0	2
2025.12.15	04:00:00	4327.19	4330.06	4323.24	4326.17	9364	0	2
2025.12.15	05:00:00	4326.14	4344.44	4324.91	4343.60	12652	0	2
2025.12.15	06:00:00	4343.58	4347.44	4339.70	4343.74	13007	0	2
2025.12.15	07:00:00	4343.73	4344.78	4333.64	4339.30	10929	0	2
2025.12.15	08:00:00	4339.34	4349.06	4338.90	4347.21	10502	0	2
2025.12.15	09:00:00	4347.01	4350.28	4342.44	4342.63	10728	0	2
2025.12.15	10:00:00	4342.66	4348.23	4337.79	4339.71	9332	0	2
2025.12.15	11:00:00	4339.73	4343.73	4335.41	4342.86	8593	0	2
2025.12.15	12:00:00	4342.85	4348.46	4342.83	4345.83	12000	0	2
2025.12.15	13:00:00	4345.81	4346.37	4330.89	4332.27	18456	0	2
2025.12.15	14:00:00	4332.22	4336.80	4317.68	4323.85	23462	0	2
2025.12.15	15:00:00	4323.84	4327.84	4311.70	4318.35	25660	0	2
2025.12.15	16:00:00	4318.30	4318.86	4285.35	4297.69	24562	0	2
2025.12.15	17:00:00	4297.67	4306.66	4290.89	4304.49	18567	0	2
2025.12.15	18:00:00	4304.47	4313.65	4299.98	4313.15	14769	0	2
2025.12.15	19:00:00	4313.17	4317.79	4307.93	4314.24	12378	0	2
2025.12.15	20:00:00	4314.29	4314.51	4299.67	4304.53	13660	0	2
2025.12.15	21:00:00	4304.47	4305.86	4300.74	4305.46	4600	0	2
2025.12.15	23:00:00	4307.79	4309.80	4303.50	4304.27	5294	0	2
2025.12.16	00:00:00	4304.41	4313.31	4302.93	4307.85	8999	0	2
2025.12.16	01:00:00	4307.86	4317.95	4299.22	4308.89	18135	0	2
2025.12.16	02:00:00	4308.81	4312.33	4286.65	4289.77	16588	0	2
2025.12.16	03:00:00	4289.79	4294.53	4280.78	4290.98	16321	0	2
2025.12.16	04:00:00	4290.96	4292.38	4286.76	4289.15	9562	0	2
2025.12.16	05:00:00	4289.16	4292.33	4271.75	4284.09	14703	0	2
2025.12.16	06:00:00	4284.16	4292.23	4282.66	4289.32	12872	0	2
2025.12.16	07:00:00	4289.31	4290.02	4279.85	4287.70	10685	0	2
2025.12.16	08:00:00	4287.74	4289.38	4275.41	4284.76	12307	0	2
2025.12.16	09:00:00	4284.73	4285.94	4276.52	4280.37	9794	0	2
2025.12.16	10:00:00	4280.44	4284.42	4274.89	4277.44	9522	0	2
2025.12.16	11:00:00	4277.43	4279.71	4273.89	4278.60	7865	0	2
2025.12.16	12:00:00	4278.62	4294.94	4276.89	4294.57	11352	0	2
2025.12.16	13:00:00	4294.73	4313.35	4290.96	4313.10	19360	0	2
2025.12.16	14:00:00	4313.07	4332.24	4311.44	4324.61	22519	0	2
2025.12.16	15:00:00	4324.64	4335.08	4312.50	4319.60	24276	0	2
2025.12.16	16:00:00	4319.85	4323.29	4291.38	4300.68	21756	0	2
2025.12.16	17:00:00	4300.64	4311.02	4300.32	4303.66	16596	0	2
2025.12.16	18:00:00	4303.69	4313.60	4298.13	4311.42	15533	0	2
2025.12.16	19:00:00	4311.40	4315.93	4297.12	4310.78	14276	0	2
2025.12.16	20:00:00	4310.76	4314.53	4302.91	4304.79	10217	0	2
2025.12.16	21:00:00	4304.71	4305.54	4300.76	4302.26	4215	0	2
2025.12.16	23:00:00	4303.04	4309.15	4302.40	4307.94	5033	0	2
2025.12.17	00:00:00	4307.85	4315.18	4307.55	4313.24	5607	0	2
2025.12.17	01:00:00	4313.27	4326.80	4311.50	4326.73	19025	0	2
2025.12.17	02:00:00	4326.74	4327.89	4311.27	4314.34	15304	0	2
2025.12.17	03:00:00	4314.39	4325.23	4312.71	4323.78	13808	0	2
2025.12.17	04:00:00	4323.89	4331.58	4320.65	4329.78	8976	0	2
2025.12.17	05:00:00	4329.75	4342.54	4328.15	4333.93	14458	0	2
2025.12.17	06:00:00	4334.03	4337.75	4324.86	4328.85	13750	0	2
2025.12.17	07:00:00	4328.81	4328.84	4315.62	4317.99	11309	0	2
2025.12.17	08:00:00	4317.92	4320.93	4308.56	4319.27	11028	0	2
2025.12.17	09:00:00	4319.07	4323.36	4315.99	4316.98	8416	0	2
2025.12.17	10:00:00	4316.88	4322.34	4306.70	4317.76	8329	0	2
2025.12.17	11:00:00	4317.82	4320.53	4315.19	4316.43	6883	0	2
2025.12.17	12:00:00	4316.41	4323.23	4315.03	4317.56	8019	0	2
2025.12.17	13:00:00	4317.59	4344.19	4315.12	4342.17	17924	0	2
2025.12.17	14:00:00	4342.27	4346.01	4323.01	4338.28	25336	0	2
2025.12.17	15:00:00	4338.29	4349.15	4324.32	4330.32	25916	0	2
2025.12.17	16:00:00	4330.59	4337.67	4320.26	4333.61	24332	0	2
2025.12.17	17:00:00	4333.65	4342.44	4328.61	4342.44	20590	0	2
2025.12.17	18:00:00	4342.47	4346.54	4328.95	4335.99	20556	0	2
2025.12.17	19:00:00	4336.03	4341.16	4330.42	4337.16	13907	0	2
2025.12.17	20:00:00	4337.12	4346.16	4335.33	4341.34	13596	0	2
2025.12.17	21:00:00	4341.31	4346.30	4338.37	4338.44	5447	0	2
2025.12.17	23:00:00	4340.25	4343.17	4335.48	4339.28	5346	0	2
2025.12.18	00:00:00	4339.23	4342.99	4333.19	4334.83	9709	0	2
2025.12.18	01:00:00	4334.82	4337.07	4324.52	4331.61	17216	0	2
2025.12.18	02:00:00	4331.63	4337.78	4329.98	4333.27	13097	0	2
2025.12.18	03:00:00	4333.25	4336.73	4330.97	4333.17	12669	0	2
2025.12.18	04:00:00	4333.25	4333.57	4328.70	4331.92	8973	0	2
2025.12.18	05:00:00	4331.91	4337.49	4331.11	4333.30	12289	0	2
2025.12.18	06:00:00	4333.32	4336.21	4330.76	4334.06	12297	0	2
2025.12.18	07:00:00	4334.08	4337.84	4330.16	4331.62	8559	0	2
2025.12.18	08:00:00	4331.59	4332.65	4322.08	4326.63	10510	0	2
2025.12.18	09:00:00	4326.12	4328.74	4320.87	4323.58	10028	0	2
2025.12.18	10:00:00	4323.57	4327.71	4322.13	4325.46	8211	0	2
2025.12.18	11:00:00	4325.45	4328.70	4324.56	4325.58	6539	0	2
2025.12.18	12:00:00	4325.60	4326.60	4317.39	4320.91	8913	0	2
2025.12.18	13:00:00	4320.10	4343.10	4314.71	4336.63	21057	0	2
2025.12.18	14:00:00	4336.59	4341.50	4308.72	4328.58	25910	0	2
2025.12.18	15:00:00	4328.57	4341.61	4325.00	4338.27	25019	0	2
2025.12.18	16:00:00	4338.17	4374.62	4337.88	4360.39	24024	0	2
2025.12.18	17:00:00	4360.43	4363.61	4321.99	4333.35	25497	0	2
2025.12.18	18:00:00	4333.38	4341.34	4325.73	4331.85	19689	0	2
2025.12.18	19:00:00	4331.80	4334.82	4322.94	4325.07	17067	0	2
2025.12.18	20:00:00	4325.06	4338.23	4324.69	4334.93	17300	0	2
2025.12.18	21:00:00	4334.91	4334.93	4328.57	4332.40	4584	0	2
2025.12.18	23:00:00	4334.56	4336.92	4333.65	4335.19	3203	0	2
2025.12.19	00:00:00	4335.18	4335.74	4325.87	4326.16	5253	0	2
2025.12.19	01:00:00	4326.17	4328.54	4309.37	4323.34	16169	0	2
2025.12.19	02:00:00	4323.35	4328.05	4314.28	4316.79	10035	0	2
2025.12.19	03:00:00	4316.77	4322.55	4312.82	4318.08	10023	0	2
2025.12.19	04:00:00	4318.10	4323.05	4317.07	4322.85	7857	0	2
2025.12.19	05:00:00	4322.97	4329.08	4317.64	4326.03	11004	0	2
2025.12.19	06:00:00	4326.05	4329.60	4321.76	4326.47	12439	0	2
2025.12.19	07:00:00	4326.45	4329.69	4321.79	4322.71	9349	0	2
2025.12.19	08:00:00	4322.68	4331.03	4321.11	4326.08	8310	0	2
2025.12.19	09:00:00	4326.02	4333.72	4324.45	4329.55	8273	0	2
2025.12.19	10:00:00	4329.50	4331.74	4322.55	4327.91	8102	0	2
2025.12.19	11:00:00	4327.88	4329.57	4325.23	4327.33	8515	0	2
2025.12.19	12:00:00	4327.47	4328.91	4320.76	4326.82	10108	0	2
2025.12.19	13:00:00	4326.93	4335.50	4326.13	4328.45	16327	0	2
2025.12.19	14:00:00	4328.44	4338.00	4319.88	4332.60	21952	0	2
2025.12.19	15:00:00	4332.63	4349.28	4332.19	4347.95	22260	0	2
2025.12.19	16:00:00	4347.93	4354.83	4342.11	4349.97	18888	0	2
2025.12.19	17:00:00	4349.95	4356.06	4347.09	4353.62	14017	0	2
2025.12.19	18:00:00	4353.54	4356.63	4343.29	4348.68	13224	0	2
2025.12.19	19:00:00	4348.66	4350.68	4345.24	4345.32	9235	0	2
2025.12.19	20:00:00	4345.30	4346.49	4337.01	4339.81	13926	0	2
2025.12.19	21:00:00	4339.80	4340.43	4336.71	4339.36	3566	0	2
2025.12.21	23:00:00	4338.46	4356.31	4337.60	4355.28	6580	0	2
2025.12.22	00:00:00	4355.30	4366.42	4355.20	4365.06	8111	0	2
2025.12.22	01:00:00	4365.07	4384.96	4361.42	4382.99	16417	0	2
2025.12.22	02:00:00	4382.67	4388.79	4378.66	4385.99	11541	0	2
2025.12.22	03:00:00	4386.05	4394.98	4384.34	4392.65	8325	0	2
2025.12.22	04:00:00	4392.72	4400.91	4391.42	4398.51	6506	0	2
2025.12.22	05:00:00	4398.49	4409.59	4396.83	4400.08	12227	0	2
2025.12.22	06:00:00	4400.22	4419.99	4398.85	4419.36	12140	0	2
2025.12.22	07:00:00	4419.38	4420.43	4410.60	4414.49	8896	0	2
2025.12.22	08:00:00	4414.50	4415.14	4406.28	4408.24	9443	0	2
2025.12.22	09:00:00	4408.26	4414.92	4408.00	4411.12	6619	0	2
2025.12.22	10:00:00	4411.15	4415.92	4406.22	4408.72	7949	0	2
2025.12.22	11:00:00	4408.73	4411.74	4406.19	4410.47	8947	0	2
2025.12.22	12:00:00	4410.31	4416.01	4406.36	4415.76	11271	0	2
2025.12.22	13:00:00	4415.81	4427.44	4413.32	4423.82	18716	0	2
2025.12.22	14:00:00	4423.76	4429.23	4414.83	4419.28	20521	0	2
2025.12.22	15:00:00	4419.30	4435.58	4412.10	4431.88	20451	0	2
2025.12.22	16:00:00	4431.86	4442.19	4428.22	4438.77	15959	0	2
2025.12.22	17:00:00	4438.73	4442.06	4432.16	4438.57	11269	0	2
2025.12.22	18:00:00	4438.58	4439.06	4429.55	4435.28	8629	0	2
2025.12.22	19:00:00	4435.31	4435.97	4428.99	4433.73	8043	0	2
2025.12.22	20:00:00	4433.69	4439.39	4431.88	4438.70	10234	0	2
2025.12.22	21:00:00	4438.68	4449.23	4438.57	4443.47	6600	0	2
2025.12.22	23:00:00	4449.13	4461.70	4448.73	4460.20	7543	0	2
2025.12.23	00:00:00	4460.14	4470.63	4458.16	4470.62	6741	0	2
2025.12.23	01:00:00	4470.55	4490.79	4469.67	4486.77	18141	0	2
2025.12.23	02:00:00	4486.76	4497.81	4481.29	4493.51	12106	0	2
2025.12.23	03:00:00	4493.46	4496.70	4483.06	4486.91	14378	0	2
2025.12.23	04:00:00	4486.94	4488.45	4478.85	4482.54	9586	0	2
2025.12.23	05:00:00	4482.55	4485.66	4474.96	4475.38	14328	0	2
2025.12.23	06:00:00	4475.31	4481.57	4469.57	4481.54	13123	0	2
2025.12.23	07:00:00	4481.52	4489.73	4478.60	4486.83	11343	0	2
2025.12.23	08:00:00	4486.79	4493.33	4484.81	4489.90	12160	0	2
2025.12.23	09:00:00	4489.94	4491.23	4478.27	4480.52	12187	0	2
2025.12.23	10:00:00	4480.57	4487.64	4479.64	4484.31	10233	0	2
2025.12.23	11:00:00	4484.37	4494.31	4483.15	4493.61	9192	0	2
2025.12.23	12:00:00	4493.56	4493.75	4483.43	4486.52	10574	0	2
2025.12.23	13:00:00	4486.62	4497.32	4473.39	4479.24	21057	0	2
2025.12.23	14:00:00	4479.09	4479.95	4441.47	4446.53	26168	0	2
2025.12.23	15:00:00	4446.50	4459.26	4430.62	4458.45	25850	0	2
2025.12.23	16:00:00	4458.43	4476.59	4456.01	4474.28	18699	0	2
2025.12.23	17:00:00	4474.32	4479.89	4469.90	4472.86	17475	0	2
2025.12.23	18:00:00	4472.96	4485.08	4472.82	4484.43	13754	0	2
2025.12.23	19:00:00	4484.54	4496.43	4484.25	4490.91	12513	0	2
2025.12.23	20:00:00	4490.75	4499.94	4489.46	4497.65	12274	0	2
2025.12.23	21:00:00	4497.58	4498.93	4483.53	4484.77	6558	0	2
2025.12.23	23:00:00	4488.34	4510.37	4486.92	4503.44	9063	0	2
2025.12.24	00:00:00	4503.35	4518.24	4500.82	4512.24	11543	0	2
2025.12.24	01:00:00	4511.95	4525.99	4507.26	4518.91	20243	0	2
2025.12.24	02:00:00	4518.87	4519.35	4475.32	4477.34	17411	0	2
2025.12.24	03:00:00	4477.58	4498.32	4471.14	4493.28	16085	0	2
2025.12.24	04:00:00	4493.42	4501.58	4491.37	4499.31	8891	0	2
2025.12.24	05:00:00	4499.29	4500.69	4485.32	4488.56	15610	0	2
2025.12.24	06:00:00	4488.55	4498.11	4485.51	4493.56	13723	0	2
2025.12.24	07:00:00	4493.70	4495.18	4483.58	4483.79	11801	0	2
2025.12.24	08:00:00	4483.88	4492.87	4478.29	4482.43	14624	0	2
2025.12.24	09:00:00	4482.46	4496.09	4482.23	4494.77	12578	0	2
2025.12.24	10:00:00	4494.75	4500.04	4482.58	4489.45	10108	0	2
2025.12.24	11:00:00	4489.42	4492.01	4483.26	4491.61	11023	0	2
2025.12.24	12:00:00	4491.60	4496.09	4489.91	4490.84	12339	0	2
2025.12.24	13:00:00	4490.59	4493.48	4474.74	4487.91	19862	0	2
2025.12.24	14:00:00	4488.02	4489.43	4460.69	4464.92	24752	0	2
2025.12.24	15:00:00	4464.88	4476.62	4448.53	4458.53	25512	0	2
2025.12.24	16:00:00	4458.55	4478.17	4456.04	4476.87	20245	0	2
2025.12.24	17:00:00	4476.88	4487.80	4475.62	4480.70	18315	0	2
2025.12.24	18:00:00	4480.71	4482.50	4477.37	4480.53	3781	0	2
2025.12.25	23:00:00	4469.73	4499.95	4458.88	4495.21	11092	0	2
2025.12.26	00:00:00	4495.25	4517.96	4492.36	4517.85	11489	0	2
2025.12.26	01:00:00	4517.90	4531.41	4497.80	4504.07	21738	0	2
2025.12.26	02:00:00	4504.06	4509.92	4492.61	4508.88	18190	0	2
2025.12.26	03:00:00	4508.73	4513.55	4497.67	4501.87	15575	0	2
2025.12.26	04:00:00	4501.96	4511.87	4500.67	4509.13	11611	0	2
2025.12.26	05:00:00	4509.15	4514.96	4506.12	4510.04	14272	0	2
2025.12.26	06:00:00	4510.01	4519.51	4508.14	4511.83	16313	0	2
2025.12.26	07:00:00	4511.74	4515.69	4507.50	4511.10	11252	0	2
2025.12.26	08:00:00	4511.12	4519.55	4509.81	4518.90	10301	0	2
2025.12.26	09:00:00	4518.91	4520.62	4512.07	4512.81	9180	0	2
2025.12.26	10:00:00	4512.73	4523.75	4511.36	4514.51	10901	0	2
2025.12.26	11:00:00	4514.50	4515.14	4503.11	4509.87	14752	0	2
2025.12.26	12:00:00	4509.86	4514.95	4506.77	4508.90	11193	0	2
2025.12.26	13:00:00	4508.88	4528.83	4503.79	4525.33	19679	0	2
2025.12.26	14:00:00	4525.34	4533.50	4512.93	4521.18	22241	0	2
2025.12.26	15:00:00	4521.16	4547.44	4519.68	4546.43	22217	0	2
2025.12.26	16:00:00	4546.65	4550.01	4531.45	4536.34	20148	0	2
2025.12.26	17:00:00	4536.40	4537.63	4510.18	4519.26	20983	0	2
2025.12.26	18:00:00	4519.27	4532.90	4515.00	4531.08	18048	0	2
2025.12.26	19:00:00	4531.15	4535.87	4520.24	4523.80	14325	0	2
2025.12.26	20:00:00	4523.85	4535.59	4521.74	4531.26	13339	0	2
2025.12.26	21:00:00	4531.29	4534.81	4527.30	4531.70	9684	0	2
2025.12.28	23:00:00	4543.18	4549.21	4521.93	4527.27	16074	0	2
2025.12.29	00:00:00	4527.30	4528.12	4472.51	4497.38	21006	0	2
2025.12.29	01:00:00	4497.39	4517.49	4492.41	4497.27	21457	0	2
2025.12.29	02:00:00	4497.31	4515.98	4496.37	4512.51	15786	0	2
2025.12.29	03:00:00	4512.59	4520.51	4509.56	4516.58	15546	0	2
2025.12.29	04:00:00	4516.52	4519.65	4508.12	4515.73	11128	0	2
2025.12.29	05:00:00	4515.59	4519.46	4505.14	4506.46	13985	0	2
2025.12.29	06:00:00	4506.57	4510.72	4471.27	4475.24	20710	0	2
2025.12.29	07:00:00	4475.20	4481.79	4445.15	4474.65	17792	0	2
2025.12.29	08:00:00	4474.62	4488.55	4452.68	4461.10	18275	0	2
2025.12.29	09:00:00	4461.23	4476.30	4459.21	4472.30	15571	0	2
2025.12.29	10:00:00	4472.17	4474.67	4457.18	4461.01	12801	0	2
2025.12.29	11:00:00	4461.02	4467.82	4434.45	4446.82	15227	0	2
2025.12.29	12:00:00	4446.84	4464.82	4445.78	4464.43	14556	0	2
2025.12.29	13:00:00	4464.42	4467.60	4407.11	4421.68	24271	0	2
2025.12.29	14:00:00	4421.77	4421.77	4356.77	4360.52	27000	0	2
2025.12.29	15:00:00	4360.51	4360.68	4303.23	4325.37	26518	0	2
2025.12.29	16:00:00	4325.31	4347.53	4323.55	4341.68	22365	0	2
2025.12.29	17:00:00	4341.83	4343.11	4315.19	4328.29	19282	0	2
2025.12.29	18:00:00	4328.28	4334.76	4323.03	4331.34	17135	0	2
2025.12.29	19:00:00	4331.40	4337.97	4327.70	4336.86	12397	0	2
2025.12.29	20:00:00	4336.77	4344.60	4325.99	4334.73	14454	0	2
2025.12.29	21:00:00	4334.70	4339.54	4327.69	4331.16	8148	0	2
2025.12.29	23:00:00	4335.48	4347.09	4323.47	4345.82	9431	0	2
2025.12.30	00:00:00	4345.81	4350.88	4334.68	4339.84	12120	0	2
2025.12.30	01:00:00	4339.83	4360.28	4324.66	4360.28	19999	0	2
2025.12.30	02:00:00	4360.44	4364.92	4348.95	4362.70	18403	0	2
2025.12.30	03:00:00	4362.68	4369.34	4356.35	4359.37	14212	0	2
2025.12.30	04:00:00	4359.38	4369.86	4357.69	4363.58	7061	0	2
2025.12.30	05:00:00	4363.87	4380.20	4358.89	4377.78	16723	0	2
2025.12.30	06:00:00	4377.70	4378.58	4359.95	4364.82	19662	0	2
2025.12.30	07:00:00	4364.78	4383.48	4359.34	4372.51	15982	0	2
2025.12.30	08:00:00	4372.57	4373.81	4350.29	4365.10	15134	0	2
2025.12.30	09:00:00	4365.07	4376.56	4364.22	4372.25	14277	0	2
2025.12.30	10:00:00	4372.34	4391.68	4367.84	4384.95	14059	0	2
2025.12.30	11:00:00	4385.14	4390.34	4381.29	4384.41	13097	0	2
2025.12.30	12:00:00	4384.37	4402.85	4383.58	4401.20	17180	0	2
2025.12.30	13:00:00	4401.18	4404.35	4376.49	4388.47	24653	0	2
2025.12.30	14:00:00	4388.48	4392.26	4355.92	4366.43	25052	0	2
2025.12.30	15:00:00	4366.41	4377.65	4359.56	4365.14	24642	0	2
2025.12.30	16:00:00	4365.15	4379.95	4354.97	4377.87	22408	0	2
2025.12.30	17:00:00	4377.86	4381.84	4364.40	4370.24	18180	0	2
2025.12.30	18:00:00	4370.28	4378.79	4362.74	4364.63	17125	0	2
2025.12.30	19:00:00	4364.79	4368.11	4337.67	4348.68	15734	0	2
2025.12.30	20:00:00	4348.69	4355.57	4338.07	4341.44	17870	0	2
2025.12.30	21:00:00	4341.50	4350.46	4334.41	4338.30	7462	0	2
2025.12.30	23:00:00	4343.44	4346.36	4328.90	4339.08	10726	0	2
2025.12.31	00:00:00	4339.07	4346.71	4332.86	4342.61	11044	0	2
2025.12.31	01:00:00	4342.59	4373.31	4336.90	4365.99	20345	0	2
2025.12.31	02:00:00	4366.03	4371.27	4346.92	4348.88	18910	0	2
2025.12.31	03:00:00	4348.91	4359.94	4340.98	4348.66	19708	0	2
2025.12.31	04:00:00	4348.46	4351.39	4330.86	4332.98	14035	0	2
2025.12.31	05:00:00	4333.07	4343.07	4276.15	4285.87	19166	0	2
2025.12.31	06:00:00	4285.99	4329.02	4274.62	4328.18	17928	0	2
2025.12.31	07:00:00	4328.20	4335.07	4323.85	4331.28	12855	0	2
2025.12.31	08:00:00	4331.16	4332.95	4303.46	4307.46	13030	0	2
2025.12.31	09:00:00	4307.53	4337.38	4307.26	4325.80	14489	0	2
2025.12.31	10:00:00	4325.81	4331.44	4303.65	4306.46	13191	0	2
2025.12.31	11:00:00	4306.59	4316.49	4304.17	4311.18	12040	0	2
2025.12.31	12:00:00	4311.16	4318.18	4303.23	4313.86	13625	0	2
2025.12.31	13:00:00	4313.87	4348.51	4308.18	4346.18	18406	0	2
2025.12.31	14:00:00	4346.19	4353.41	4332.98	4345.83	13552	0	2
2025.12.31	15:00:00	4345.66	4345.96	4327.34	4337.43	23169	0	2
2025.12.31	16:00:00	4337.42	4339.86	4317.31	4323.11	17732	0	2
2025.12.31	17:00:00	4323.17	4329.69	4318.31	4321.97	16089	0	2
2025.12.31	18:00:00	4322.00	4331.58	4315.91	4319.76	16865	0	2
2025.12.31	19:00:00	4320.12	4323.08	4307.97	4311.58	15513	0	2
2025.12.31	20:00:00	4311.62	4324.79	4304.70	4313.29	15654	0	2
2025.12.31	21:00:00	4313.32	4318.87	4307.20	4318.27	6134	0	2
2026.01.01	23:00:00	4332.84	4351.42	4328.38	4348.43	5790	0	2
2026.01.02	00:00:00	4348.62	4355.99	4341.54	4354.11	8412	0	2
2026.01.02	01:00:00	4354.01	4355.99	4344.75	4348.09	12760	0	2
2026.01.02	02:00:00	4348.11	4363.33	4345.19	4363.07	10771	0	2
2026.01.02	03:00:00	4363.04	4375.66	4362.24	4375.22	11562	0	2
2026.01.02	04:00:00	4375.23	4378.52	4371.40	4373.27	9641	0	2
2026.01.02	05:00:00	4373.55	4381.83	4371.25	4380.75	8868	0	2
2026.01.02	06:00:00	4380.76	4380.94	4373.39	4374.73	10559	0	2
2026.01.02	07:00:00	4374.75	4383.54	4372.09	4383.09	12337	0	2
2026.01.02	08:00:00	4382.92	4397.72	4380.94	4387.04	12165	0	2
2026.01.02	09:00:00	4387.06	4391.74	4383.42	4385.52	12886	0	2
2026.01.02	10:00:00	4385.54	4398.66	4384.68	4396.17	11381	0	2
2026.01.02	11:00:00	4396.28	4399.36	4390.94	4393.09	11978	0	2
2026.01.02	12:00:00	4393.04	4398.35	4385.32	4394.53	13653	0	2
2026.01.02	13:00:00	4394.64	4402.46	4362.21	4366.14	19456	0	2
2026.01.02	14:00:00	4366.10	4373.78	4348.21	4353.65	22672	0	2
2026.01.02	15:00:00	4353.32	4357.23	4330.45	4335.49	26225	0	2
2026.01.02	16:00:00	4335.47	4337.46	4315.19	4326.45	24578	0	2
2026.01.02	17:00:00	4326.53	4333.56	4322.86	4323.18	20185	0	2
2026.01.02	18:00:00	4323.16	4323.80	4310.08	4315.26	18218	0	2
2026.01.02	19:00:00	4315.33	4326.35	4315.33	4318.19	16817	0	2
2026.01.02	20:00:00	4318.25	4331.62	4317.23	4331.54	16337	0	2
2026.01.02	21:00:00	4331.58	4333.52	4327.06	4331.46	5530	0	2
2026.01.04	23:00:00	4352.57	4375.91	4344.16	4372.68	13057	0	2
2026.01.05	00:00:00	4372.66	4396.64	4370.39	4394.81	12702	0	2
2026.01.05	01:00:00	4394.79	4420.12	4391.37	4401.93	23855	0	2
2026.01.05	02:00:00	4401.92	4409.71	4388.74	4405.63	18645	0	2
2026.01.05	03:00:00	4405.57	4414.13	4399.92	4400.29	16941	0	2
2026.01.05	04:00:00	4400.13	4408.43	4397.40	4404.36	9068	0	2
2026.01.05	05:00:00	4404.28	4414.69	4401.09	4412.53	13103	0	2
2026.01.05	06:00:00	4412.52	4426.37	4411.47	4420.46	16148	0	2
2026.01.05	07:00:00	4420.50	4425.08	4416.87	4421.84	12122	0	2
2026.01.05	08:00:00	4421.93	4434.06	4419.46	4430.14	12971	0	2
2026.01.05	09:00:00	4429.79	4438.22	4426.09	4434.83	13104	0	2
2026.01.05	10:00:00	4434.92	4439.98	4430.79	4436.36	10557	0	2
2026.01.05	11:00:00	4436.40	4437.60	4410.91	4419.46	16216	0	2
2026.01.05	12:00:00	4419.39	4421.53	4405.53	4409.78	16812	0	2
2026.01.05	13:00:00	4409.64	4419.01	4396.18	4416.76	23523	0	2
2026.01.05	14:00:00	4416.97	4442.91	4416.97	4436.53	25884	0	2
2026.01.05	15:00:00	4437.05	4455.65	4435.77	4448.63	24164	0	2
2026.01.05	16:00:00	4448.71	4454.48	4438.59	4441.97	16891	0	2
2026.01.05	17:00:00	4441.95	4449.13	4432.30	4443.57	18740	0	2
2026.01.05	18:00:00	4443.42	4448.56	4439.93	4447.91	12785	0	2
2026.01.05	19:00:00	4448.48	4449.43	4435.31	4439.80	13051	0	2
2026.01.05	20:00:00	4439.73	4447.10	4438.09	4444.89	15612	0	2
2026.01.05	21:00:00	4444.87	4449.28	4443.29	4448.69	5104	0	2
2026.01.05	23:00:00	4453.00	4459.81	4436.95	4440.66	6858	0	2
2026.01.06	00:00:00	4440.62	4444.77	4430.48	4436.60	8756	0	2
2026.01.06	01:00:00	4436.82	4452.38	4428.03	4450.74	19400	0	2
2026.01.06	02:00:00	4450.77	4461.23	4448.79	4455.09	17385	0	2
2026.01.06	03:00:00	4455.04	4468.18	4454.25	4467.75	12375	0	2
2026.01.06	04:00:00	4467.69	4468.63	4461.94	4467.54	8332	0	2
2026.01.06	05:00:00	4467.42	4474.25	4449.50	4452.21	16016	0	2
2026.01.06	06:00:00	4452.59	4467.13	4451.61	4465.87	15888	0	2
2026.01.06	07:00:00	4465.89	4470.42	4457.22	4459.54	11312	0	2
2026.01.06	08:00:00	4459.31	4475.84	4457.56	4468.49	12695	0	2
2026.01.06	09:00:00	4468.36	4468.49	4444.91	4446.48	13898	0	2
2026.01.06	10:00:00	4446.51	4456.16	4442.64	4451.78	11508	0	2
2026.01.06	11:00:00	4451.99	4464.53	4448.87	4463.42	11267	0	2
2026.01.06	12:00:00	4463.39	4466.33	4458.91	4463.82	12416	0	2
2026.01.06	13:00:00	4463.80	4470.57	4454.54	4468.01	21211	0	2
2026.01.06	14:00:00	4468.03	4489.77	4464.55	4487.02	22046	0	2
2026.01.06	15:00:00	4487.47	4491.02	4463.30	4478.44	25599	0	2
2026.01.06	16:00:00	4478.43	4488.99	4471.64	4488.40	20631	0	2
2026.01.06	17:00:00	4488.38	4491.58	4481.71	4489.50	16934	0	2
2026.01.06	18:00:00	4489.51	4494.22	4482.23	4488.52	16097	0	2
2026.01.06	19:00:00	4488.53	4489.47	4477.48	4481.38	15832	0	2
2026.01.06	20:00:00	4481.37	4497.05	4480.43	4493.78	13597	0	2
2026.01.06	21:00:00	4493.80	4497.34	4491.85	4494.17	4421	0	2
2026.01.06	23:00:00	4497.29	4500.57	4492.26	4493.55	6508	0	2
2026.01.07	00:00:00	4493.51	4494.87	4482.55	4492.27	9490	0	2
2026.01.07	01:00:00	4492.17	4495.86	4461.16	4465.60	22013	0	2
2026.01.07	02:00:00	4465.54	4478.86	4459.86	4474.82	16962	0	2
2026.01.07	03:00:00	4474.83	4480.38	4471.97	4474.90	14634	0	2
2026.01.07	04:00:00	4474.85	4476.10	4463.66	4464.87	11092	0	2
2026.01.07	05:00:00	4464.85	4470.48	4443.41	4454.41	16674	0	2
2026.01.07	06:00:00	4454.40	4460.49	4441.60	4444.27	16720	0	2
2026.01.07	07:00:00	4444.22	4465.05	4441.81	4461.32	12484	0	2
2026.01.07	08:00:00	4461.31	4474.93	4459.47	4468.43	10538	0	2
2026.01.07	09:00:00	4468.44	4468.71	4459.57	4463.55	10901	0	2
2026.01.07	10:00:00	4463.34	4467.78	4458.86	4464.46	9312	0	2
2026.01.07	11:00:00	4464.44	4465.02	4446.60	4447.49	10867	0	2
2026.01.07	12:00:00	4447.51	4455.15	4439.45	4445.30	15824	0	2
2026.01.07	13:00:00	4445.24	4453.12	4427.82	4452.94	23227	0	2
2026.01.07	14:00:00	4452.90	4454.49	4435.81	4445.35	24108	0	2
2026.01.07	15:00:00	4445.26	4452.35	4423.62	4446.10	24228	0	2
2026.01.07	16:00:00	4446.08	4468.32	4443.85	4464.16	19348	0	2
2026.01.07	17:00:00	4464.22	4465.46	4449.74	4451.93	12268	0	2
2026.01.07	18:00:00	4452.05	4458.95	4447.33	4452.28	16561	0	2
2026.01.07	19:00:00	4452.29	4458.05	4445.50	4457.00	14270	0	2
2026.01.07	20:00:00	4456.99	4461.68	4450.65	4452.04	18471	0	2
2026.01.07	21:00:00	4452.05	4456.23	4449.90	4455.52	5219	0	2
2026.01.07	23:00:00	4460.53	4464.06	4458.25	4463.55	5009	0	2
2026.01.08	00:00:00	4463.51	4466.47	4446.82	4450.30	10602	0	2
2026.01.08	01:00:00	4450.20	4460.42	4442.01	4448.51	18819	0	2
2026.01.08	02:00:00	4448.50	4449.66	4433.57	4441.36	18584	0	2
2026.01.08	03:00:00	4441.37	4446.54	4437.45	4440.32	14786	0	2
2026.01.08	04:00:00	4440.28	4440.61	4430.30	4431.63	10310	0	2
2026.01.08	05:00:00	4431.64	4432.44	4415.74	4425.69	19947	0	2
2026.01.08	06:00:00	4425.66	4437.73	4416.03	4433.38	20802	0	2
2026.01.08	07:00:00	4433.46	4439.71	4428.48	4431.04	13398	0	2
2026.01.08	08:00:00	4430.96	4433.49	4419.93	4431.77	15548	0	2
2026.01.08	09:00:00	4431.70	4435.53	4426.10	4432.70	13021	0	2
2026.01.08	10:00:00	4432.72	4434.92	4423.09	4433.34	11056	0	2
2026.01.08	11:00:00	4433.27	4433.27	4422.33	4422.93	12178	0	2
2026.01.08	12:00:00	4422.99	4431.46	4407.83	4427.74	18208	0	2
2026.01.08	13:00:00	4427.76	4436.06	4417.38	4423.85	20998	0	2
2026.01.08	14:00:00	4422.74	4439.45	4419.21	4433.05	24223	0	2
2026.01.08	15:00:00	4433.07	4456.38	4427.94	4454.30	24231	0	2
2026.01.08	16:00:00	4454.21	4464.60	4447.04	4463.34	21269	0	2
2026.01.08	17:00:00	4463.28	4465.50	4457.63	4463.51	15482	0	2
2026.01.08	18:00:00	4463.41	4463.41	4448.00	4449.61	15995	0	2
2026.01.08	19:00:00	4449.59	4453.02	4444.82	4452.23	12278	0	2
2026.01.08	20:00:00	4452.18	4478.17	4451.62	4476.22	16521	0	2
2026.01.08	21:00:00	4476.26	4479.56	4472.70	4477.19	6484	0	2
2026.01.08	23:00:00	4482.46	4484.20	4473.01	4475.72	5966	0	2
2026.01.09	00:00:00	4475.68	4476.78	4460.06	4461.65	8977	0	2
2026.01.09	01:00:00	4462.51	4470.10	4453.03	4469.04	18549	0	2
2026.01.09	02:00:00	4468.93	4476.60	4465.74	4469.59	13599	0	2
2026.01.09	03:00:00	4469.47	4470.06	4460.51	4464.19	11779	0	2
2026.01.09	04:00:00	4464.21	4467.06	4460.74	4464.75	6324	0	2
2026.01.09	05:00:00	4464.61	4471.81	4458.37	4468.14	9674	0	2
2026.01.09	06:00:00	4468.47	4477.53	4466.12	4474.14	12090	0	2
2026.01.09	07:00:00	4474.21	4475.49	4468.74	4470.23	7254	0	2
2026.01.09	08:00:00	4470.32	4477.01	4464.18	4468.62	9252	0	2
2026.01.09	09:00:00	4468.61	4477.65	4468.57	4471.25	9300	0	2
2026.01.09	10:00:00	4471.26	4474.29	4467.14	4472.68	7855	0	2
2026.01.09	11:00:00	4472.67	4476.25	4468.92	4475.55	8386	0	2
2026.01.09	12:00:00	4475.46	4480.57	4461.24	4466.10	12838	0	2
2026.01.09	13:00:00	4466.21	4491.94	4459.26	4482.74	24235	0	2
2026.01.09	14:00:00	4482.72	4498.09	4479.36	4494.53	25641	0	2
2026.01.09	15:00:00	4494.59	4517.20	4490.46	4512.40	24700	0	2
2026.01.09	16:00:00	4512.39	4514.34	4499.88	4506.61	19947	0	2
2026.01.09	17:00:00	4506.69	4511.59	4482.16	4484.63	18330	0	2
2026.01.09	18:00:00	4484.60	4504.63	4483.11	4496.23	17611	0	2
2026.01.09	19:00:00	4496.21	4501.99	4492.88	4499.48	12407	0	2
2026.01.09	20:00:00	4499.45	4510.19	4497.90	4507.75	16011	0	2
2026.01.09	21:00:00	4507.61	4511.26	4505.14	4508.76	4862	0	2
2026.01.11	23:00:00	4515.29	4545.09	4513.05	4540.23	12272	0	2
2026.01.12	00:00:00	4540.19	4601.22	4536.54	4588.91	18906	0	2
2026.01.12	01:00:00	4588.92	4594.96	4570.60	4570.63	23071	0	2
2026.01.12	02:00:00	4570.38	4582.12	4561.87	4577.59	20341	0	2
2026.01.12	03:00:00	4577.52	4581.50	4567.87	4570.64	14053	0	2
2026.01.12	04:00:00	4570.63	4572.27	4563.51	4568.66	10982	0	2
2026.01.12	05:00:00	4568.67	4585.01	4566.17	4580.95	12448	0	2
2026.01.12	06:00:00	4580.92	4580.96	4569.83	4578.62	13099	0	2
2026.01.12	07:00:00	4578.64	4589.75	4574.81	4587.74	12100	0	2
2026.01.12	08:00:00	4587.76	4598.56	4579.51	4596.96	12880	0	2
2026.01.12	09:00:00	4596.93	4599.33	4587.81	4589.21	12546	0	2
2026.01.12	10:00:00	4589.26	4595.45	4586.12	4594.31	9603	0	2
2026.01.12	11:00:00	4594.35	4594.99	4581.84	4585.32	9827	0	2
2026.01.12	12:00:00	4585.04	4590.79	4578.48	4590.51	12173	0	2
2026.01.12	13:00:00	4590.52	4620.34	4588.67	4615.85	18759	0	2
2026.01.12	14:00:00	4615.80	4617.29	4585.02	4602.20	26360	0	2
2026.01.12	15:00:00	4602.17	4627.55	4601.88	4621.44	21530	0	2
2026.01.12	16:00:00	4621.43	4630.23	4607.92	4616.96	16960	0	2
2026.01.12	17:00:00	4616.97	4620.64	4610.82	4616.39	13402	0	2
2026.01.12	18:00:00	4616.43	4618.55	4600.62	4610.91	13349	0	2
2026.01.12	19:00:00	4610.93	4618.95	4608.79	4611.02	10901	0	2
2026.01.12	20:00:00	4611.19	4611.78	4591.59	4593.65	15667	0	3
2026.01.12	21:00:00	4593.73	4597.12	4589.45	4596.74	5551	0	3
2026.01.12	23:00:00	4601.96	4603.88	4577.64	4599.41	10657	0	3
2026.01.13	00:00:00	4599.52	4599.64	4584.50	4587.31	7726	0	3
2026.01.13	01:00:00	4587.52	4595.87	4575.70	4577.94	19340	0	3
2026.01.13	02:00:00	4577.85	4595.12	4576.79	4594.39	15670	0	3
2026.01.13	03:00:00	4594.37	4599.76	4592.66	4594.28	11213	0	3
2026.01.13	04:00:00	4594.24	4599.86	4594.06	4596.48	7965	0	3
2026.01.13	05:00:00	4596.40	4602.09	4585.76	4592.25	12235	0	3
2026.01.13	06:00:00	4592.23	4592.50	4573.75	4581.54	15492	0	3
2026.01.13	07:00:00	4581.75	4587.21	4577.58	4580.75	9318	0	2
2026.01.13	08:00:00	4580.81	4597.14	4579.87	4592.87	11234	0	2
2026.01.13	09:00:00	4592.86	4595.81	4585.70	4586.09	8936	0	2
2026.01.13	10:00:00	4586.11	4588.36	4580.45	4586.44	7260	0	2
2026.01.13	11:00:00	4586.39	4592.14	4582.22	4588.65	8090	0	2
2026.01.13	12:00:00	4588.70	4595.32	4577.89	4593.28	8817	0	2
2026.01.13	13:00:00	4593.27	4620.96	4590.83	4611.56	22659	0	2
2026.01.13	14:00:00	4611.48	4634.60	4609.15	4629.91	24238	0	2
2026.01.13	15:00:00	4629.92	4630.34	4600.94	4619.21	25911	0	2
2026.01.13	16:00:00	4619.19	4620.80	4593.16	4613.51	20211	0	2
2026.01.13	17:00:00	4613.47	4616.12	4586.71	4590.51	17560	0	2
2026.01.13	18:00:00	4590.38	4602.04	4581.18	4594.20	20692	0	2
2026.01.13	19:00:00	4594.27	4599.04	4584.35	4597.60	15591	0	2
2026.01.13	20:00:00	4597.61	4597.92	4569.32	4586.17	17437	0	2
2026.01.13	21:00:00	4586.14	4590.01	4582.85	4586.22	7077	0	2
2026.01.13	23:00:00	4592.11	4598.89	4591.01	4597.12	6667	0	2
2026.01.14	00:00:00	4597.10	4610.72	4597.10	4609.08	9564	0	2
2026.01.14	01:00:00	4609.16	4619.98	4606.28	4619.33	17107	0	2
2026.01.14	02:00:00	4619.41	4623.78	4614.29	4620.65	13935	0	2
2026.01.14	03:00:00	4620.64	4630.06	4613.48	4628.31	11765	0	2
2026.01.14	04:00:00	4628.32	4630.51	4625.33	4629.31	10494	0	2
2026.01.14	05:00:00	4629.38	4639.80	4618.14	4619.90	14919	0	2
2026.01.14	06:00:00	4619.94	4637.33	4618.58	4637.31	16331	0	2
2026.01.14	07:00:00	4637.32	4639.73	4631.63	4632.57	9190	0	2
2026.01.14	08:00:00	4632.53	4637.97	4622.12	4635.08	13082	0	2
2026.01.14	09:00:00	4635.07	4639.65	4627.12	4630.51	10157	0	2
2026.01.14	10:00:00	4630.58	4638.30	4628.03	4633.13	9591	0	2
2026.01.14	11:00:00	4633.08	4637.61	4626.16	4630.46	10205	0	2
2026.01.14	12:00:00	4630.49	4641.98	4630.35	4638.69	13193	0	2
2026.01.14	13:00:00	4638.88	4641.57	4624.45	4635.78	21623	0	2
2026.01.14	14:00:00	4635.83	4639.00	4607.00	4617.69	24637	0	2
2026.01.14	15:00:00	4617.67	4626.66	4599.48	4617.97	26243	0	2
2026.01.14	16:00:00	4618.00	4624.88	4608.73	4617.15	21603	0	2
2026.01.14	17:00:00	4617.13	4619.21	4601.23	4614.40	21164	0	2
2026.01.14	18:00:00	4614.13	4637.28	4612.90	4635.10	17617	0	2
2026.01.14	19:00:00	4635.15	4642.92	4633.60	4639.24	18469	0	2
2026.01.14	20:00:00	4639.23	4641.63	4625.93	4632.59	20423	0	2
2026.01.14	21:00:00	4632.61	4633.05	4617.91	4625.84	7327	0	2
2026.01.14	23:00:00	4626.02	4626.90	4603.17	4615.34	12071	0	2
2026.01.15	00:00:00	4615.29	4618.20	4610.33	4615.22	10032	0	2
2026.01.15	01:00:00	4615.25	4617.63	4583.72	4600.19	24135	0	2
2026.01.15	02:00:00	4600.22	4614.82	4595.71	4603.02	19254	0	2
2026.01.15	03:00:00	4603.03	4604.39	4581.27	4592.33	19275	0	2
2026.01.15	04:00:00	4592.32	4597.50	4587.07	4592.21	12325	0	2
2026.01.15	05:00:00	4592.30	4599.01	4581.13	4595.32	15060	0	2
2026.01.15	06:00:00	4595.33	4612.06	4593.71	4610.27	16577	0	2
2026.01.15	07:00:00	4610.42	4613.72	4599.31	4601.89	10318	0	2
2026.01.15	08:00:00	4601.84	4607.20	4597.91	4604.42	11142	0	2
2026.01.15	09:00:00	4604.39	4613.22	4600.72	4612.67	11366	0	2
2026.01.15	10:00:00	4612.75	4620.39	4609.45	4619.88	11058	0	2
2026.01.15	11:00:00	4619.99	4623.06	4615.63	4619.29	9605	0	2
2026.01.15	12:00:00	4619.26	4620.84	4611.74	4614.05	11789	0	2
2026.01.15	13:00:00	4614.07	4616.27	4582.09	4588.01	23799	0	2
2026.01.15	14:00:00	4588.39	4615.22	4583.38	4611.21	23942	0	2
2026.01.15	15:00:00	4611.09	4618.13	4603.89	4615.63	21405	0	2
2026.01.15	16:00:00	4615.49	4624.64	4601.35	4605.64	20257	0	2
2026.01.15	17:00:00	4605.62	4617.02	4605.60	4616.56	16024	0	2
2026.01.15	18:00:00	4616.59	4621.26	4613.54	4617.66	15725	0	2
2026.01.15	19:00:00	4617.72	4621.63	4612.85	4616.06	13060	0	2
2026.01.15	20:00:00	4616.05	4616.44	4600.85	4605.84	19186	0	2
2026.01.15	21:00:00	4605.91	4616.44	4604.61	4615.39	8023	0	2
2026.01.15	23:00:00	4619.02	4620.58	4606.42	4610.34	7700	0	2
2026.01.16	00:00:00	4610.32	4611.43	4598.61	4600.21	11216	0	2
2026.01.16	01:00:00	4600.14	4608.63	4593.93	4600.66	18208	0	2
2026.01.16	02:00:00	4600.61	4604.43	4591.41	4595.10	17358	0	2
2026.01.16	03:00:00	4595.07	4599.82	4592.91	4596.51	12034	0	2
2026.01.16	04:00:00	4596.48	4602.20	4596.23	4601.16	7071	0	2
2026.01.16	05:00:00	4601.18	4616.14	4595.38	4611.60	12792	0	2
2026.01.16	06:00:00	4611.58	4612.39	4594.14	4598.12	15963	0	2
2026.01.16	07:00:00	4598.13	4612.08	4596.92	4607.57	11331	0	2
2026.01.16	08:00:00	4607.58	4610.61	4601.41	4603.34	9096	0	2
2026.01.16	09:00:00	4603.29	4608.51	4598.88	4600.80	7867	0	2
2026.01.16	10:00:00	4600.70	4611.17	4599.86	4600.30	7607	0	2
2026.01.16	11:00:00	4600.46	4616.08	4598.65	4612.60	9169	0	2
2026.01.16	12:00:00	4612.61	4613.10	4597.42	4601.93	10556	0	2
2026.01.16	13:00:00	4601.91	4605.61	4582.79	4601.95	23977	0	2
2026.01.16	14:00:00	4601.97	4614.81	4596.27	4608.07	21868	0	2
2026.01.16	15:00:00	4607.88	4620.35	4536.81	4571.26	27799	0	2
2026.01.16	16:00:00	4571.24	4599.10	4568.08	4591.34	23166	0	2
2026.01.16	17:00:00	4591.29	4593.28	4576.79	4581.48	16710	0	2
2026.01.16	18:00:00	4581.01	4596.21	4580.25	4582.78	16111	0	2
2026.01.16	19:00:00	4582.76	4592.55	4581.02	4590.61	13379	0	2
2026.01.16	20:00:00	4590.59	4595.93	4580.92	4582.23	14221	0	2
2026.01.16	21:00:00	4582.17	4598.73	4582.03	4596.24	13175	0	2
2026.01.18	23:00:00	4638.53	4690.68	4636.84	4672.51	12636	0	2
2026.01.19	00:00:00	4672.40	4682.06	4661.28	4675.42	12124	0	2
2026.01.19	01:00:00	4675.46	4678.61	4656.22	4657.53	20089	0	2
2026.01.19	02:00:00	4657.39	4665.11	4653.31	4662.45	14385	0	2
2026.01.19	03:00:00	4662.41	4669.90	4658.18	4658.42	10466	0	2
2026.01.19	04:00:00	4658.42	4665.99	4658.21	4663.13	6272	0	2
2026.01.19	05:00:00	4663.14	4674.30	4663.02	4670.00	9344	0	2
2026.01.19	06:00:00	4669.90	4679.07	4666.78	4678.25	9582	0	2
2026.01.19	07:00:00	4678.07	4678.60	4661.99	4665.10	9188	0	2
2026.01.19	08:00:00	4664.81	4673.82	4661.83	4663.68	9052	0	2
2026.01.19	09:00:00	4663.70	4673.02	4662.13	4668.48	7720	0	2
2026.01.19	10:00:00	4668.47	4671.27	4661.28	4663.79	6329	0	2
2026.01.19	11:00:00	4663.76	4667.62	4659.72	4660.77	7792	0	2
2026.01.19	12:00:00	4660.70	4673.83	4660.15	4672.04	8447	0	2
2026.01.19	13:00:00	4672.06	4673.86	4664.55	4666.22	11256	0	2
2026.01.19	14:00:00	4666.19	4670.43	4661.73	4666.61	10587	0	2
2026.01.19	15:00:00	4666.64	4676.17	4664.37	4674.32	10943	0	2
2026.01.19	16:00:00	4674.36	4675.69	4670.48	4672.27	7468	0	2
2026.01.19	17:00:00	4672.28	4678.85	4669.27	4676.30	7614	0	2
2026.01.19	18:00:00	4676.10	4680.35	4673.84	4676.61	6209	0	2
2026.01.19	19:00:00	4676.59	4676.73	4666.84	4670.18	4059	0	2
2026.01.19	23:00:00	4668.26	4672.33	4664.51	4665.43	4448	0	4
2026.01.20	00:00:00	4665.45	4668.09	4659.55	4660.44	6815	0	4
2026.01.20	01:00:00	4660.49	4676.19	4660.05	4669.79	14576	0	4
2026.01.20	02:00:00	4669.78	4674.87	4665.58	4668.71	12689	0	4
2026.01.20	03:00:00	4668.74	4681.60	4666.15	4680.25	10354	0	4
2026.01.20	04:00:00	4680.26	4697.10	4679.68	4695.33	10388	0	4
2026.01.20	05:00:00	4695.34	4716.71	4694.40	4714.61	13079	0	4
2026.01.20	06:00:00	4714.60	4717.21	4705.68	4712.58	14600	0	2
2026.01.20	07:00:00	4712.39	4722.82	4711.51	4716.04	9970	0	2
2026.01.20	08:00:00	4716.11	4731.62	4715.07	4729.38	12922	0	2
2026.01.20	09:00:00	4729.37	4737.54	4721.28	4732.46	12269	0	2
2026.01.20	10:00:00	4732.49	4735.14	4723.26	4726.60	10362	0	2
2026.01.20	11:00:00	4726.63	4735.39	4721.68	4733.13	9971	0	2
2026.01.20	12:00:00	4732.24	4732.72	4724.12	4727.69	12586	0	2
2026.01.20	13:00:00	4727.60	4738.41	4715.20	4737.35	21415	0	2
2026.01.20	14:00:00	4737.27	4750.95	4728.73	4741.39	25871	0	2
2026.01.20	15:00:00	4741.30	4748.56	4722.57	4737.65	25047	0	2
2026.01.20	16:00:00	4737.66	4757.68	4729.23	4753.60	18853	0	2
2026.01.20	17:00:00	4753.09	4762.44	4746.18	4759.32	16165	0	2
2026.01.20	18:00:00	4759.30	4766.27	4752.77	4759.44	16180	0	2
2026.01.20	19:00:00	4759.46	4766.34	4756.60	4760.55	11684	0	2
2026.01.20	20:00:00	4760.55	4760.99	4747.31	4756.35	16339	0	6
2026.01.20	21:00:00	4756.38	4763.72	4755.99	4762.97	6182	0	6
2026.01.20	23:00:00	4760.07	4781.25	4757.43	4775.93	6362	0	2
2026.01.21	00:00:00	4775.91	4787.44	4770.76	4784.73	7943	0	2
2026.01.21	01:00:00	4784.71	4844.25	4783.65	4835.37	21509	0	2
2026.01.21	02:00:00	4835.32	4842.22	4817.45	4836.79	16061	0	2
2026.01.21	03:00:00	4836.72	4849.76	4827.16	4845.04	13391	0	2
2026.01.21	04:00:00	4844.92	4870.94	4838.10	4866.01	10800	0	2
2026.01.21	05:00:00	4866.10	4878.27	4858.98	4869.80	13322	0	2
2026.01.21	06:00:00	4869.85	4888.40	4845.76	4847.65	16989	0	2
2026.01.21	07:00:00	4847.63	4857.22	4832.74	4855.31	16155	0	2
2026.01.21	08:00:00	4855.36	4869.70	4851.64	4854.73	12094	0	2
2026.01.21	09:00:00	4854.71	4877.25	4852.42	4860.52	12087	0	2
2026.01.21	10:00:00	4860.57	4866.80	4859.61	4862.10	10121	0	2
2026.01.21	11:00:00	4862.17	4870.94	4855.30	4866.95	8164	0	2
2026.01.21	12:00:00	4867.01	4870.92	4855.68	4865.20	12338	0	2
2026.01.21	13:00:00	4865.18	4880.31	4858.45	4879.38	17824	0	2
2026.01.21	14:00:00	4879.41	4880.95	4839.61	4852.15	26391	0	2
2026.01.21	15:00:00	4852.16	4868.73	4813.29	4847.85	27099	0	2
2026.01.21	16:00:00	4847.88	4855.70	4819.92	4833.43	24598	0	2
2026.01.21	17:00:00	4833.42	4834.37	4802.60	4826.30	24246	0	2
2026.01.21	18:00:00	4826.31	4850.66	4819.91	4850.27	20086	0	2
2026.01.21	19:00:00	4850.26	4853.96	4756.13	4781.31	24100	0	2
2026.01.21	20:00:00	4781.28	4828.07	4772.36	4827.25	24910	0	3
2026.01.21	21:00:00	4827.16	4839.82	4813.21	4828.58	10642	0	3
2026.01.21	23:00:00	4826.06	4827.29	4777.66	4778.51	11068	0	3
2026.01.22	00:00:00	4778.35	4798.86	4778.18	4798.26	12605	0	3
2026.01.22	01:00:00	4798.25	4809.75	4772.56	4798.05	19277	0	3
2026.01.22	02:00:00	4797.78	4798.31	4774.99	4789.12	15745	0	3
2026.01.22	03:00:00	4789.09	4797.01	4784.32	4796.71	13379	0	3
2026.01.22	04:00:00	4796.84	4800.53	4793.93	4797.54	11088	0	3
2026.01.22	05:00:00	4797.30	4821.73	4793.80	4821.40	12187	0	3
2026.01.22	06:00:00	4821.46	4829.33	4816.50	4826.50	13790	0	3
2026.01.22	07:00:00	4826.59	4838.98	4825.77	4832.80	10871	0	3
2026.01.22	08:00:00	4832.74	4835.67	4822.32	4830.81	13514	0	3
2026.01.22	09:00:00	4830.77	4838.03	4814.11	4823.14	13102	0	3
2026.01.22	10:00:00	4823.16	4831.81	4819.48	4829.05	10143	0	3
2026.01.22	11:00:00	4829.04	4836.41	4824.58	4831.19	11386	0	3
2026.01.22	12:00:00	4831.16	4832.55	4818.83	4819.89	12923	0	3
2026.01.22	13:00:00	4819.75	4835.35	4810.83	4822.39	20013	0	3
2026.01.22	14:00:00	4822.38	4847.82	4820.55	4835.26	20333	0	3
2026.01.22	15:00:00	4835.21	4873.75	4827.07	4871.54	23884	0	3
2026.01.22	16:00:00	4871.53	4885.33	4868.10	4878.07	20292	0	3
2026.01.22	17:00:00	4878.05	4906.29	4871.09	4904.60	19407	0	3
2026.01.22	18:00:00	4904.59	4919.49	4901.34	4916.10	17468	0	3
2026.01.22	19:00:00	4915.91	4924.41	4905.99	4911.77	15109	0	3
2026.01.22	20:00:00	4911.88	4928.40	4911.56	4917.09	15585	0	3
2026.01.22	21:00:00	4917.00	4940.84	4914.70	4936.07	8994	0	3
2026.01.22	23:00:00	4947.10	4960.60	4930.83	4959.10	11586	0	3
2026.01.23	00:00:00	4959.11	4965.87	4947.57	4965.18	10188	0	3
2026.01.23	01:00:00	4965.23	4967.43	4936.71	4953.63	17930	0	3
2026.01.23	02:00:00	4953.60	4962.29	4947.08	4955.60	11103	0	3
2026.01.23	03:00:00	4955.66	4959.10	4938.27	4952.11	10447	0	3
2026.01.23	04:00:00	4952.05	4958.41	4950.33	4956.32	5149	0	3
2026.01.23	05:00:00	4956.31	4967.25	4954.64	4960.69	7646	0	3
2026.01.23	06:00:00	4960.68	4963.22	4945.64	4953.79	12641	0	3
2026.01.23	07:00:00	4953.83	4959.67	4943.31	4944.53	11031	0	3
2026.01.23	08:00:00	4944.20	4947.73	4901.40	4914.06	17538	0	3
2026.01.23	09:00:00	4914.07	4921.72	4899.96	4918.84	15495	0	3
2026.01.23	10:00:00	4918.75	4932.53	4915.85	4929.90	12077	0	3
2026.01.23	11:00:00	4929.89	4930.01	4912.05	4922.89	11131	0	3
2026.01.23	12:00:00	4922.88	4942.63	4918.39	4939.51	14783	0	3
2026.01.23	13:00:00	4939.43	4948.00	4923.78	4939.18	23183	0	3
2026.01.23	14:00:00	4939.21	4956.52	4932.96	4943.26	22273	0	3
2026.01.23	15:00:00	4943.29	4963.41	4938.45	4960.61	23590	0	3
2026.01.23	16:00:00	4960.62	4988.21	4959.19	4980.48	22700	0	3
2026.01.23	17:00:00	4980.59	4988.15	4962.19	4965.81	18809	0	3
2026.01.23	18:00:00	4965.85	4984.17	4958.38	4966.75	19558	0	3
2026.01.23	19:00:00	4966.73	4989.86	4966.73	4984.41	14487	0	3
2026.01.23	20:00:00	4984.22	4985.69	4970.72	4981.65	16271	0	3
2026.01.23	21:00:00	4981.54	4988.51	4978.11	4988.00	6791	0	3
2026.01.25	23:00:00	5023.35	5040.12	5012.10	5039.90	16043	0	3
2026.01.26	00:00:00	5039.81	5052.10	5030.69	5041.79	16349	0	3
2026.01.26	01:00:00	5041.78	5085.63	5029.15	5070.94	24366	0	3
2026.01.26	02:00:00	5071.00	5093.10	5067.10	5080.97	20619	0	3
2026.01.26	03:00:00	5080.95	5087.95	5070.15	5076.75	17152	0	3
2026.01.26	04:00:00	5076.70	5078.16	5058.43	5070.44	12741	0	3
2026.01.26	05:00:00	5070.33	5076.49	5052.52	5074.49	18414	0	3
2026.01.26	06:00:00	5074.47	5111.10	5065.57	5078.06	19727	0	3
2026.01.26	07:00:00	5078.01	5095.79	5073.93	5089.17	13297	0	3
2026.01.26	08:00:00	5089.06	5098.31	5080.13	5083.44	15990	0	3
2026.01.26	09:00:00	5083.32	5098.38	5075.47	5084.14	15612	0	3
2026.01.26	10:00:00	5084.17	5095.09	5078.68	5091.74	13934	0	3
2026.01.26	11:00:00	5091.75	5092.78	5078.53	5091.58	15116	0	3
2026.01.26	12:00:00	5091.55	5096.92	5077.33	5078.96	16473	0	3
2026.01.26	13:00:00	5079.00	5083.23	5054.67	5068.76	23420	0	3
2026.01.26	14:00:00	5068.79	5097.03	5058.45	5096.28	24328	0	3
2026.01.26	15:00:00	5096.27	5097.27	5074.10	5091.16	26329	0	3
2026.01.26	16:00:00	5090.96	5105.10	5065.41	5089.60	26483	0	3
2026.01.26	17:00:00	5089.52	5104.99	5080.98	5101.02	23670	0	3
2026.01.26	18:00:00	5101.04	5103.38	5058.13	5068.94	28783	0	3
2026.01.26	19:00:00	5069.02	5069.82	5008.68	5028.83	30365	0	3
2026.01.26	20:00:00	5029.14	5062.29	5026.49	5055.05	25881	0	3
2026.01.26	21:00:00	5055.09	5059.33	4990.15	5008.23	20898	0	3
2026.01.26	23:00:00	5024.86	5061.61	5018.61	5043.61	13442	0	2
2026.01.27	00:00:00	5043.59	5054.07	5013.76	5032.89	13449	0	2
2026.01.27	01:00:00	5033.03	5076.03	5018.83	5060.36	23081	0	2
2026.01.27	02:00:00	5060.53	5079.93	5049.32	5072.60	16625	0	2
2026.01.27	03:00:00	5072.57	5079.28	5060.29	5077.04	13549	0	2
2026.01.27	04:00:00	5076.80	5078.78	5061.61	5067.99	13111	0	2
2026.01.27	05:00:00	5067.98	5085.35	5057.33	5083.09	15601	0	2
2026.01.27	06:00:00	5083.06	5094.00	5076.80	5085.91	15997	0	2
2026.01.27	07:00:00	5085.94	5100.89	5081.82	5086.09	17824	0	3
2026.01.27	08:00:00	5085.97	5088.39	5073.47	5079.51	16583	0	3
2026.01.27	09:00:00	5079.52	5099.70	5078.02	5098.86	15530	0	3
2026.01.27	10:00:00	5098.55	5098.55	5082.04	5086.40	13975	0	3
2026.01.27	11:00:00	5086.43	5090.85	5066.97	5077.01	15279	0	3
2026.01.27	12:00:00	5076.95	5091.27	5073.63	5085.15	18074	0	3
2026.01.27	13:00:00	5085.14	5092.93	5069.72	5077.50	24049	0	3
2026.01.27	14:00:00	5077.52	5082.26	5046.86	5054.55	28940	0	3
2026.01.27	15:00:00	5054.57	5091.44	5047.85	5090.84	27844	0	3
2026.01.27	16:00:00	5091.16	5103.20	5083.35	5087.62	24145	0	3
2026.01.27	17:00:00	5087.56	5094.22	5076.89	5081.29	23579	0	3
2026.01.27	18:00:00	5081.30	5095.55	5076.34	5088.03	21849	0	3
2026.01.27	19:00:00	5087.98	5100.12	5081.16	5098.90	15697	0	3
2026.01.27	20:00:00	5098.96	5182.57	5097.97	5176.95	27394	0	3
2026.01.27	21:00:00	5176.79	5190.53	5169.41	5180.33	16582	0	3
2026.01.27	23:00:00	5175.40	5184.70	5159.11	5172.42	14745	0	3
2026.01.28	00:00:00	5172.41	5180.10	5157.38	5172.15	14730	0	3
2026.01.28	01:00:00	5172.08	5225.35	5168.76	5205.18	23986	0	3
2026.01.28	02:00:00	5204.88	5234.56	5201.56	5231.99	20280	0	3
2026.01.28	03:00:00	5231.98	5247.62	5224.62	5235.11	19098	0	3
2026.01.28	04:00:00	5235.09	5248.95	5232.37	5245.62	13337	0	3
2026.01.28	05:00:00	5245.64	5266.36	5241.69	5261.33	16749	0	3
2026.01.28	06:00:00	5261.39	5271.44	5252.04	5269.93	16226	0	3
2026.01.28	07:00:00	5270.11	5292.85	5263.06	5290.56	15862	0	3
2026.01.28	08:00:00	5290.55	5311.51	5280.78	5293.79	20838	0	3
2026.01.28	09:00:00	5293.58	5297.53	5263.28	5278.29	18351	0	3
2026.01.28	10:00:00	5278.31	5285.88	5269.47	5270.07	13568	0	3
2026.01.28	11:00:00	5270.32	5270.77	5238.81	5261.69	17938	0	3
2026.01.28	12:00:00	5261.70	5279.36	5251.84	5279.29	17909	0	3
2026.01.28	13:00:00	5279.27	5289.59	5257.31	5266.65	24219	0	3
2026.01.28	14:00:00	5266.83	5288.50	5248.91	5286.35	26288	0	3
2026.01.28	15:00:00	5285.97	5298.31	5235.98	5278.18	28848	0	3
2026.01.28	16:00:00	5278.33	5300.05	5274.71	5299.86	25500	0	3
2026.01.28	17:00:00	5299.82	5307.03	5283.20	5298.02	22861	0	3
2026.01.28	18:00:00	5298.12	5325.98	5268.73	5282.41	27394	0	3
2026.01.28	19:00:00	5282.83	5332.00	5269.72	5325.61	27887	0	3
2026.01.28	20:00:00	5325.60	5391.42	5321.43	5376.63	27389	0	3
2026.01.28	21:00:00	5376.82	5417.29	5376.82	5417.06	15638	0	3
2026.01.28	23:00:00	5449.69	5598.69	5431.93	5513.27	26163	0	3
2026.01.29	00:00:00	5512.94	5527.24	5450.87	5520.40	23143	0	3
2026.01.29	01:00:00	5520.42	5551.76	5446.15	5545.88	26132	0	3
2026.01.29	02:00:00	5545.87	5550.31	5504.46	5535.87	24001	0	3
2026.01.29	03:00:00	5535.94	5549.05	5508.44	5545.93	21126	0	3
2026.01.29	04:00:00	5545.94	5564.60	5533.54	5558.27	16060	0	3
2026.01.29	05:00:00	5557.97	5564.49	5516.28	5562.50	20152	0	3
2026.01.29	06:00:00	5562.49	5595.45	5554.79	5561.77	23461	0	3
2026.01.29	07:00:00	5561.75	5574.97	5536.75	5549.01	21428	0	3
2026.01.29	08:00:00	5548.97	5554.84	5474.34	5509.94	23400	0	3
2026.01.29	09:00:00	5509.95	5529.77	5498.19	5514.16	18728	0	3
2026.01.29	10:00:00	5514.15	5525.34	5482.40	5483.52	17745	0	3
2026.01.29	11:00:00	5483.74	5528.98	5471.03	5522.72	19309	0	3
2026.01.29	12:00:00	5522.62	5543.01	5518.60	5534.16	19368	0	3
2026.01.29	13:00:00	5534.30	5541.36	5500.69	5509.72	25610	0	3
2026.01.29	14:00:00	5510.14	5549.89	5491.31	5496.98	26246	0	3
2026.01.29	15:00:00	5496.97	5496.97	5104.95	5183.03	31684	0	3
2026.01.29	16:00:00	5183.29	5311.29	5172.04	5264.12	30625	0	3
2026.01.29	17:00:00	5264.14	5375.43	5263.87	5335.57	29383	0	3
2026.01.29	18:00:00	5335.52	5362.09	5308.29	5339.02	27467	0	3
2026.01.29	19:00:00	5338.98	5345.47	5290.35	5305.67	27263	0	3
2026.01.29	20:00:00	5305.62	5407.03	5283.09	5394.50	24760	0	3
2026.01.29	21:00:00	5394.35	5425.96	5373.97	5376.84	16054	0	3
2026.01.29	23:00:00	5404.41	5448.72	5387.95	5438.56	18301	0	3
2026.01.30	00:00:00	5438.48	5450.94	5390.18	5406.92	19981	0	3
2026.01.30	01:00:00	5406.91	5409.72	5291.55	5301.00	27442	0	3
2026.01.30	02:00:00	5300.88	5312.68	5112.57	5226.95	30177	0	3
2026.01.30	03:00:00	5227.04	5229.74	5151.47	5196.85	25107	0	3
2026.01.30	04:00:00	5196.99	5230.49	5193.91	5214.97	20262	0	3
2026.01.30	05:00:00	5212.77	5241.60	5180.24	5185.28	21046	0	3
2026.01.30	06:00:00	5185.17	5205.47	5145.70	5155.22	23580	0	3
2026.01.30	07:00:00	5155.42	5186.69	5118.24	5181.36	23745	0	3
2026.01.30	08:00:00	5181.24	5181.24	5054.91	5116.82	26079	0	3
2026.01.30	09:00:00	5116.85	5132.61	4942.71	5015.28	29044	0	3
2026.01.30	10:00:00	5015.26	5122.42	5000.96	5120.76	24926	0	3
2026.01.30	11:00:00	5120.54	5144.73	5089.55	5135.93	22236	0	3
2026.01.30	12:00:00	5135.91	5145.95	5055.64	5065.11	23620	0	3
2026.01.30	13:00:00	5065.09	5099.84	4992.88	5019.24	26746	0	3
2026.01.30	14:00:00	5019.00	5113.64	5014.74	5033.01	27103	0	2
2026.01.30	15:00:00	5033.00	5073.82	4980.60	5050.12	28068	0	2
2026.01.30	16:00:00	5050.13	5051.69	4944.51	4985.86	29512	0	2
2026.01.30	17:00:00	4985.85	4985.85	4801.01	4849.62	30379	0	2
2026.01.30	18:00:00	4850.02	4893.66	4680.24	4880.11	29942	0	2
2026.01.30	19:00:00	4880.25	4948.07	4836.49	4932.68	27115	0	2
2026.01.30	20:00:00	4932.75	4933.20	4810.76	4850.70	26140	0	2
2026.01.30	21:00:00	4849.42	4892.83	4831.99	4891.18	17335	0	2
2026.02.01	23:00:00	4828.28	4834.79	4695.05	4740.72	26647	0	2
2026.02.02	00:00:00	4741.06	4885.24	4740.62	4766.83	26641	0	2
2026.02.02	01:00:00	4767.05	4784.72	4584.31	4737.18	30247	0	2
2026.02.02	02:00:00	4737.16	4772.99	4698.79	4711.88	26141	0	2
2026.02.02	03:00:00	4711.28	4729.58	4630.45	4646.51	26389	0	2
2026.02.02	04:00:00	4646.72	4713.31	4603.64	4680.02	24197	0	2
2026.02.02	05:00:00	4679.71	4696.18	4498.69	4550.18	26806	0	2
2026.02.02	06:00:00	4550.00	4573.97	4402.98	4503.71	27840	0	2
2026.02.02	07:00:00	4504.88	4619.33	4486.23	4587.14	22745	0	2
2026.02.02	08:00:00	4587.22	4651.09	4564.41	4640.88	23141	0	2
2026.02.02	09:00:00	4640.87	4732.09	4603.59	4720.09	24333	0	2
2026.02.02	10:00:00	4719.74	4734.19	4657.65	4705.69	21328	0	2
2026.02.02	11:00:00	4705.78	4779.72	4703.70	4766.47	20680	0	2
2026.02.02	12:00:00	4766.49	4812.41	4743.96	4794.21	21977	0	2
2026.02.02	13:00:00	4794.37	4803.58	4669.73	4705.93	28739	0	2
2026.02.02	14:00:00	4705.92	4794.28	4680.16	4720.17	27052	0	2
2026.02.02	15:00:00	4720.07	4745.51	4617.29	4620.47	27648	0	2
2026.02.02	16:00:00	4620.14	4708.53	4596.54	4666.17	27058	0	2
2026.02.02	17:00:00	4666.00	4713.88	4656.63	4674.83	23197	0	2
2026.02.02	18:00:00	4674.79	4674.79	4618.61	4657.90	23061	0	2
2026.02.02	19:00:00	4657.92	4712.52	4631.58	4685.45	21358	0	2
2026.02.02	20:00:00	4685.43	4700.79	4647.80	4652.23	22751	0	2
2026.02.02	21:00:00	4653.69	4687.27	4643.96	4657.29	13143	0	2
2026.02.02	23:00:00	4689.24	4775.57	4689.24	4774.20	20058	0	2
2026.02.03	00:00:00	4774.37	4830.07	4766.27	4780.54	20911	0	2
2026.02.03	01:00:00	4780.57	4855.90	4766.76	4841.79	27709	0	2
2026.02.03	02:00:00	4841.69	4841.87	4745.52	4783.72	26432	0	3
2026.02.03	03:00:00	4783.68	4813.42	4752.06	4809.79	23212	0	3
2026.02.03	04:00:00	4809.71	4825.14	4800.77	4808.94	17038	0	3
2026.02.03	05:00:00	4808.99	4842.26	4808.99	4825.27	19316	0	3
2026.02.03	06:00:00	4825.31	4894.18	4816.80	4881.43	24700	0	3
2026.02.03	07:00:00	4881.46	4933.66	4872.28	4917.36	19042	0	3
2026.02.03	08:00:00	4917.33	4950.64	4898.41	4912.47	19203	0	3
2026.02.03	09:00:00	4912.25	4926.17	4884.71	4916.16	17603	0	3
2026.02.03	10:00:00	4916.28	4929.89	4901.86	4902.48	13210	0	3
2026.02.03	11:00:00	4902.47	4919.37	4884.04	4916.39	16139	0	3
2026.02.03	12:00:00	4917.10	4936.02	4892.63	4913.63	17299	0	3
2026.02.03	13:00:00	4913.84	4951.13	4902.85	4932.67	24197	0	3
2026.02.03	14:00:00	4932.80	4936.38	4896.32	4917.29	24242	0	3
2026.02.03	15:00:00	4917.33	4948.61	4905.09	4935.37	22691	0	3
2026.02.03	16:00:00	4935.40	4993.88	4930.10	4955.65	23809	0	3
2026.02.03	17:00:00	4955.66	4969.82	4907.67	4929.37	26242	0	3
2026.02.03	18:00:00	4929.36	4954.06	4885.73	4908.55	25878	0	3
2026.02.03	19:00:00	4908.50	4948.88	4880.93	4927.27	25227	0	3
2026.02.03	20:00:00	4927.26	4956.90	4903.42	4943.89	23703	0	2
2026.02.03	21:00:00	4943.87	4964.32	4933.83	4945.64	10345	0	2
2026.02.03	23:00:00	4960.68	4971.90	4909.81	4947.42	18023	0	2
2026.02.04	00:00:00	4947.40	5016.09	4946.05	5015.75	21591	0	2
2026.02.04	01:00:00	5015.76	5053.59	4986.77	5046.68	25735	0	2
2026.02.04	02:00:00	5046.70	5065.65	5035.59	5040.62	18870	0	2
2026.02.04	03:00:00	5040.56	5073.66	5036.24	5069.96	16041	0	2
2026.02.04	04:00:00	5070.00	5081.37	5056.45	5080.68	11565	0	2
2026.02.04	05:00:00	5080.65	5090.47	5069.35	5079.33	13897	0	2
2026.02.04	06:00:00	5079.41	5082.96	5051.21	5076.82	18759	0	2
2026.02.04	07:00:00	5076.84	5091.38	5062.33	5084.80	14311	0	2
2026.02.04	08:00:00	5084.77	5091.89	5068.91	5083.73	12830	0	2
2026.02.04	09:00:00	5083.74	5086.89	5043.32	5060.21	15772	0	2
2026.02.04	10:00:00	5060.22	5064.51	5041.89	5048.59	13561	0	2
2026.02.04	11:00:00	5048.57	5053.53	5013.72	5047.65	13774	0	2
2026.02.04	12:00:00	5047.66	5063.46	5037.48	5041.23	13045	0	2
2026.02.04	13:00:00	5041.22	5063.50	5023.57	5053.98	20576	0	2
2026.02.04	14:00:00	5054.03	5058.76	4968.61	4986.78	24279	0	2
2026.02.04	15:00:00	4986.76	5007.92	4887.44	4920.02	26633	0	2
2026.02.04	16:00:00	4919.99	4940.18	4849.39	4904.60	27180	0	2
2026.02.04	17:00:00	4904.58	4930.80	4888.56	4898.22	25182	0	2
2026.02.04	18:00:00	4898.20	4935.18	4873.17	4927.46	22238	0	2
2026.02.04	19:00:00	4927.49	4957.97	4914.86	4942.24	20580	0	2
2026.02.04	20:00:00	4942.10	4951.36	4914.60	4937.77	19403	0	2
2026.02.04	21:00:00	4937.80	4970.97	4937.68	4964.62	7715	0	2
2026.02.04	23:00:00	4988.39	5023.83	4984.71	5012.31	14822	0	2
2026.02.05	00:00:00	5012.34	5020.52	4997.34	5006.87	15633	0	3
2026.02.05	01:00:00	5006.82	5012.04	4936.27	4958.73	28835	0	3
2026.02.05	02:00:00	4958.82	4962.05	4805.93	4811.49	30899	0	3
2026.02.05	03:00:00	4811.42	4888.13	4790.03	4880.96	27637	0	3
2026.02.05	04:00:00	4880.90	4890.97	4863.63	4863.94	19092	0	3
2026.02.05	05:00:00	4863.91	4906.82	4826.42	4896.33	22931	0	3
2026.02.05	06:00:00	4896.30	4934.09	4878.73	4920.85	23137	0	3
2026.02.05	07:00:00	4920.80	4940.76	4896.15	4914.88	19320	0	3
2026.02.05	08:00:00	4914.98	4943.54	4901.36	4912.59	17420	0	3
2026.02.05	09:00:00	4912.54	4914.31	4849.81	4855.35	20585	0	3
2026.02.05	10:00:00	4855.33	4887.03	4848.38	4877.18	16962	0	3
2026.02.05	11:00:00	4877.25	4894.57	4864.55	4868.12	12747	0	3
2026.02.05	12:00:00	4868.24	4878.24	4810.86	4854.05	20726	0	3
2026.02.05	13:00:00	4854.00	4867.99	4802.21	4834.69	25384	0	3
2026.02.05	14:00:00	4834.71	4869.98	4806.73	4846.82	24230	0	3
2026.02.05	15:00:00	4847.15	4866.62	4800.59	4818.52	28034	0	3
2026.02.05	16:00:00	4818.50	4906.75	4812.53	4889.08	28198	0	3
2026.02.05	17:00:00	4889.04	4890.43	4859.28	4869.42	24371	0	3
2026.02.05	18:00:00	4869.41	4875.43	4851.38	4858.25	21210	0	3
2026.02.05	19:00:00	4858.27	4865.26	4823.62	4829.50	19468	0	3
2026.02.05	20:00:00	4829.48	4843.15	4793.63	4811.42	20651	0	3
2026.02.05	21:00:00	4812.39	4826.24	4759.74	4776.11	14262	0	3
2026.02.05	23:00:00	4762.03	4781.95	4703.47	4704.04	18501	0	3
2026.02.06	00:00:00	4704.05	4764.73	4655.50	4763.25	26915	0	3
2026.02.06	01:00:00	4763.27	4784.85	4693.74	4773.71	28200	0	3
2026.02.06	02:00:00	4774.03	4846.42	4761.14	4816.90	24500	0	3
2026.02.06	03:00:00	4816.77	4839.24	4801.21	4824.40	18556	0	3
2026.02.06	04:00:00	4824.38	4831.75	4807.22	4814.06	12255	0	2
2026.02.06	05:00:00	4814.13	4898.10	4807.65	4897.64	16888	0	2
2026.02.06	06:00:00	4897.63	4903.31	4825.31	4846.45	22358	0	3
2026.02.06	07:00:00	4846.46	4861.87	4838.58	4840.24	12733	0	4
2026.02.06	08:00:00	4840.23	4882.25	4829.58	4862.22	14776	0	4
2026.02.06	09:00:00	4862.14	4872.56	4839.07	4866.73	12546	0	4
2026.02.06	10:00:00	4866.71	4880.17	4851.89	4878.58	10639	0	4
2026.02.06	11:00:00	4878.39	4895.74	4863.89	4887.84	11294	0	4
2026.02.06	12:00:00	4887.69	4903.62	4871.61	4900.52	12364	0	3
2026.02.06	13:00:00	4900.45	4938.44	4897.79	4929.12	20553	0	3
2026.02.06	14:00:00	4929.07	4949.65	4894.61	4948.34	19350	0	3
2026.02.06	15:00:00	4948.30	4964.54	4928.87	4943.62	21801	0	3
2026.02.06	16:00:00	4943.61	4953.27	4922.20	4952.04	19407	0	3
2026.02.06	17:00:00	4951.97	4968.03	4948.39	4960.50	15382	0	3
2026.02.06	18:00:00	4960.51	4971.38	4943.95	4962.54	13442	0	3
2026.02.06	19:00:00	4962.59	4963.29	4948.78	4957.59	8173	0	3
2026.02.06	20:00:00	4957.58	4959.30	4936.73	4953.14	13054	0	3
2026.02.06	21:00:00	4953.11	4966.67	4946.55	4966.66	6554	0	3
2026.02.08	23:00:00	4986.66	5047.23	4964.44	5036.01	17780	0	3
2026.02.09	00:00:00	5036.00	5045.07	5012.00	5020.04	17389	0	3
2026.02.09	01:00:00	5020.51	5042.14	4976.37	4982.69	21769	0	3
2026.02.09	02:00:00	4982.71	5017.53	4969.13	5007.36	17993	0	3
2026.02.09	03:00:00	5006.94	5031.55	5005.92	5016.32	14359	0	3
2026.02.09	04:00:00	5016.27	5024.94	5007.53	5012.08	11499	0	3
2026.02.09	05:00:00	5012.13	5041.76	5011.39	5036.93	13711	0	3
2026.02.09	06:00:00	5036.95	5045.73	5014.02	5031.32	18310	0	3
2026.02.09	07:00:00	5031.30	5031.38	4997.48	5006.58	15843	0	3
2026.02.09	08:00:00	5006.59	5033.97	5003.03	5027.33	13919	0	3
2026.02.09	09:00:00	5027.37	5040.88	5002.89	5007.85	13608	0	3
2026.02.09	10:00:00	5007.87	5015.39	4982.31	4991.00	16213	0	3
2026.02.09	11:00:00	4990.98	5017.96	4988.80	5010.89	12382	0	3
2026.02.09	12:00:00	5011.03	5021.57	5007.40	5013.40	13251	0	3
2026.02.09	13:00:00	5013.48	5024.66	4995.39	5007.15	21352	0	3
2026.02.09	14:00:00	5007.08	5040.92	5002.61	5038.15	22971	0	3
2026.02.09	15:00:00	5038.11	5060.44	5023.76	5059.12	19975	0	3
2026.02.09	16:00:00	5059.13	5080.56	5056.84	5073.65	18774	0	3
2026.02.09	17:00:00	5073.66	5075.72	5040.99	5046.40	15738	0	3
2026.02.09	18:00:00	5046.43	5064.16	5044.23	5062.98	17776	0	3
2026.02.09	19:00:00	5062.90	5080.23	5062.59	5074.78	11881	0	3
2026.02.09	20:00:00	5074.79	5086.56	5072.37	5079.77	13882	0	3
2026.02.09	21:00:00	5079.80	5083.29	5048.34	5059.35	7739	0	4
2026.02.09	23:00:00	5073.92	5074.46	4987.10	5031.85	16529	0	5
2026.02.10	00:00:00	5031.81	5048.39	5009.07	5018.98	15089	0	5
2026.02.10	01:00:00	5018.88	5037.81	5012.60	5033.04	21053	0	5
2026.02.10	02:00:00	5033.06	5056.47	5031.93	5038.34	17476	0	5
2026.02.10	03:00:00	5038.05	5038.05	5016.66	5030.30	14681	0	5
2026.02.10	04:00:00	5030.18	5033.99	5017.88	5031.74	10028	0	5
2026.02.10	05:00:00	5031.48	5040.70	5011.53	5039.50	11983	0	5
2026.02.10	06:00:00	5039.44	5045.52	5019.12	5024.57	15652	0	5
2026.02.10	07:00:00	5024.61	5036.08	5018.81	5034.03	11756	0	5
2026.02.10	08:00:00	5033.60	5054.98	5029.02	5042.03	12123	0	3
2026.02.10	09:00:00	5041.96	5063.28	5040.62	5046.92	13504	0	3
2026.02.10	10:00:00	5046.91	5058.37	5037.18	5047.09	11718	0	3
2026.02.10	11:00:00	5047.04	5057.62	5044.54	5056.08	9871	0	3
2026.02.10	12:00:00	5056.23	5057.26	5019.76	5032.21	11969	0	3
2026.02.10	13:00:00	5032.22	5058.61	5026.61	5051.14	17203	0	3
2026.02.10	14:00:00	5051.15	5078.68	5020.97	5039.80	22328	0	3
2026.02.10	15:00:00	5039.77	5048.04	4999.00	5019.71	25213	0	7
2026.02.10	16:00:00	5019.62	5026.55	5005.78	5023.91	22706	0	7
2026.02.10	17:00:00	5023.88	5040.15	5020.91	5026.32	15423	0	4
2026.02.10	18:00:00	5026.34	5028.05	5004.93	5013.30	17088	0	4
2026.02.10	19:00:00	5013.28	5030.42	5008.98	5028.07	12507	0	4
2026.02.10	20:00:00	5028.08	5045.27	5020.57	5030.70	11474	0	4
2026.02.10	21:00:00	5030.61	5032.88	5020.46	5022.30	7906	0	4
2026.02.10	23:00:00	5031.88	5054.63	5028.53	5041.89	7385	0	4
2026.02.11	00:00:00	5042.01	5049.54	5028.50	5037.92	9581	0	4
2026.02.11	01:00:00	5037.90	5052.97	5030.92	5052.56	13071	0	4
2026.02.11	02:00:00	5052.64	5057.89	5032.78	5054.44	12307	0	4
2026.02.11	03:00:00	5055.27	5060.99	5045.22	5054.45	9770	0	4
2026.02.11	04:00:00	5054.28	5059.74	5045.88	5046.40	5834	0	4
2026.02.11	05:00:00	5046.54	5064.09	5043.62	5052.32	9479	0	4
2026.02.11	06:00:00	5052.62	5064.68	5049.53	5064.24	12006	0	4
2026.02.11	07:00:00	5064.26	5069.45	5049.09	5055.62	13054	0	4
2026.02.11	08:00:00	5055.43	5060.51	5046.05	5053.73	11577	0	4
2026.02.11	09:00:00	5053.74	5072.24	5047.35	5062.93	11797	0	4
2026.02.11	10:00:00	5062.92	5101.19	5062.63	5093.27	14088	0	4
2026.02.11	11:00:00	5093.08	5116.73	5082.54	5111.85	13478	0	4
2026.02.11	12:00:00	5111.87	5119.45	5051.42	5083.00	18868	0	4
2026.02.11	13:00:00	5083.02	5090.36	5019.10	5066.17	25995	0	4
2026.02.11	14:00:00	5066.20	5082.88	5035.96	5059.60	24571	0	4
2026.02.11	15:00:00	5059.62	5081.85	5039.24	5060.07	27610	0	7
2026.02.11	16:00:00	5060.02	5078.24	5043.13	5075.33	20833	0	7
2026.02.11	17:00:00	5074.97	5099.00	5068.75	5091.75	17250	0	7
2026.02.11	18:00:00	5091.73	5092.89	5067.26	5082.46	16698	0	7
2026.02.11	19:00:00	5082.53	5094.38	5077.44	5081.61	13644	0	7
2026.02.11	20:00:00	5081.60	5089.99	5078.40	5086.57	11313	0	7
2026.02.11	21:00:00	5086.58	5092.84	5069.97	5082.50	6745	0	7
2026.02.11	23:00:00	5098.27	5100.03	5052.41	5061.29	11916	0	7
2026.02.12	00:00:00	5061.24	5067.83	5049.98	5062.75	12968	0	7
2026.02.12	01:00:00	5062.74	5064.32	5045.20	5063.60	15474	0	7
2026.02.12	02:00:00	5063.73	5072.75	5055.05	5066.05	11389	0	7
2026.02.12	03:00:00	5066.04	5074.74	5054.89	5056.99	10247	0	7
2026.02.12	04:00:00	5057.00	5070.12	5051.12	5069.82	6085	0	7
2026.02.12	05:00:00	5069.77	5078.22	5064.66	5075.69	9916	0	7
2026.02.12	06:00:00	5075.72	5076.44	5047.26	5059.87	13481	0	7
2026.02.12	07:00:00	5059.85	5066.37	5051.95	5064.32	7237	0	7
2026.02.12	08:00:00	5064.25	5073.54	5052.50	5068.53	8136	0	7
2026.02.12	09:00:00	5068.54	5080.92	5066.24	5073.23	7546	0	7
2026.02.12	10:00:00	5073.30	5077.11	5056.16	5062.24	8264	0	7
2026.02.12	11:00:00	5062.30	5068.52	5059.50	5064.02	8249	0	8
2026.02.12	12:00:00	5063.98	5068.67	5048.92	5052.81	11012	0	5
2026.02.12	13:00:00	5052.83	5083.78	5051.52	5075.39	15944	0	5
2026.02.12	14:00:00	5075.40	5077.88	5039.52	5044.64	21147	0	6
2026.02.12	15:00:00	5044.50	5074.81	5039.92	5060.30	18149	0	6
2026.02.12	16:00:00	5060.41	5068.25	4878.54	4955.95	30826	0	6
2026.02.12	17:00:00	4955.10	4982.76	4939.51	4941.36	26808	0	6
2026.02.12	18:00:00	4941.38	4952.32	4906.69	4935.74	26457	0	6
2026.02.12	19:00:00	4935.73	4958.17	4928.84	4945.43	21803	0	5
2026.02.12	20:00:00	4945.45	4948.57	4911.44	4915.34	22066	0	5
2026.02.12	21:00:00	4915.46	4926.67	4911.90	4921.74	8838	0	5
2026.02.12	23:00:00	4902.68	4928.88	4887.37	4920.11	12423	0	5
2026.02.13	00:00:00	4920.34	4949.08	4913.94	4928.14	14816	0	5
2026.02.13	01:00:00	4928.15	4988.80	4927.34	4981.01	19015	0	5
2026.02.13	02:00:00	4981.07	4991.65	4972.27	4988.58	12502	0	5
2026.02.13	03:00:00	4988.56	4989.41	4973.94	4981.49	9123	0	5
2026.02.13	04:00:00	4981.47	4997.44	4973.01	4976.34	7193	0	5
2026.02.13	05:00:00	4976.74	4986.61	4944.96	4946.52	12721	0	5
2026.02.13	06:00:00	4946.65	4968.70	4946.16	4967.17	14956	0	5
2026.02.13	07:00:00	4967.16	4982.73	4951.28	4974.71	10841	0	5
2026.02.13	08:00:00	4975.05	4989.50	4971.83	4982.77	14389	0	5
2026.02.13	09:00:00	4982.79	4982.92	4961.54	4970.35	11419	0	5
2026.02.13	10:00:00	4970.36	4980.76	4947.26	4950.11	10187	0	5
2026.02.13	11:00:00	4950.14	4955.51	4934.12	4954.08	13790	0	5
2026.02.13	12:00:00	4954.16	4974.09	4952.37	4969.69	11337	0	5
2026.02.13	13:00:00	4969.73	4999.44	4957.72	4987.19	18895	0	5
2026.02.13	14:00:00	4987.16	5011.16	4964.73	4995.71	24313	0	5
2026.02.13	15:00:00	4995.78	5020.71	4974.11	4976.92	27508	0	5
2026.02.13	16:00:00	4976.94	5033.84	4975.85	5007.91	21196	0	5
2026.02.13	17:00:00	5007.90	5029.23	5006.04	5021.10	16011	0	5
2026.02.13	18:00:00	5021.13	5035.56	5015.54	5031.26	15124	0	5
2026.02.13	19:00:00	5031.28	5046.15	5024.76	5024.76	14616	0	5
2026.02.13	20:00:00	5023.92	5034.79	5021.61	5032.41	16416	0	5
2026.02.13	21:00:00	5032.45	5046.16	5029.58	5041.35	6623	0	5
2026.02.15	23:00:00	5014.62	5031.80	5008.61	5020.21	14218	0	4
2026.02.16	00:00:00	5020.24	5022.74	5000.43	5015.56	10506	0	4
2026.02.16	01:00:00	5015.49	5031.18	5007.04	5028.96	9713	0	4
2026.02.16	02:00:00	5028.97	5031.21	4992.33	4994.77	10850	0	4
2026.02.16	03:00:00	4994.76	5000.04	4975.82	4987.62	10459	0	4
2026.02.16	04:00:00	4987.61	4992.25	4973.06	4977.24	9754	0	4
2026.02.16	05:00:00	4978.01	4990.81	4965.70	4990.80	7771	0	4
2026.02.16	06:00:00	4990.82	5003.18	4985.09	4994.90	7508	0	4
2026.02.16	07:00:00	4994.89	5010.04	4989.32	5007.39	7358	0	4
2026.02.16	08:00:00	5007.41	5013.40	4995.87	5008.12	7388	0	4
2026.02.16	09:00:00	5008.10	5017.22	5007.95	5013.57	5911	0	5
2026.02.16	10:00:00	5013.51	5017.34	5000.51	5006.06	5959	0	5
2026.02.16	11:00:00	5006.00	5008.17	4999.10	5004.53	4787	0	5
2026.02.16	12:00:00	5004.51	5008.17	4993.15	5002.03	6281	0	5
2026.02.16	13:00:00	5002.19	5003.64	4989.80	4997.43	7180	0	5
2026.02.16	14:00:00	4997.42	4999.62	4981.81	4988.37	9282	0	5
2026.02.16	15:00:00	4988.35	4988.39	4969.14	4979.78	9700	0	5
2026.02.16	16:00:00	4979.75	4990.30	4973.09	4988.14	8179	0	5
2026.02.16	17:00:00	4988.21	4996.05	4988.16	4991.71	4242	0	5
2026.02.16	18:00:00	4991.98	4997.84	4988.88	4994.73	5710	0	5
2026.02.16	19:00:00	4994.71	4996.36	4990.60	4992.08	3367	0	5
2026.02.16	23:00:00	4997.40	5000.81	4985.42	4989.83	6237	0	5
2026.02.17	00:00:00	4989.86	4991.50	4931.90	4935.55	11801	0	5
2026.02.17	01:00:00	4935.68	4963.97	4923.13	4957.54	14748	0	4
2026.02.17	02:00:00	4957.79	4971.25	4954.62	4967.21	9334	0	4
2026.02.17	03:00:00	4967.19	4970.21	4950.19	4956.90	8677	0	4
2026.02.17	04:00:00	4956.84	4960.40	4946.73	4953.10	7075	0	4
2026.02.17	05:00:00	4953.12	4954.43	4858.54	4888.94	19370	0	4
2026.02.17	06:00:00	4889.02	4914.29	4886.67	4910.50	11505	0	4
2026.02.17	07:00:00	4910.49	4921.97	4903.97	4917.18	9637	0	4
2026.02.17	08:00:00	4917.09	4930.40	4916.38	4920.93	9273	0	4
2026.02.17	09:00:00	4920.68	4932.61	4913.68	4926.08	7827	0	4
2026.02.17	10:00:00	4926.02	4939.43	4907.84	4913.28	8097	0	4
2026.02.17	11:00:00	4913.33	4930.91	4913.25	4929.46	9272	0	4
2026.02.17	12:00:00	4929.45	4944.38	4928.40	4932.19	10780	0	4
2026.02.17	13:00:00	4932.20	4933.42	4870.23	4870.73	17976	0	4
2026.02.17	14:00:00	4870.84	4907.28	4839.93	4863.20	26319	0	4
2026.02.17	15:00:00	4863.82	4882.65	4849.39	4878.73	27571	0	4
2026.02.17	16:00:00	4878.60	4893.58	4868.75	4869.31	22424	0	2
2026.02.17	17:00:00	4869.28	4871.27	4850.41	4865.22	21372	0	3
2026.02.17	18:00:00	4865.23	4910.65	4862.55	4899.09	19770	0	3
2026.02.17	19:00:00	4899.07	4901.01	4876.65	4880.44	15774	0	3
2026.02.17	20:00:00	4880.43	4884.20	4873.48	4878.06	17325	0	3
2026.02.17	21:00:00	4878.04	4886.76	4875.26	4877.59	5565	0	3
2026.02.17	23:00:00	4865.81	4884.62	4854.22	4859.37	10405	0	3
2026.02.18	00:00:00	4859.36	4882.56	4858.49	4874.99	10946	0	3
2026.02.18	01:00:00	4874.92	4893.23	4874.58	4890.03	9881	0	3
2026.02.18	02:00:00	4889.90	4907.37	4886.53	4905.46	6681	0	3
2026.02.18	03:00:00	4905.73	4922.23	4904.53	4920.86	7130	0	3
2026.02.18	04:00:00	4920.88	4940.02	4918.43	4934.18	7458	0	3
2026.02.18	05:00:00	4934.26	4939.88	4930.03	4933.46	5841	0	2
2026.02.18	06:00:00	4933.71	4936.19	4925.22	4930.86	6962	0	2
2026.02.18	07:00:00	4930.89	4942.43	4929.18	4930.37	5400	0	2
2026.02.18	08:00:00	4930.49	4932.35	4916.88	4917.31	6146	0	2
2026.02.18	09:00:00	4917.29	4923.27	4913.09	4917.44	6395	0	2
2026.02.18	10:00:00	4917.21	4924.64	4909.52	4914.64	8452	0	2
2026.02.18	11:00:00	4914.59	4917.73	4906.53	4913.10	5728	0	2
2026.02.18	12:00:00	4913.16	4947.22	4912.15	4943.07	9398	0	2
2026.02.18	13:00:00	4943.08	4969.15	4943.08	4954.49	12750	0	2
2026.02.18	14:00:00	4954.54	4994.25	4952.36	4991.95	16942	0	4
2026.02.18	15:00:00	4991.87	5009.16	4991.76	4997.97	17264	0	4
2026.02.18	16:00:00	4997.93	5010.96	4991.49	5000.51	14373	0	4
2026.02.18	17:00:00	5000.55	5001.70	4993.57	4999.24	10346	0	4
2026.02.18	18:00:00	4999.23	5003.21	4980.67	4987.26	13819	0	4
2026.02.18	19:00:00	4987.31	4995.47	4973.07	4980.50	14767	0	3
2026.02.18	20:00:00	4980.70	4987.64	4975.61	4985.36	13637	0	3
2026.02.18	21:00:00	4985.20	4986.47	4975.80	4975.91	2537	0	3
2026.02.18	23:00:00	4967.45	4988.73	4966.47	4976.07	7828	0	2
2026.02.19	00:00:00	4975.93	4976.37	4960.81	4961.38	7651	0	3
2026.02.19	01:00:00	4961.40	4975.63	4960.86	4973.24	7447	0	3
2026.02.19	02:00:00	4973.13	4977.25	4965.92	4968.29	5741	0	3
2026.02.19	03:00:00	4968.02	4983.47	4966.42	4981.71	5614	0	3
2026.02.19	04:00:00	4981.67	4985.59	4977.10	4984.46	4183	0	3
2026.02.19	05:00:00	4984.41	4998.72	4984.37	4997.07	4526	0	3
2026.02.19	06:00:00	4997.06	5020.17	4996.83	5018.47	6201	0	3
2026.02.19	07:00:00	5018.45	5021.80	5008.94	5010.45	4769	0	3
2026.02.19	08:00:00	5010.43	5022.04	5006.44	5017.24	7127	0	3
2026.02.19	09:00:00	5017.47	5020.46	4993.41	4995.78	7291	0	3
2026.02.19	10:00:00	4995.71	4996.23	4981.70	4993.40	8014	0	3
2026.02.19	11:00:00	4993.42	4996.39	4978.16	4984.70	7019	0	2
2026.02.19	12:00:00	4985.09	4992.90	4980.70	4985.02	7692	0	2
2026.02.19	13:00:00	4985.05	4998.64	4973.03	4997.05	11325	0	2
2026.02.19	14:00:00	4997.09	5010.61	4963.94	5005.67	19791	0	2
2026.02.19	15:00:00	5005.66	5022.36	4996.32	5013.91	22139	0	2
2026.02.19	16:00:00	5013.93	5014.47	4990.55	4995.50	16518	0	2
2026.02.19	17:00:00	4995.34	5001.80	4983.06	4984.99	12460	0	2
2026.02.19	18:00:00	4984.85	4989.44	4975.42	4981.88	11582	0	2
2026.02.19	19:00:00	4981.87	4990.42	4978.51	4988.01	9408	0	2
2026.02.19	20:00:00	4988.03	5003.55	4988.01	5001.96	10834	0	2
2026.02.19	21:00:00	5001.95	5004.28	4992.16	4995.98	3988	0	2
2026.02.19	23:00:00	5000.40	5008.17	4985.75	4987.69	6306	0	2
2026.02.20	00:00:00	4987.73	5006.98	4985.56	5006.46	5534	0	2
2026.02.20	01:00:00	5006.50	5014.80	4995.45	4997.07	8395	0	2
2026.02.20	02:00:00	4997.08	5007.51	4992.95	4996.25	6025	0	2
2026.02.20	03:00:00	4996.01	4999.25	4981.82	4987.89	5933	0	2
2026.02.20	04:00:00	4987.50	5003.45	4986.82	4999.71	4198	0	2
2026.02.20	05:00:00	4999.82	5011.92	4998.00	5011.92	5314	0	2
2026.02.20	06:00:00	5011.90	5030.03	5011.90	5020.78	7754	0	2
2026.02.20	07:00:00	5020.82	5028.25	5006.23	5006.54	7529	0	2
2026.02.20	08:00:00	5006.39	5030.72	5005.18	5029.06	8775	0	2
2026.02.20	09:00:00	5029.05	5042.73	5027.61	5027.69	8662	0	2
2026.02.20	10:00:00	5027.70	5038.63	5019.80	5034.86	8116	0	2
2026.02.20	11:00:00	5034.81	5034.91	5015.68	5017.53	7646	0	2
2026.02.20	12:00:00	5017.50	5026.75	5007.30	5025.41	8733	0	2
2026.02.20	13:00:00	5025.40	5048.79	5018.37	5043.65	10897	0	2
2026.02.20	14:00:00	5043.54	5060.51	5037.37	5054.71	16176	0	2
2026.02.20	15:00:00	5054.55	5064.13	4989.49	5042.55	29606	0	2
2026.02.20	16:00:00	5042.56	5069.33	5038.95	5066.75	22561	0	2
2026.02.20	17:00:00	5066.73	5076.38	5054.63	5073.08	21235	0	2
2026.02.20	18:00:00	5073.01	5075.09	5054.40	5071.27	19157	0	2
2026.02.20	19:00:00	5071.30	5079.92	5068.92	5079.60	9425	0	2
2026.02.20	20:00:00	5079.61	5098.28	5076.95	5097.39	13302	0	2
2026.02.20	21:00:00	5097.42	5107.82	5091.83	5104.90	5832	0	2
2026.02.22	23:00:00	5117.13	5171.92	5117.12	5165.47	14821	0	2
2026.02.23	00:00:00	5165.07	5166.73	5129.66	5144.63	19273	0	4
2026.02.23	01:00:00	5144.87	5167.83	5140.17	5157.66	15502	0	4
2026.02.23	02:00:00	5157.45	5176.76	5156.77	5173.71	13374	0	4
2026.02.23	03:00:00	5173.75	5176.12	5152.38	5166.84	11245	0	4
2026.02.23	04:00:00	5166.86	5168.82	5155.52	5160.81	7834	0	8
2026.02.23	05:00:00	5160.84	5161.75	5152.34	5158.31	8295	0	8
2026.02.23	06:00:00	5158.34	5161.59	5145.19	5145.80	8771	0	8
2026.02.23	07:00:00	5145.81	5154.42	5125.21	5136.79	12209	0	8
2026.02.23	08:00:00	5136.73	5142.19	5122.28	5140.49	10758	0	4
2026.02.23	09:00:00	5140.48	5150.29	5139.22	5149.66	8542	0	4
2026.02.23	10:00:00	5149.75	5163.54	5145.24	5163.01	9555	0	4
2026.02.23	11:00:00	5163.16	5163.53	5146.78	5149.90	8230	0	5
2026.02.23	12:00:00	5149.91	5165.50	5145.68	5164.24	8846	0	5
2026.02.23	13:00:00	5164.17	5165.48	5143.86	5146.45	12121	0	5
2026.02.23	14:00:00	5146.44	5200.57	5141.63	5192.48	18469	0	5
2026.02.23	15:00:00	5192.58	5205.15	5180.80	5196.59	22287	0	3
2026.02.23	16:00:00	5196.34	5219.08	5175.93	5210.04	19087	0	3
2026.02.23	17:00:00	5210.11	5213.59	5191.15	5207.99	14805	0	3
2026.02.23	18:00:00	5208.03	5215.89	5201.10	5209.64	11389	0	3
2026.02.23	19:00:00	5209.61	5218.49	5206.77	5215.82	9802	0	3
2026.02.23	20:00:00	5215.52	5238.08	5215.05	5236.37	12592	0	3
2026.02.23	21:00:00	5236.44	5237.43	5226.59	5227.50	4792	0	3
2026.02.23	23:00:00	5234.31	5250.71	5234.31	5235.72	9979	0	3
2026.02.24	00:00:00	5235.79	5238.19	5218.32	5224.07	12917	0	3
2026.02.24	01:00:00	5224.06	5224.07	5145.34	5177.34	25545	0	3
2026.02.24	02:00:00	5177.56	5190.93	5165.63	5189.99	14347	0	3
2026.02.24	03:00:00	5189.85	5191.90	5171.46	5172.06	8926	0	3
2026.02.24	04:00:00	5171.96	5175.24	5161.18	5168.54	7506	0	3
2026.02.24	05:00:00	5168.14	5185.63	5164.37	5182.49	9178	0	3
2026.02.24	06:00:00	5182.52	5184.94	5156.71	5173.67	12173	0	3
2026.02.24	07:00:00	5173.63	5183.86	5164.16	5179.37	10239	0	3
2026.02.24	08:00:00	5179.36	5181.94	5165.18	5173.50	10405	0	3
2026.02.24	09:00:00	5173.51	5180.58	5166.47	5171.54	6974	0	4
2026.02.24	10:00:00	5171.48	5181.35	5163.34	5172.88	7574	0	4
2026.02.24	11:00:00	5172.89	5178.62	5171.01	5172.85	5783	0	4
2026.02.24	12:00:00	5172.72	5173.60	5146.22	5150.82	12320	0	4
2026.02.24	13:00:00	5150.76	5161.27	5111.25	5115.23	17469	0	4
2026.02.24	14:00:00	5115.16	5139.26	5094.21	5128.45	24733	0	4
2026.02.24	15:00:00	5128.67	5155.27	5118.12	5150.37	21071	0	5
2026.02.24	16:00:00	5150.55	5152.28	5131.12	5142.05	17097	0	5
2026.02.24	17:00:00	5142.03	5163.94	5141.87	5163.78	12302	0	5
2026.02.24	18:00:00	5163.77	5170.05	5153.67	5160.13	13026	0	5
2026.02.24	19:00:00	5160.09	5160.52	5146.63	5154.05	11869	0	5
2026.02.24	20:00:00	5154.17	5173.30	5146.68	5163.97	13711	0	5
2026.02.24	21:00:00	5164.24	5165.64	5140.45	5144.38	6710	0	5
2026.02.24	23:00:00	5151.82	5152.42	5125.79	5146.77	9165	0	5
2026.02.25	00:00:00	5146.75	5156.54	5136.94	5152.39	10293	0	5
2026.02.25	01:00:00	5152.37	5189.97	5144.30	5176.97	18147	0	5
2026.02.25	02:00:00	5176.96	5193.87	5166.76	5180.71	14664	0	5
2026.02.25	03:00:00	5181.21	5190.30	5178.31	5182.17	11862	0	5
2026.02.25	04:00:00	5181.98	5185.25	5172.95	5182.74	7139	0	5
2026.02.25	05:00:00	5182.89	5210.68	5182.89	5201.87	12086	0	5
2026.02.25	06:00:00	5201.84	5201.87	5182.52	5194.67	12663	0	5
2026.02.25	07:00:00	5194.66	5195.02	5180.51	5184.68	7140	0	5
2026.02.25	08:00:00	5184.70	5197.27	5184.14	5185.48	8829	0	4
2026.02.25	09:00:00	5185.47	5194.57	5176.78	5193.33	9233	0	4
2026.02.25	10:00:00	5193.36	5195.30	5170.44	5175.19	8213	0	4
2026.02.25	11:00:00	5175.17	5182.71	5155.09	5181.67	9274	0	4
2026.02.25	12:00:00	5181.52	5187.51	5177.48	5182.90	7921	0	4
2026.02.25	13:00:00	5182.84	5191.46	5181.18	5185.26	12227	0	4
2026.02.25	14:00:00	5185.13	5193.32	5159.00	5191.27	18111	0	4
2026.02.25	15:00:00	5191.26	5202.55	5172.85	5194.57	19474	0	4
2026.02.25	16:00:00	5194.86	5213.91	5189.80	5212.29	14334	0	4
2026.02.25	17:00:00	5212.27	5217.74	5203.60	5206.99	12148	0	4
2026.02.25	18:00:00	5207.01	5207.72	5200.84	5202.15	4067	0	4
2026.02.25	19:00:00	5202.10	5208.47	5191.84	5205.16	12045	0	4
2026.02.25	20:00:00	5205.13	5206.38	5146.04	5152.24	15636	0	4
2026.02.25	21:00:00	5152.20	5173.54	5150.49	5168.60	9553	0	4
2026.02.25	23:00:00	5171.76	5182.14	5161.60	5163.27	9897	0	4
2026.02.26	00:00:00	5163.30	5192.20	5155.57	5188.41	12330	0	4
2026.02.26	01:00:00	5188.33	5198.57	5178.63	5191.63	17917	0	4
2026.02.26	02:00:00	5191.64	5195.66	5174.25	5184.51	13932	0	4
2026.02.26	03:00:00	5184.50	5193.87	5183.05	5192.78	9605	0	4
2026.02.26	04:00:00	5192.77	5199.28	5190.31	5192.76	6491	0	4
2026.02.26	05:00:00	5192.80	5205.60	5190.31	5198.42	10347	0	4
2026.02.26	06:00:00	5198.44	5199.67	5190.47	5193.35	9832	0	4
2026.02.26	07:00:00	5193.34	5194.72	5179.79	5186.07	7814	0	4
2026.02.26	08:00:00	5186.17	5190.90	5168.06	5179.45	11625	0	4
2026.02.26	09:00:00	5179.11	5189.75	5173.99	5186.45	8387	0	4
2026.02.26	10:00:00	5186.46	5190.10	5166.20	5171.54	7831	0	4
2026.02.26	11:00:00	5171.55	5178.44	5161.16	5164.71	6487	0	4
2026.02.26	12:00:00	5164.70	5187.92	5157.94	5183.83	9834	0	4
2026.02.26	13:00:00	5183.85	5185.58	5164.32	5166.31	13870	0	4
2026.02.26	14:00:00	5166.30	5176.20	5140.22	5165.22	20439	0	4
2026.02.26	15:00:00	5164.93	5192.90	5130.62	5185.85	25829	0	4
2026.02.26	16:00:00	5185.88	5187.33	5173.05	5179.69	16982	0	4
2026.02.26	17:00:00	5179.77	5190.40	5162.08	5167.28	13635	0	4
2026.02.26	18:00:00	5167.54	5185.98	5160.84	5180.37	13178	0	4
2026.02.26	19:00:00	5180.45	5194.14	5179.84	5187.09	9084	0	4
2026.02.26	20:00:00	5186.84	5200.85	5186.84	5196.76	10795	0	4
2026.02.26	21:00:00	5196.69	5200.78	5183.06	5184.53	4218	0	4
2026.02.26	23:00:00	5180.87	5189.33	5174.92	5184.74	5489	0	4
2026.02.27	00:00:00	5184.72	5194.92	5170.26	5175.08	9125	0	4
2026.02.27	01:00:00	5175.31	5194.59	5166.98	5194.21	13960	0	4
2026.02.27	02:00:00	5194.16	5199.73	5173.66	5183.69	13528	0	4
2026.02.27	03:00:00	5183.70	5190.59	5181.28	5184.23	8881	0	4
2026.02.27	04:00:00	5184.17	5188.89	5181.02	5181.82	6136	0	4
2026.02.27	05:00:00	5181.80	5200.46	5181.59	5197.93	9355	0	4
2026.02.27	06:00:00	5197.92	5199.34	5185.08	5185.82	12523	0	4
2026.02.27	07:00:00	5185.76	5189.87	5175.80	5176.12	8804	0	4
2026.02.27	08:00:00	5176.49	5182.43	5174.43	5178.80	7491	0	4
2026.02.27	09:00:00	5178.79	5182.69	5172.32	5175.99	7169	0	4
2026.02.27	10:00:00	5176.08	5180.96	5168.89	5177.71	7373	0	4
2026.02.27	11:00:00	5177.70	5185.67	5172.70	5185.66	6004	0	4
2026.02.27	12:00:00	5185.72	5190.61	5183.07	5187.62	7960	0	4
2026.02.27	13:00:00	5187.59	5240.62	5186.86	5223.23	21417	0	4
2026.02.27	14:00:00	5223.04	5236.29	5213.97	5224.04	20498	0	4
2026.02.27	15:00:00	5223.83	5246.50	5214.94	5239.42	20419	0	4
2026.02.27	16:00:00	5239.43	5257.75	5222.15	5229.23	20307	0	4
2026.02.27	17:00:00	5229.28	5237.10	5220.78	5234.76	15712	0	4
2026.02.27	18:00:00	5234.83	5247.00	5222.60	5245.46	13918	0	4
2026.02.27	19:00:00	5245.15	5252.41	5240.18	5250.27	11513	0	4
2026.02.27	20:00:00	5250.29	5265.57	5248.62	5263.56	13060	0	4
2026.02.27	21:00:00	5263.58	5281.37	5257.19	5278.28	6623	0	4
2026.03.01	23:00:00	5362.19	5393.58	5328.72	5386.91	24301	0	4
2026.03.02	00:00:00	5387.10	5388.21	5341.09	5347.45	22709	0	11
2026.03.02	01:00:00	5347.32	5347.32	5303.28	5325.13	26306	0	15
2026.03.02	02:00:00	5325.09	5351.76	5317.24	5346.53	17311	0	15
2026.03.02	03:00:00	5346.54	5366.93	5344.48	5366.43	12475	0	15
2026.03.02	04:00:00	5366.42	5367.28	5345.48	5356.05	9164	0	15
2026.03.02	05:00:00	5356.06	5366.39	5340.95	5366.14	11283	0	9
2026.03.02	06:00:00	5366.17	5389.83	5363.76	5387.69	13662	0	9
2026.03.02	07:00:00	5387.64	5419.21	5385.09	5408.14	16434	0	5
2026.03.02	08:00:00	5408.13	5416.82	5391.37	5394.16	16862	0	5
2026.03.02	09:00:00	5394.40	5402.89	5386.11	5392.08	12651	0	5
2026.03.02	10:00:00	5392.15	5400.95	5379.24	5389.45	11729	0	5
2026.03.02	11:00:00	5389.50	5400.08	5375.42	5385.31	11506	0	5
2026.03.02	12:00:00	5385.14	5398.74	5379.02	5397.05	14353	0	5
2026.03.02	13:00:00	5397.07	5416.53	5382.16	5394.10	23468	0	5
2026.03.02	14:00:00	5394.08	5395.27	5306.92	5333.53	28796	0	5
2026.03.02	15:00:00	5333.43	5348.93	5308.29	5316.00	28869	0	5
2026.03.02	16:00:00	5315.97	5315.97	5260.96	5290.15	28063	0	5
2026.03.02	17:00:00	5290.17	5320.68	5287.03	5306.76	22428	0	5
2026.03.02	18:00:00	5306.89	5316.71	5289.67	5315.54	16553	0	5
2026.03.02	19:00:00	5315.53	5334.22	5313.94	5330.53	13637	0	5
2026.03.02	20:00:00	5330.61	5346.45	5328.42	5332.34	22292	0	5
2026.03.02	21:00:00	5332.56	5340.37	5321.83	5321.93	9019	0	5
2026.03.02	23:00:00	5333.23	5346.88	5329.56	5346.04	8199	0	5
2026.03.03	00:00:00	5346.07	5362.18	5337.04	5350.29	9941	0	5
2026.03.03	01:00:00	5350.43	5379.91	5338.19	5339.27	20050	0	5
2026.03.03	02:00:00	5339.26	5368.06	5333.16	5367.03	18033	0	5
2026.03.03	03:00:00	5367.04	5373.47	5359.21	5367.50	11149	0	5
2026.03.03	04:00:00	5367.44	5375.66	5359.48	5361.15	9580	0	5
2026.03.03	05:00:00	5361.18	5367.22	5305.54	5319.29	19292	0	5
2026.03.03	06:00:00	5319.30	5323.29	5279.47	5310.74	22238	0	5
2026.03.03	07:00:00	5310.72	5331.14	5306.19	5327.80	12386	0	7
2026.03.03	08:00:00	5327.57	5335.97	5290.28	5295.80	17291	0	7
2026.03.03	09:00:00	5295.83	5303.97	5226.28	5275.31	22950	0	5
2026.03.03	10:00:00	5275.32	5288.11	5238.50	5248.29	21518	0	5
2026.03.03	11:00:00	5248.26	5264.02	5074.88	5145.01	30102	0	5
2026.03.03	12:00:00	5144.91	5226.66	5138.63	5224.66	24534	0	5
2026.03.03	13:00:00	5224.69	5224.69	5128.28	5156.92	28653	0	5
2026.03.03	14:00:00	5156.80	5175.48	5016.34	5038.03	30262	0	5
2026.03.03	15:00:00	5038.29	5097.02	4996.21	5095.74	31437	0	5
2026.03.03	16:00:00	5095.97	5134.69	5090.71	5106.84	30047	0	5
2026.03.03	17:00:00	5106.85	5109.93	5065.49	5079.24	28065	0	5
2026.03.03	18:00:00	5079.34	5138.31	5079.18	5136.18	25438	0	5
2026.03.03	19:00:00	5136.08	5148.76	5099.56	5113.32	25176	0	5
2026.03.03	20:00:00	5113.36	5130.37	5086.05	5097.08	25180	0	5
2026.03.03	21:00:00	5097.04	5110.58	5083.51	5089.85	12579	0	5
2026.03.03	23:00:00	5090.91	5130.01	5084.35	5125.41	13630	0	5
2026.03.04	00:00:00	5125.40	5140.39	5105.79	5138.73	15190	0	5
2026.03.04	01:00:00	5138.79	5178.70	5138.79	5175.11	24387	0	5
2026.03.04	02:00:00	5175.12	5190.79	5154.02	5156.28	20844	0	5
2026.03.04	03:00:00	5156.32	5177.55	5141.44	5174.59	19286	0	5
2026.03.04	04:00:00	5174.63	5180.90	5151.99	5156.95	14529	0	5
2026.03.04	05:00:00	5156.94	5168.27	5152.24	5160.11	18801	0	5
2026.03.04	06:00:00	5160.12	5160.12	5120.26	5160.10	20128	0	5
2026.03.04	07:00:00	5159.92	5176.01	5158.55	5168.44	16064	0	5
2026.03.04	08:00:00	5168.41	5181.92	5147.76	5167.61	18380	0	5
2026.03.04	09:00:00	5167.59	5184.98	5159.23	5182.29	15757	0	5
2026.03.04	10:00:00	5182.30	5202.56	5179.75	5189.92	17936	0	5
2026.03.04	11:00:00	5189.93	5200.62	5187.77	5192.14	13143	0	5
2026.03.04	12:00:00	5192.20	5206.18	5156.77	5171.22	19782	0	5
2026.03.04	13:00:00	5171.33	5196.38	5167.58	5168.02	22489	0	5
2026.03.04	14:00:00	5167.99	5185.12	5138.92	5147.76	27279	0	5
2026.03.04	15:00:00	5147.73	5167.09	5131.47	5151.37	28764	0	5
2026.03.04	16:00:00	5151.44	5162.53	5138.39	5149.76	24471	0	5
2026.03.04	17:00:00	5149.56	5152.94	5120.44	5141.16	21706	0	5
2026.03.04	18:00:00	5141.12	5143.53	5109.17	5133.55	21422	0	5
2026.03.04	19:00:00	5133.82	5139.53	5123.43	5138.05	16199	0	5
2026.03.04	20:00:00	5137.97	5146.70	5123.73	5134.92	14493	0	5
2026.03.04	21:00:00	5135.04	5144.13	5129.76	5138.74	6395	0	5
2026.03.04	23:00:00	5148.26	5166.23	5145.00	5165.34	7620	0	5
2026.03.05	00:00:00	5165.28	5179.99	5159.56	5172.65	9497	0	5
2026.03.05	01:00:00	5172.66	5186.46	5167.71	5172.59	19840	0	5
2026.03.05	02:00:00	5172.41	5192.56	5171.64	5192.12	16805	0	5
2026.03.05	03:00:00	5192.13	5194.98	5178.45	5180.29	12013	0	5
2026.03.05	04:00:00	5180.30	5186.74	5166.40	5171.63	8660	0	5
2026.03.05	05:00:00	5171.64	5176.81	5148.40	5148.61	13193	0	5
2026.03.05	06:00:00	5148.68	5168.79	5121.07	5167.86	20188	0	5
2026.03.05	07:00:00	5167.70	5172.72	5159.01	5162.29	15277	0	5
2026.03.05	08:00:00	5162.03	5170.14	5137.78	5165.70	17562	0	5
2026.03.05	09:00:00	5165.69	5180.42	5153.54	5161.20	18764	0	5
2026.03.05	10:00:00	5161.15	5167.70	5146.36	5164.63	13482	0	5
2026.03.05	11:00:00	5164.66	5168.05	5157.03	5163.91	10364	0	5
2026.03.05	12:00:00	5163.90	5171.60	5161.14	5162.56	11226	0	5
2026.03.05	13:00:00	5162.59	5164.14	5082.26	5118.14	24651	0	5
2026.03.05	14:00:00	5118.11	5129.98	5090.74	5101.95	27072	0	5
2026.03.05	15:00:00	5102.14	5119.95	5061.27	5102.57	28898	0	5
2026.03.05	16:00:00	5102.58	5104.60	5054.36	5077.71	26264	0	5
2026.03.05	17:00:00	5077.70	5089.60	5055.20	5062.98	24110	0	5
2026.03.05	18:00:00	5062.94	5085.59	5051.21	5069.39	24502	0	5
2026.03.05	19:00:00	5069.42	5081.23	5055.78	5065.89	21016	0	5
2026.03.05	20:00:00	5065.99	5094.69	5061.76	5076.73	21530	0	5
2026.03.05	21:00:00	5076.63	5085.06	5072.14	5082.71	6093	0	5
2026.03.05	23:00:00	5084.20	5101.79	5082.02	5086.27	9528	0	5
2026.03.06	00:00:00	5086.16	5092.29	5074.32	5084.55	11736	0	5
2026.03.06	01:00:00	5084.38	5143.90	5066.72	5134.83	22010	0	5
2026.03.06	02:00:00	5134.72	5138.69	5122.22	5126.39	14359	0	5
2026.03.06	03:00:00	5126.40	5141.59	5124.46	5131.18	10415	0	5
2026.03.06	04:00:00	5131.19	5136.42	5126.50	5127.65	6289	0	5
2026.03.06	05:00:00	5127.57	5130.17	5114.24	5117.18	12432	0	5
2026.03.06	06:00:00	5117.30	5123.01	5109.29	5115.92	11741	0	5
2026.03.06	07:00:00	5115.75	5120.72	5105.75	5119.62	11554	0	5
2026.03.06	08:00:00	5119.65	5123.10	5096.41	5108.69	13137	0	5
2026.03.06	09:00:00	5109.29	5109.52	5083.54	5085.81	16630	0	5
2026.03.06	10:00:00	5085.80	5093.04	5075.82	5091.07	14708	0	5
2026.03.06	11:00:00	5091.08	5099.90	5062.92	5077.13	16104	0	5
2026.03.06	12:00:00	5077.20	5096.67	5076.36	5083.29	15751	0	5
2026.03.06	13:00:00	5083.30	5130.95	5065.56	5085.14	26409	0	5
2026.03.06	14:00:00	5085.10	5132.11	5081.39	5130.48	27767	0	5
2026.03.06	15:00:00	5130.47	5171.57	5128.33	5142.03	29221	0	5
2026.03.06	16:00:00	5141.94	5153.17	5126.10	5140.03	23904	0	5
2026.03.06	17:00:00	5140.01	5152.51	5128.98	5140.88	21877	0	5
2026.03.06	18:00:00	5140.77	5167.70	5138.82	5161.21	19257	0	5
2026.03.06	19:00:00	5161.20	5174.65	5156.70	5159.84	15181	0	5
2026.03.06	20:00:00	5159.86	5162.66	5149.67	5153.49	15535	0	5
2026.03.06	21:00:00	5153.37	5175.43	5150.98	5173.32	6145	0	5
2026.03.08	22:00:00	5164.94	5171.22	5104.25	5130.29	24926	0	5
2026.03.08	23:00:00	5130.23	5135.72	5044.73	5076.06	21087	0	5
2026.03.09	00:00:00	5076.13	5080.11	5028.69	5050.18	22618	0	5
2026.03.09	01:00:00	5050.03	5087.80	5014.80	5070.14	24933	0	5
2026.03.09	02:00:00	5070.25	5099.27	5055.59	5094.99	21305	0	5
2026.03.09	03:00:00	5094.84	5102.10	5081.69	5091.50	15212	0	5
2026.03.09	04:00:00	5091.48	5097.28	5085.39	5090.28	10184	0	5
2026.03.09	05:00:00	5090.27	5140.49	5081.06	5124.34	20601	0	5
2026.03.09	06:00:00	5124.31	5134.09	5097.21	5097.79	19886	0	5
2026.03.09	07:00:00	5097.85	5107.95	5088.66	5098.90	14976	0	5
2026.03.09	08:00:00	5098.93	5110.77	5087.34	5096.63	17477	0	5
2026.03.09	09:00:00	5096.61	5132.60	5095.27	5105.38	17290	0	5
2026.03.09	10:00:00	5105.39	5111.15	5084.13	5087.27	14331	0	5
2026.03.09	11:00:00	5087.57	5097.45	5079.64	5088.05	14003	0	5
2026.03.09	12:00:00	5088.07	5112.21	5088.07	5095.09	13506	0	5
2026.03.09	13:00:00	5095.23	5111.37	5067.43	5074.11	23835	0	5
2026.03.09	14:00:00	5074.09	5116.12	5061.09	5094.00	27064	0	5
2026.03.09	15:00:00	5093.94	5103.53	5079.64	5099.74	20715	0	5
2026.03.09	16:00:00	5099.76	5110.75	5094.88	5104.77	17017	0	5
2026.03.09	17:00:00	5104.66	5106.85	5089.16	5095.96	15916	0	5
2026.03.09	18:00:00	5095.64	5126.50	5092.52	5123.26	12552	0	5
2026.03.09	19:00:00	5123.35	5144.22	5118.44	5141.21	18905	0	5
2026.03.09	20:00:00	5141.48	5148.05	5134.39	5136.84	7684	0	5
2026.03.09	22:00:00	5140.15	5153.03	5117.69	5152.96	11469	0	5
2026.03.09	23:00:00	5152.98	5156.10	5135.94	5139.77	11074	0	5
2026.03.10	00:00:00	5139.74	5141.37	5125.12	5131.13	13223	0	5
2026.03.10	01:00:00	5130.91	5186.22	5124.74	5184.26	20666	0	5
2026.03.10	02:00:00	5184.33	5186.79	5163.87	5165.71	16532	0	5
2026.03.10	03:00:00	5165.86	5173.32	5155.83	5157.58	12972	0	5
2026.03.10	04:00:00	5157.67	5166.64	5154.53	5163.92	7709	0	5
2026.03.10	05:00:00	5163.91	5179.33	5163.85	5177.95	10271	0	7
2026.03.10	06:00:00	5177.93	5180.92	5172.01	5175.42	11629	0	6
2026.03.10	07:00:00	5175.45	5181.44	5158.72	5181.08	12288	0	6
2026.03.10	08:00:00	5181.11	5195.09	5175.08	5183.52	13920	0	6
2026.03.10	09:00:00	5183.63	5189.41	5180.68	5182.73	11106	0	6
2026.03.10	10:00:00	5182.69	5183.96	5156.59	5177.26	14265	0	6
2026.03.10	11:00:00	5177.39	5191.99	5171.84	5175.27	14451	0	6
2026.03.10	12:00:00	5175.26	5189.54	5162.54	5187.06	15881	0	6
2026.03.10	13:00:00	5187.03	5228.85	5186.37	5205.64	23570	0	6
2026.03.10	14:00:00	5206.05	5214.28	5185.57	5206.84	21648	0	6
2026.03.10	15:00:00	5206.86	5238.63	5203.44	5228.70	17876	0	6
2026.03.10	16:00:00	5228.78	5235.54	5222.71	5227.86	13541	0	6
2026.03.10	17:00:00	5227.85	5235.40	5223.58	5227.71	15237	0	6
2026.03.10	18:00:00	5227.70	5227.98	5161.01	5191.66	20891	0	6
2026.03.10	19:00:00	5191.70	5207.60	5179.77	5198.85	16748	0	6
2026.03.10	20:00:00	5198.89	5199.10	5191.73	5192.35	4953	0	6
2026.03.10	22:00:00	5188.57	5198.03	5183.33	5189.32	8758	0	6
2026.03.10	23:00:00	5189.36	5197.47	5187.84	5197.39	6204	0	6
2026.03.11	00:00:00	5197.40	5219.50	5186.93	5215.57	11364	0	6
2026.03.11	01:00:00	5215.47	5223.12	5208.65	5208.69	15196	0	6
2026.03.11	02:00:00	5208.61	5220.60	5194.17	5217.42	13320	0	6
2026.03.11	03:00:00	5217.29	5220.51	5199.42	5203.40	9344	0	6
2026.03.11	04:00:00	5203.41	5208.67	5199.52	5204.53	6082	0	6
2026.03.11	05:00:00	5204.59	5208.56	5191.30	5199.71	10825	0	6
2026.03.11	06:00:00	5199.77	5210.90	5191.66	5197.64	12458	0	6
2026.03.11	07:00:00	5197.43	5202.31	5184.67	5195.79	11756	0	6
2026.03.11	08:00:00	5195.82	5198.78	5175.51	5187.73	12769	0	6
2026.03.11	09:00:00	5187.72	5197.23	5179.81	5187.78	10966	0	6
2026.03.11	10:00:00	5187.77	5195.40	5177.36	5186.21	10186	0	5
2026.03.11	11:00:00	5186.16	5193.62	5175.91	5181.50	11685	0	5
2026.03.11	12:00:00	5181.43	5196.20	5166.62	5167.50	17866	0	5
2026.03.11	13:00:00	5167.46	5183.09	5149.53	5177.00	22934	0	5
2026.03.11	14:00:00	5176.98	5196.27	5174.28	5183.26	23887	0	5
2026.03.11	15:00:00	5183.34	5185.93	5164.23	5166.45	20298	0	5
2026.03.11	16:00:00	5166.44	5178.06	5163.83	5175.77	15482	0	5
2026.03.11	17:00:00	5175.74	5181.07	5155.08	5169.91	16012	0	5
2026.03.11	18:00:00	5169.92	5178.32	5169.36	5172.44	10764	0	5
2026.03.11	19:00:00	5172.59	5183.60	5169.34	5183.38	8587	0	5
2026.03.11	20:00:00	5183.37	5183.71	5175.07	5176.82	3699	0	5
2026.03.11	22:00:00	5179.73	5182.07	5129.97	5139.13	9193	0	5
2026.03.11	23:00:00	5139.15	5158.00	5133.18	5134.38	11295	0	5
2026.03.12	00:00:00	5134.40	5161.73	5125.64	5152.96	13034	0	5
2026.03.12	01:00:00	5153.02	5173.19	5151.72	5168.66	16187	0	5
2026.03.12	02:00:00	5168.58	5175.24	5145.81	5150.73	14503	0	5
2026.03.12	03:00:00	5150.74	5155.67	5147.37	5153.19	10214	0	5
2026.03.12	04:00:00	5153.26	5154.02	5140.55	5142.66	6397	0	5
2026.03.12	05:00:00	5142.65	5157.78	5137.25	5154.60	10888	0	5
2026.03.12	06:00:00	5154.58	5170.39	5147.43	5166.33	11737	0	5
2026.03.12	07:00:00	5166.18	5185.25	5164.55	5182.06	8964	0	5
2026.03.12	08:00:00	5182.07	5189.75	5175.94	5178.21	10270	0	5
2026.03.12	09:00:00	5178.26	5190.36	5174.48	5188.50	9445	0	5
2026.03.12	10:00:00	5188.49	5191.77	5176.49	5182.45	9253	0	5
2026.03.12	11:00:00	5182.44	5183.90	5172.85	5179.08	7951	0	5
2026.03.12	12:00:00	5179.36	5185.58	5163.87	5181.56	14356	0	5
2026.03.12	13:00:00	5180.86	5186.16	5146.20	5151.41	23017	0	5
2026.03.12	14:00:00	5151.35	5163.67	5138.46	5142.95	22518	0	5
2026.03.12	15:00:00	5142.94	5144.96	5109.86	5132.20	21980	0	5
2026.03.12	16:00:00	5132.21	5138.10	5121.21	5123.65	19084	0	5
2026.03.12	17:00:00	5123.55	5129.74	5102.66	5105.47	17009	0	5
2026.03.12	18:00:00	5105.33	5112.55	5090.99	5094.21	12994	0	5
2026.03.12	19:00:00	5094.24	5096.91	5079.61	5084.83	14560	0	5
2026.03.12	20:00:00	5084.73	5090.70	5055.17	5079.36	9762	0	5
2026.03.12	22:00:00	5074.41	5096.26	5074.25	5095.91	7197	0	5
2026.03.12	23:00:00	5095.94	5101.34	5089.19	5098.21	7921	0	5
2026.03.13	00:00:00	5098.19	5115.34	5097.53	5113.79	8070	0	5
2026.03.13	01:00:00	5113.81	5124.32	5108.86	5124.32	13698	0	5
2026.03.13	02:00:00	5124.40	5128.68	5110.75	5112.10	10826	0	5
2026.03.13	03:00:00	5112.09	5116.76	5106.41	5115.68	8776	0	5
2026.03.13	04:00:00	5115.59	5117.94	5102.74	5104.36	6513	0	5
2026.03.13	05:00:00	5104.34	5111.10	5098.48	5102.82	10621	0	5
2026.03.13	06:00:00	5102.92	5107.84	5085.78	5088.42	15275	0	5
2026.03.13	07:00:00	5088.40	5094.22	5071.78	5085.26	13459	0	4
2026.03.13	08:00:00	5085.00	5088.08	5061.65	5087.49	14843	0	4
2026.03.13	09:00:00	5087.44	5097.18	5083.36	5089.71	11159	0	4
2026.03.13	10:00:00	5089.70	5098.49	5080.09	5094.93	10641	0	4
2026.03.13	11:00:00	5095.17	5107.83	5086.24	5107.83	11031	0	4
2026.03.13	12:00:00	5107.78	5121.72	5104.45	5118.33	15881	0	4
2026.03.13	13:00:00	5118.35	5121.23	5096.83	5101.77	19679	0	4
2026.03.13	14:00:00	5101.78	5107.98	5036.34	5041.54	24129	0	4
2026.03.13	15:00:00	5041.65	5071.51	5032.16	5034.68	25120	0	4
2026.03.13	16:00:00	5034.44	5052.98	5019.17	5045.97	22287	0	4
2026.03.13	17:00:00	5045.96	5063.89	5043.52	5046.41	18114	0	4
2026.03.13	18:00:00	5046.42	5051.76	5036.20	5046.46	14093	0	4
2026.03.13	19:00:00	5046.45	5049.85	5009.79	5016.36	14803	0	4
2026.03.13	20:00:00	5016.34	5025.51	5012.54	5019.83	8009	0	4
2026.03.15	22:00:00	5014.99	5030.24	5000.38	5025.06	16101	0	4
2026.03.15	23:00:00	5024.52	5026.17	4967.73	4997.70	23790	0	4
2026.03.16	00:00:00	4997.68	5030.88	4996.88	5025.84	17457	0	4
2026.03.16	01:00:00	5026.07	5026.69	4982.72	5016.12	23924	0	4
2026.03.16	02:00:00	5016.10	5018.87	4997.87	5003.76	16219	0	4
2026.03.16	03:00:00	5003.74	5020.75	4998.20	5019.33	12627	0	4
2026.03.16	04:00:00	5019.31	5026.30	5012.43	5012.86	8075	0	4
2026.03.16	05:00:00	5012.85	5020.13	5003.32	5017.52	11646	0	4
2026.03.16	06:00:00	5017.45	5036.28	5005.68	5012.25	15930	0	4
2026.03.16	07:00:00	5012.27	5016.54	4991.96	4995.47	14319	0	4
2026.03.16	08:00:00	4995.63	5003.71	4985.03	4991.15	14992	0	4
2026.03.16	09:00:00	4991.10	4991.74	4972.89	4975.52	13684	0	4
2026.03.16	10:00:00	4975.49	4999.57	4970.18	4998.80	14597	0	6
2026.03.16	11:00:00	4998.79	5022.79	4992.91	4997.04	13555	0	6
2026.03.16	12:00:00	4997.05	5025.38	4994.41	5019.92	16050	0	6
2026.03.16	13:00:00	5019.93	5034.65	5013.89	5029.79	21283	0	6
2026.03.16	14:00:00	5029.80	5037.89	4988.08	4996.26	22522	0	6
2026.03.16	15:00:00	4996.08	5005.79	4983.93	4987.04	18294	0	6
2026.03.16	16:00:00	4987.05	4998.86	4974.22	4990.59	17220	0	6
2026.03.16	17:00:00	4992.98	5003.87	4984.01	4991.35	15385	0	6
2026.03.16	18:00:00	4991.41	5017.87	4990.04	5012.85	12391	0	6
2026.03.16	19:00:00	5012.81	5020.30	5008.26	5013.33	12391	0	6
2026.03.16	20:00:00	5012.97	5021.68	5004.80	5006.02	4930	0	6
2026.03.16	22:00:00	5009.84	5016.23	4998.58	5002.41	7415	0	6
2026.03.16	23:00:00	5002.40	5015.61	5001.97	5012.96	6744	0	6
2026.03.17	00:00:00	5012.98	5014.18	4998.46	5003.22	11187	0	6
2026.03.17	01:00:00	5002.97	5027.94	4994.83	5027.89	16497	0	6
2026.03.17	02:00:00	5027.86	5029.65	5019.96	5022.72	12295	0	6
2026.03.17	03:00:00	5022.65	5033.70	5020.63	5027.65	10207	0	6
2026.03.17	04:00:00	5027.63	5042.09	5026.36	5038.02	8659	0	6
2026.03.17	05:00:00	5037.98	5044.62	5020.18	5020.82	12864	0	6
2026.03.17	06:00:00	5020.74	5022.90	5005.25	5010.24	15536	0	4
2026.03.17	07:00:00	5010.25	5028.08	5009.05	5021.30	10076	0	4
2026.03.17	08:00:00	5021.27	5029.69	5018.49	5024.95	11129	0	4
2026.03.17	09:00:00	5024.96	5025.86	5010.13	5010.62	10862	0	4
2026.03.17	10:00:00	5010.60	5016.26	4992.12	5000.36	12672	0	4
2026.03.17	11:00:00	5000.37	5011.50	4997.12	5003.30	10339	0	4
2026.03.17	12:00:00	5003.28	5023.97	4999.44	5011.92	13653	0	4
2026.03.17	13:00:00	5011.90	5031.47	5005.51	5016.66	18223	0	4
2026.03.17	14:00:00	5016.68	5020.57	5003.04	5007.67	19374	0	4
2026.03.17	15:00:00	5007.62	5017.48	4973.85	4997.91	21707	0	4
2026.03.17	16:00:00	4998.11	5005.93	4991.71	5002.01	18117	0	4
2026.03.17	17:00:00	5001.94	5008.84	4996.53	5002.52	13943	0	4
2026.03.17	18:00:00	5002.53	5009.12	4999.88	5003.89	9477	0	4
2026.03.17	19:00:00	5003.85	5005.75	4996.52	5000.29	10609	0	4
2026.03.17	20:00:00	5000.31	5006.42	5000.00	5003.05	4223	0	4
2026.03.17	22:00:00	5003.76	5005.05	4993.38	4999.91	4872	0	4
2026.03.17	23:00:00	4999.90	5003.85	4998.96	5002.97	4522	0	4
2026.03.18	00:00:00	5003.06	5012.27	5000.30	5004.31	9156	0	4
2026.03.18	01:00:00	5004.32	5016.00	4991.44	4998.87	14553	0	4
2026.03.18	02:00:00	4998.76	5007.10	4990.67	4991.99	11738	0	4
2026.03.18	03:00:00	4991.96	4997.66	4986.32	4991.37	10500	0	4
2026.03.18	04:00:00	4991.35	4993.54	4981.84	4987.23	7472	0	4
2026.03.18	05:00:00	4987.22	5002.66	4984.77	4997.70	10886	0	4
2026.03.18	06:00:00	4997.54	5016.36	4996.39	5009.54	11368	0	4
2026.03.18	07:00:00	5009.52	5015.01	4990.48	4995.07	8526	0	4
2026.03.18	08:00:00	4995.11	4996.85	4977.43	4987.55	11124	0	4
2026.03.18	09:00:00	4987.52	4995.67	4984.82	4992.24	7624	0	4
2026.03.18	10:00:00	4992.25	4992.27	4958.95	4967.99	11368	0	4
2026.03.18	11:00:00	4967.96	4973.98	4925.17	4930.23	19915	0	4
2026.03.18	12:00:00	4930.21	4932.44	4870.79	4881.68	23978	0	4
2026.03.18	13:00:00	4881.64	4885.41	4834.37	4878.27	27835	0	4
2026.03.18	14:00:00	4878.02	4894.68	4856.79	4869.57	24081	0	4
2026.03.18	15:00:00	4869.60	4879.95	4861.13	4862.52	17824	0	4
2026.03.18	16:00:00	4862.53	4890.40	4860.93	4887.11	16486	0	4
2026.03.18	17:00:00	4887.01	4899.07	4883.95	4889.92	14918	0	4
2026.03.18	18:00:00	4889.97	4899.00	4852.49	4853.12	21056	0	4
2026.03.18	19:00:00	4853.06	4865.25	4839.10	4843.33	20209	0	4
2026.03.18	20:00:00	4843.26	4848.64	4807.06	4818.17	12069	0	4
2026.03.18	22:00:00	4831.89	4838.94	4804.31	4834.64	15243	0	4
2026.03.18	23:00:00	4834.70	4842.53	4828.29	4837.00	10682	0	4
2026.03.19	00:00:00	4837.01	4848.84	4835.68	4841.40	12882	0	4
2026.03.19	01:00:00	4841.63	4867.15	4833.01	4850.01	19710	0	4
2026.03.19	02:00:00	4850.00	4862.19	4841.63	4858.84	14953	0	4
2026.03.19	03:00:00	4858.81	4865.92	4850.92	4850.99	10900	0	4
2026.03.19	04:00:00	4850.96	4853.81	4845.81	4849.90	8304	0	4
2026.03.19	05:00:00	4849.88	4853.93	4827.11	4827.60	14190	0	4
2026.03.19	06:00:00	4827.61	4842.34	4747.41	4763.81	23541	0	4
2026.03.19	07:00:00	4763.84	4784.41	4727.54	4727.97	18765	0	3
2026.03.19	08:00:00	4728.00	4740.42	4686.98	4709.03	25204	0	3
2026.03.19	09:00:00	4709.37	4725.82	4687.91	4699.02	24924	0	3
2026.03.19	10:00:00	4698.99	4719.81	4666.77	4679.25	21686	0	3
2026.03.19	11:00:00	4679.21	4699.68	4651.75	4652.32	22029	0	3
2026.03.19	12:00:00	4652.07	4654.09	4531.56	4574.42	28161	0	3
2026.03.19	13:00:00	4574.35	4621.11	4502.53	4621.00	32834	0	3
2026.03.19	14:00:00	4621.41	4649.10	4581.27	4602.05	31888	0	3
2026.03.19	15:00:00	4601.92	4638.81	4566.30	4596.52	29792	0	3
2026.03.19	16:00:00	4596.45	4626.61	4576.90	4584.99	28546	0	5
2026.03.19	17:00:00	4585.03	4629.79	4574.12	4616.13	26150	0	5
2026.03.19	18:00:00	4615.80	4623.18	4596.18	4623.02	21711	0	5
2026.03.19	19:00:00	4623.05	4663.30	4623.04	4644.08	27776	0	5
2026.03.19	20:00:00	4644.09	4662.03	4643.03	4657.22	9639	0	5
2026.03.19	22:00:00	4657.59	4677.11	4636.32	4636.47	13029	0	5
2026.03.19	23:00:00	4636.48	4647.99	4634.22	4643.71	12751	0	5
2026.03.20	00:00:00	4643.68	4665.06	4642.24	4648.59	14654	0	5
2026.03.20	01:00:00	4648.31	4699.52	4639.61	4677.48	24102	0	5
2026.03.20	02:00:00	4677.50	4703.96	4670.62	4697.34	17589	0	5
2026.03.20	03:00:00	4698.07	4735.93	4693.33	4725.82	17375	0	5
2026.03.20	04:00:00	4725.83	4727.65	4715.59	4721.80	10024	0	5
2026.03.20	05:00:00	4721.81	4723.66	4685.82	4688.01	16745	0	5
2026.03.20	06:00:00	4688.60	4701.18	4661.44	4669.32	20658	0	4
2026.03.20	07:00:00	4669.31	4708.06	4668.09	4706.33	14131	0	4
2026.03.20	08:00:00	4706.35	4734.85	4684.95	4693.88	18037	0	4
2026.03.20	09:00:00	4693.89	4700.54	4659.95	4667.63	17344	0	4
2026.03.20	10:00:00	4667.70	4670.17	4638.37	4645.25	20662	0	4
2026.03.20	11:00:00	4645.24	4674.36	4637.15	4671.69	20218	0	5
2026.03.20	12:00:00	4671.70	4695.66	4661.96	4678.37	23945	0	5
2026.03.20	13:00:00	4678.48	4679.27	4612.97	4616.43	29707	0	5
2026.03.20	14:00:00	4616.56	4622.62	4548.21	4564.16	31159	0	4
2026.03.20	15:00:00	4564.17	4580.33	4540.83	4553.48	28791	0	4
2026.03.20	16:00:00	4553.49	4613.81	4552.15	4583.34	27136	0	4
2026.03.20	17:00:00	4583.35	4600.60	4554.59	4573.59	26220	0	4
2026.03.20	18:00:00	4573.58	4578.51	4477.44	4499.85	25500	0	4
2026.03.20	19:00:00	4499.93	4516.69	4485.54	4501.52	26773	0	4
2026.03.20	20:00:00	4501.56	4514.65	4493.99	4497.52	13203	0	4
2026.03.22	22:00:00	4475.14	4535.72	4472.20	4498.21	20651	0	4
2026.03.22	23:00:00	4498.22	4510.84	4452.64	4464.75	19258	0	4
2026.03.23	00:00:00	4464.77	4473.25	4320.22	4354.24	27896	0	4
2026.03.23	01:00:00	4354.21	4454.30	4330.72	4387.46	30871	0	4
2026.03.23	02:00:00	4387.50	4422.10	4355.00	4360.68	27198	0	4
2026.03.23	03:00:00	4360.62	4378.08	4334.94	4353.02	22852	0	4
2026.03.23	04:00:00	4353.01	4381.90	4350.08	4367.73	17397	0	4
2026.03.23	05:00:00	4367.51	4380.11	4302.55	4310.22	23625	0	4
2026.03.23	06:00:00	4310.05	4310.20	4163.33	4220.34	31362	0	4
2026.03.23	07:00:00	4220.31	4232.44	4098.90	4203.46	31941	0	4
2026.03.23	08:00:00	4203.95	4270.61	4203.48	4251.25	29527	0	4
2026.03.23	09:00:00	4251.24	4308.42	4223.81	4253.50	26939	0	4
2026.03.23	10:00:00	4253.45	4281.81	4241.29	4269.03	23736	0	4
2026.03.23	11:00:00	4269.04	4462.85	4269.04	4379.01	32342	0	4
2026.03.23	12:00:00	4379.05	4492.68	4336.98	4478.65	32328	0	4
2026.03.23	13:00:00	4478.67	4485.42	4401.86	4454.02	33000	0	4
2026.03.23	14:00:00	4454.27	4512.71	4453.68	4461.95	32526	0	4
2026.03.23	15:00:00	4462.27	4487.08	4351.26	4363.95	32694	0	4
2026.03.23	16:00:00	4363.85	4391.82	4352.68	4375.53	31851	0	4
2026.03.23	17:00:00	4375.57	4438.92	4371.00	4426.39	28888	0	4
2026.03.23	18:00:00	4426.38	4467.13	4402.62	4449.08	24759	0	4
2026.03.23	19:00:00	4449.07	4450.61	4393.22	4398.57	24017	0	4
2026.03.23	20:00:00	4397.96	4413.24	4382.90	4406.14	11054	0	4
2026.03.23	22:00:00	4417.54	4431.38	4359.25	4426.91	17436	0	4
2026.03.23	23:00:00	4426.51	4448.32	4422.00	4441.30	16124	0	5
2026.03.24	00:00:00	4441.27	4446.79	4331.59	4364.89	25788	0	5
2026.03.24	01:00:00	4365.03	4374.29	4308.10	4322.01	30350	0	5
2026.03.24	02:00:00	4322.11	4379.13	4306.02	4366.36	27720	0	5
2026.03.24	03:00:00	4366.35	4368.30	4335.24	4347.28	22630	0	5
2026.03.24	04:00:00	4347.27	4357.26	4326.75	4333.55	18268	0	5
2026.03.24	05:00:00	4333.50	4374.17	4319.93	4347.36	25170	0	5
2026.03.24	06:00:00	4347.42	4405.38	4343.07	4402.17	26958	0	4
2026.03.24	07:00:00	4402.08	4432.36	4399.90	4417.60	25257	0	4
2026.03.24	08:00:00	4417.57	4420.95	4391.42	4411.96	25147	0	4
2026.03.24	09:00:00	4411.99	4430.99	4396.06	4426.50	20932	0	4
2026.03.24	10:00:00	4426.65	4441.82	4414.80	4438.65	20003	0	4
2026.03.24	11:00:00	4438.81	4442.17	4374.60	4408.01	25148	0	4
2026.03.24	12:00:00	4408.06	4427.63	4362.51	4379.08	27841	0	4
2026.03.24	13:00:00	4379.10	4390.07	4351.67	4381.58	31392	0	4
2026.03.24	14:00:00	4381.54	4433.79	4380.78	4415.81	32243	0	4
2026.03.24	15:00:00	4416.07	4430.99	4396.48	4411.79	30354	0	4
2026.03.24	16:00:00	4411.59	4427.57	4402.69	4421.32	27330	0	4
2026.03.24	17:00:00	4421.31	4426.48	4372.61	4388.57	29686	0	4
2026.03.24	18:00:00	4388.64	4423.77	4384.08	4389.57	25491	0	4
2026.03.24	19:00:00	4389.66	4411.45	4388.81	4400.34	18848	0	4
2026.03.24	20:00:00	4400.35	4484.16	4397.47	4476.00	19221	0	5
2026.03.24	22:00:00	4474.04	4485.54	4456.18	4484.56	16108	0	5
2026.03.24	23:00:00	4484.53	4551.52	4472.64	4546.99	20368	0	4
2026.03.25	00:00:00	4547.00	4572.18	4537.58	4563.16	22135	0	4
2026.03.25	01:00:00	4563.19	4601.20	4552.58	4595.09	23498	0	4
2026.03.25	02:00:00	4595.19	4602.48	4579.91	4583.76	19976	0	4
2026.03.25	03:00:00	4583.75	4586.31	4567.79	4570.16	15367	0	4
2026.03.25	04:00:00	4570.15	4574.70	4565.67	4572.62	9449	0	4
2026.03.25	05:00:00	4572.65	4573.42	4549.49	4555.77	16220	0	4
2026.03.25	06:00:00	4555.78	4556.89	4533.20	4545.67	17711	0	4
2026.03.25	07:00:00	4545.65	4563.29	4537.05	4539.48	16187	0	4
2026.03.25	08:00:00	4539.49	4567.71	4535.91	4556.21	20181	0	4
2026.03.25	09:00:00	4556.17	4567.67	4527.91	4551.80	20549	0	4
2026.03.25	10:00:00	4551.88	4562.51	4551.26	4558.90	17516	0	4
2026.03.25	11:00:00	4558.91	4585.85	4556.20	4579.02	17865	0	4
2026.03.25	12:00:00	4578.99	4583.78	4522.15	4544.01	25330	0	4
2026.03.25	13:00:00	4544.15	4576.45	4541.03	4544.77	28357	0	4
2026.03.25	14:00:00	4544.78	4579.47	4533.23	4567.07	28932	0	4
2026.03.25	15:00:00	4567.22	4569.19	4525.15	4559.09	27134	0	4
2026.03.25	16:00:00	4559.11	4564.91	4545.41	4555.43	25328	0	4
2026.03.25	17:00:00	4555.44	4563.95	4542.90	4550.91	22449	0	4
2026.03.25	18:00:00	4550.77	4569.04	4530.96	4538.55	17079	0	4
2026.03.25	19:00:00	4538.32	4539.66	4487.24	4530.91	19756	0	4
2026.03.25	20:00:00	4531.08	4542.26	4494.88	4505.32	9786	0	4
2026.03.25	22:00:00	4513.99	4534.82	4505.80	4517.64	15391	0	4
2026.03.25	23:00:00	4517.69	4518.19	4489.06	4498.37	14607	0	4
2026.03.26	00:00:00	4498.34	4539.25	4498.31	4535.73	18413	0	4
2026.03.26	01:00:00	4535.75	4544.31	4522.55	4535.68	20203	0	4
2026.03.26	02:00:00	4535.69	4535.94	4505.80	4508.95	17236	0	4
2026.03.26	03:00:00	4508.91	4518.92	4500.17	4516.76	15318	0	4
2026.03.26	04:00:00	4516.88	4524.29	4511.75	4520.59	9920	0	4
2026.03.26	05:00:00	4520.57	4522.40	4439.14	4439.21	19825	0	4
2026.03.26	06:00:00	4439.11	4459.51	4415.88	4456.53	24983	0	4
2026.03.26	07:00:00	4456.57	4463.88	4439.11	4452.77	20537	0	4
2026.03.26	08:00:00	4452.71	4459.28	4413.28	4427.99	26487	0	4
2026.03.26	09:00:00	4427.94	4437.01	4414.74	4423.78	23672	0	4
2026.03.26	10:00:00	4423.79	4448.21	4417.22	4442.95	21792	0	4
2026.03.26	11:00:00	4442.97	4456.66	4419.27	4423.20	22086	0	4
2026.03.26	12:00:00	4423.14	4445.90	4416.69	4430.28	25095	0	4
2026.03.26	13:00:00	4429.84	4460.45	4420.61	4452.85	29351	0	4
2026.03.26	14:00:00	4452.88	4479.42	4437.54	4465.23	31046	0	4
2026.03.26	15:00:00	4465.21	4469.14	4433.92	4438.35	28239	0	4
2026.03.26	16:00:00	4438.16	4442.78	4367.14	4389.36	29009	0	4
2026.03.26	17:00:00	4389.37	4402.55	4377.40	4381.63	26601	0	4
2026.03.26	18:00:00	4381.46	4397.90	4368.10	4394.60	20649	0	4
2026.03.26	19:00:00	4394.65	4399.22	4359.19	4364.13	18767	0	4
2026.03.26	20:00:00	4364.08	4420.70	4351.25	4380.49	21104	0	4
2026.03.26	22:00:00	4383.54	4415.39	4379.86	4411.74	11100	0	4
2026.03.26	23:00:00	4411.50	4414.49	4390.14	4405.07	8494	0	4
2026.03.27	00:00:00	4405.16	4411.17	4375.59	4378.72	11753	0	4
2026.03.27	01:00:00	4378.71	4420.60	4377.43	4417.40	16028	0	4
2026.03.27	02:00:00	4417.42	4440.58	4417.18	4432.25	13083	0	4
2026.03.27	03:00:00	4432.08	4446.22	4421.31	4437.62	11094	0	4
2026.03.27	04:00:00	4437.74	4449.61	4431.57	4446.28	6617	0	4
2026.03.27	05:00:00	4446.24	4475.19	4440.54	4454.70	13157	0	4
2026.03.27	06:00:00	4454.68	4472.94	4451.75	4459.60	13662	0	4
2026.03.27	07:00:00	4459.71	4463.15	4442.93	4447.83	12078	0	4
2026.03.27	08:00:00	4447.81	4450.71	4423.82	4424.24	17308	0	4
2026.03.27	09:00:00	4424.23	4438.40	4420.93	4428.94	16269	0	4
2026.03.27	10:00:00	4428.92	4432.93	4411.11	4414.88	14454	0	4
2026.03.27	11:00:00	4414.89	4426.30	4404.41	4420.17	15837	0	4
2026.03.27	12:00:00	4420.15	4445.33	4412.75	4437.98	18715	0	4
2026.03.27	13:00:00	4438.01	4443.85	4413.67	4432.25	25766	0	4
2026.03.27	14:00:00	4431.89	4514.57	4430.82	4509.84	27801	0	4
2026.03.27	15:00:00	4509.89	4555.24	4501.94	4524.02	28297	0	4
2026.03.27	16:00:00	4524.04	4533.81	4505.62	4516.21	23128	0	4
2026.03.27	17:00:00	4516.20	4522.23	4486.57	4486.79	21844	0	4
2026.03.27	18:00:00	4486.75	4528.78	4486.74	4516.92	18173	0	4
2026.03.27	19:00:00	4516.91	4526.30	4500.90	4514.45	16501	0	4
2026.03.27	20:00:00	4514.40	4520.49	4491.08	4494.64	8853	0	4
2026.03.29	23:00:00	4511.39	4513.11	4479.68	4484.58	18031	0	4
2026.03.30	00:00:00	4484.63	4492.70	4444.00	4448.36	16287	0	4
2026.03.30	01:00:00	4448.54	4466.84	4419.53	4432.27	23113	0	4
2026.03.30	02:00:00	4432.29	4475.73	4432.22	4469.92	24334	0	4
2026.03.30	03:00:00	4469.79	4499.27	4459.01	4481.32	18940	0	4
2026.03.30	04:00:00	4481.29	4517.59	4478.98	4496.19	15378	0	4
2026.03.30	05:00:00	4496.21	4498.83	4486.53	4496.97	10555	0	4
2026.03.30	06:00:00	4496.96	4528.57	4496.95	4522.49	15957	0	4
2026.03.30	07:00:00	4522.52	4550.63	4517.15	4532.56	18125	0	4
2026.03.30	08:00:00	4532.60	4534.61	4515.81	4527.42	16854	0	4
2026.03.30	09:00:00	4527.39	4540.54	4525.15	4538.22	14051	0	4
2026.03.30	10:00:00	4538.25	4540.62	4523.89	4532.37	15531	0	4
2026.03.30	11:00:00	4532.78	4540.10	4527.82	4532.52	12116	0	4
2026.03.30	12:00:00	4532.51	4580.77	4525.60	4559.64	19356	0	4
2026.03.30	13:00:00	4559.68	4577.94	4545.64	4569.40	17839	0	4
2026.03.30	14:00:00	4569.42	4578.70	4516.96	4523.41	25196	0	4
2026.03.30	15:00:00	4523.48	4541.38	4512.46	4538.61	27583	0	4
2026.03.30	16:00:00	4538.69	4556.91	4524.90	4548.44	23283	0	4
2026.03.30	17:00:00	4548.43	4549.77	4532.40	4540.01	18853	0	4
2026.03.30	18:00:00	4539.95	4542.31	4511.48	4515.17	20890	0	4
2026.03.30	19:00:00	4515.19	4523.25	4498.37	4499.02	16625	0	4
2026.03.30	20:00:00	4499.03	4518.45	4493.18	4513.72	20120	0	4
2026.03.30	21:00:00	4513.70	4516.53	4501.15	4510.70	6487	0	4
2026.03.30	23:00:00	4516.22	4523.19	4502.37	4511.01	7664	0	4
2026.03.31	00:00:00	4510.81	4521.30	4492.70	4513.83	12345	0	4
2026.03.31	01:00:00	4513.82	4548.31	4482.86	4547.49	21741	0	4
2026.03.31	02:00:00	4547.50	4619.47	4532.23	4605.11	25778	0	4
2026.03.31	03:00:00	4605.14	4607.39	4565.82	4568.40	21136	0	4
2026.03.31	04:00:00	4568.41	4577.08	4550.48	4557.27	15158	0	3
2026.03.31	05:00:00	4557.28	4569.56	4557.22	4564.87	10925	0	3
2026.03.31	06:00:00	4564.81	4581.75	4548.09	4568.90	17049	0	3
2026.03.31	07:00:00	4568.89	4569.09	4553.46	4557.31	18388	0	3
2026.03.31	08:00:00	4557.30	4565.84	4543.53	4564.60	15021	0	3
2026.03.31	09:00:00	4564.66	4575.31	4560.63	4568.75	14918	0	3
2026.03.31	10:00:00	4569.01	4572.47	4550.38	4555.75	14103	0	3
2026.03.31	11:00:00	4555.70	4561.95	4529.68	4547.06	13905	0	3
2026.03.31	12:00:00	4547.12	4593.44	4541.37	4582.43	22008	0	3
2026.03.31	13:00:00	4582.46	4597.67	4569.15	4574.82	21697	0	3
2026.03.31	14:00:00	4574.98	4609.85	4567.99	4607.53	24156	0	3
2026.03.31	15:00:00	4607.58	4630.13	4595.15	4599.29	28731	0	3
2026.03.31	16:00:00	4599.18	4625.50	4599.17	4609.52	24583	0	3
2026.03.31	17:00:00	4609.51	4651.60	4607.13	4638.27	24467	0	3
2026.03.31	18:00:00	4638.46	4667.48	4636.49	4654.83	26271	0	3
2026.03.31	19:00:00	4654.75	4671.13	4653.68	4667.53	19555	0	3
2026.03.31	20:00:00	4667.54	4685.75	4661.90	4682.96	19475	0	3
2026.03.31	21:00:00	4682.91	4687.27	4664.37	4667.84	8223	0	3
2026.03.31	23:00:00	4678.82	4696.54	4661.86	4680.85	11148	0	3
2026.04.01	00:00:00	4680.90	4699.97	4672.07	4696.45	9702	0	3
2026.04.01	01:00:00	4696.41	4722.54	4693.63	4710.93	15962	0	3
2026.04.01	02:00:00	4710.99	4724.16	4681.47	4692.79	19915	0	3
2026.04.01	03:00:00	4692.78	4700.55	4678.15	4684.98	13934	0	3
2026.04.01	04:00:00	4684.97	4694.50	4679.80	4682.09	9870	0	3
2026.04.01	05:00:00	4682.03	4682.22	4667.14	4676.43	8396	0	3
2026.04.01	06:00:00	4676.44	4703.58	4674.96	4684.42	11869	0	3
2026.04.01	07:00:00	4684.41	4733.20	4682.78	4730.68	17288	0	3
2026.04.01	08:00:00	4730.67	4747.78	4709.79	4713.19	19523	0	3
2026.04.01	09:00:00	4713.15	4740.48	4710.73	4728.68	16678	0	3
2026.04.01	10:00:00	4728.70	4730.23	4713.21	4723.23	13423	0	3
2026.04.01	11:00:00	4723.26	4738.83	4715.35	4731.36	12361	0	3
2026.04.01	12:00:00	4731.38	4762.92	4728.39	4752.57	15111	0	3
2026.04.01	13:00:00	4752.59	4753.72	4724.41	4724.86	20747	0	5
2026.04.01	14:00:00	4724.85	4749.62	4716.39	4738.37	25874	0	6
2026.04.01	15:00:00	4738.32	4768.89	4724.36	4760.87	26846	0	6
2026.04.01	16:00:00	4760.86	4788.19	4758.48	4786.59	22497	0	6
2026.04.01	17:00:00	4786.66	4790.81	4774.37	4787.37	18456	0	6
2026.04.01	18:00:00	4787.17	4793.02	4773.87	4774.47	16549	0	6
2026.04.01	19:00:00	4774.44	4775.34	4742.28	4753.18	23242	0	6
2026.04.01	20:00:00	4753.23	4778.31	4751.31	4766.25	16775	0	6
2026.04.01	21:00:00	4766.24	4771.17	4754.40	4756.41	5922	0	6
2026.04.01	23:00:00	4759.15	4782.81	4752.20	4776.57	8068	0	6
2026.04.02	00:00:00	4776.65	4800.38	4773.71	4784.25	9086	0	6
2026.04.02	01:00:00	4784.26	4798.81	4775.29	4784.74	13292	0	6
2026.04.02	02:00:00	4784.42	4786.13	4651.37	4696.71	29128	0	6
2026.04.02	03:00:00	4696.59	4704.06	4655.60	4687.06	22105	0	6
2026.04.02	04:00:00	4687.09	4699.46	4676.03	4676.34	14094	0	6
2026.04.02	05:00:00	4676.41	4681.76	4657.29	4672.61	10612	0	6
2026.04.02	06:00:00	4672.63	4680.59	4585.74	4594.42	18394	0	6
2026.04.02	07:00:00	4594.44	4608.68	4554.04	4599.28	23291	0	6
2026.04.02	08:00:00	4599.29	4651.25	4597.34	4642.78	17972	0	6
2026.04.02	09:00:00	4642.94	4648.84	4617.08	4620.99	17538	0	6
2026.04.02	10:00:00	4620.97	4631.93	4613.38	4621.79	14069	0	6
2026.04.02	11:00:00	4621.85	4634.64	4604.15	4620.63	14339	0	6
2026.04.02	12:00:00	4620.62	4630.72	4592.89	4600.23	17272	0	6
2026.04.02	13:00:00	4600.25	4630.35	4594.72	4601.93	19762	0	6
2026.04.02	14:00:00	4601.92	4651.21	4580.96	4646.03	29795	0	6
2026.04.02	15:00:00	4646.10	4699.77	4631.74	4681.41	31007	0	6
2026.04.02	16:00:00	4681.44	4684.00	4652.61	4661.13	28942	0	6
2026.04.02	17:00:00	4661.17	4670.63	4643.08	4659.35	24193	0	6
2026.04.02	18:00:00	4659.34	4668.46	4646.02	4648.77	19594	0	6
2026.04.02	19:00:00	4649.01	4672.20	4647.62	4668.61	15007	0	6
2026.04.02	20:00:00	4668.64	4681.90	4661.61	4672.28	17212	0	6
2026.04.02	21:00:00	4672.26	4676.90	4664.45	4674.93	5502	0	6
2026.04.05	23:00:00	4636.75	4654.13	4608.91	4645.67	15130	0	6
2026.04.06	00:00:00	4645.68	4651.07	4605.43	4610.67	11107	0	6
2026.04.06	01:00:00	4610.69	4629.34	4600.91	4622.35	14932	0	6
2026.04.06	02:00:00	4622.42	4643.29	4620.71	4625.89	10993	0	6
2026.04.06	03:00:00	4625.91	4671.78	4623.83	4648.09	13437	0	6
2026.04.06	04:00:00	4648.08	4648.17	4625.55	4640.62	9939	0	6
2026.04.06	05:00:00	4640.63	4659.97	4640.14	4659.15	6227	0	6
2026.04.06	06:00:00	4659.23	4678.79	4651.49	4652.64	7919	0	6
2026.04.06	07:00:00	4652.67	4667.63	4643.70	4666.02	10278	0	4
2026.04.06	08:00:00	4666.04	4688.38	4645.16	4684.85	12998	0	4
2026.04.06	09:00:00	4684.82	4698.25	4682.45	4695.78	13126	0	4
2026.04.06	10:00:00	4695.80	4706.74	4690.99	4693.69	12651	0	4
2026.04.06	11:00:00	4693.70	4697.71	4685.00	4689.93	12228	0	4
2026.04.06	12:00:00	4690.15	4696.92	4677.14	4678.02	10990	0	4
2026.04.06	13:00:00	4678.08	4686.84	4659.87	4676.02	14376	0	4
2026.04.06	14:00:00	4676.08	4681.80	4660.17	4680.02	21754	0	4
2026.04.06	15:00:00	4680.00	4697.81	4660.35	4682.89	25248	0	4
2026.04.06	16:00:00	4682.92	4684.02	4652.17	4668.23	20189	0	4
2026.04.06	17:00:00	4668.42	4672.70	4657.75	4660.58	13704	0	4
2026.04.06	18:00:00	4660.44	4661.16	4646.04	4653.69	14786	0	4
2026.04.06	19:00:00	4653.67	4666.61	4648.97	4658.45	14057	0	4
2026.04.06	20:00:00	4658.42	4659.51	4645.69	4655.57	9640	0	4
2026.04.06	21:00:00	4655.65	4658.48	4648.54	4649.19	3680	0	4
2026.04.06	23:00:00	4663.36	4667.94	4656.77	4658.47	5427	0	4
2026.04.07	00:00:00	4658.62	4661.16	4651.59	4658.95	4445	0	4
2026.04.07	01:00:00	4658.94	4661.25	4649.19	4655.03	10152	0	4
2026.04.07	02:00:00	4655.01	4664.55	4616.61	4627.00	22830	0	4
2026.04.07	03:00:00	4627.20	4654.09	4619.92	4650.49	15031	0	4
2026.04.07	04:00:00	4650.50	4654.06	4639.73	4649.78	9362	0	4
2026.04.07	05:00:00	4649.74	4664.21	4645.69	4659.62	7513	0	4
2026.04.07	06:00:00	4660.02	4661.54	4623.35	4643.07	14195	0	4
2026.04.07	07:00:00	4643.15	4656.59	4637.98	4653.51	16250	0	4
2026.04.07	08:00:00	4653.53	4657.03	4636.92	4646.12	14074	0	3
2026.04.07	09:00:00	4646.13	4690.75	4644.29	4683.00	20676	0	4
2026.04.07	10:00:00	4682.74	4694.58	4658.98	4670.99	16459	0	4
2026.04.07	11:00:00	4670.95	4680.49	4649.39	4652.12	19601	0	4
2026.04.07	12:00:00	4652.13	4664.15	4629.14	4659.90	16333	0	4
2026.04.07	13:00:00	4659.91	4670.58	4647.06	4651.63	17597	0	4
2026.04.07	14:00:00	4651.67	4663.18	4635.82	4644.21	25318	0	4
2026.04.07	15:00:00	4644.10	4661.49	4607.58	4633.42	28012	0	4
2026.04.07	16:00:00	4633.32	4659.51	4624.92	4655.58	24235	0	4
2026.04.07	17:00:00	4655.65	4668.48	4652.73	4657.15	19714	0	4
2026.04.07	18:00:00	4657.18	4686.71	4653.99	4676.05	19194	0	4
2026.04.07	19:00:00	4676.02	4686.38	4657.64	4662.28	16920	0	4
2026.04.07	20:00:00	4662.26	4718.65	4660.98	4700.76	25665	0	4
2026.04.07	21:00:00	4700.94	4716.98	4697.45	4705.79	11943	0	4
2026.04.07	23:00:00	4742.55	4819.74	4713.80	4818.41	21545	0	4
2026.04.08	00:00:00	4818.27	4836.37	4802.06	4833.56	23332	0	4
2026.04.08	01:00:00	4833.51	4857.59	4808.76	4817.81	24265	0	5
2026.04.08	02:00:00	4817.91	4825.25	4788.29	4810.38	24010	0	5
2026.04.08	03:00:00	4810.36	4825.28	4798.72	4804.09	16435	0	5
2026.04.08	04:00:00	4804.10	4806.07	4795.23	4797.81	13062	0	5
2026.04.08	05:00:00	4797.82	4806.69	4790.37	4803.98	10239	0	5
2026.04.08	06:00:00	4803.86	4843.85	4800.46	4827.77	16077	0	5
2026.04.08	07:00:00	4827.70	4839.76	4820.06	4820.56	17947	0	5
2026.04.08	08:00:00	4820.08	4821.35	4805.39	4813.57	15545	0	4
2026.04.08	09:00:00	4813.58	4819.84	4790.56	4793.98	15456	0	4
2026.04.08	10:00:00	4793.93	4807.03	4776.44	4783.39	13332	0	4
2026.04.08	11:00:00	4783.38	4796.18	4771.46	4782.78	12737	0	4
2026.04.08	12:00:00	4782.76	4803.02	4778.15	4798.66	14825	0	4
2026.04.08	13:00:00	4798.68	4807.26	4768.26	4799.56	20205	0	4
2026.04.08	14:00:00	4799.48	4806.73	4768.34	4778.16	25564	0	4
2026.04.08	15:00:00	4777.77	4792.04	4732.61	4736.31	28550	0	4
2026.04.08	16:00:00	4736.25	4763.21	4734.42	4756.59	22813	0	4
2026.04.08	17:00:00	4756.60	4765.56	4745.48	4760.64	18817	0	4
2026.04.08	18:00:00	4760.50	4764.45	4731.90	4733.92	18901	0	4
2026.04.08	19:00:00	4733.84	4744.59	4703.88	4705.39	20267	0	4
2026.04.08	20:00:00	4705.38	4731.87	4699.82	4730.80	17296	0	4
2026.04.08	21:00:00	4730.76	4732.31	4717.28	4719.05	6291	0	4
2026.04.08	23:00:00	4728.28	4732.23	4704.71	4717.77	8468	0	4
2026.04.09	00:00:00	4717.72	4720.11	4705.53	4715.56	7994	0	4
2026.04.09	01:00:00	4715.76	4719.26	4698.83	4706.92	13481	0	4
2026.04.09	02:00:00	4706.78	4728.29	4699.72	4727.40	17892	0	4
2026.04.09	03:00:00	4727.44	4732.95	4717.84	4719.22	10531	0	4
2026.04.09	04:00:00	4719.12	4720.35	4705.33	4711.58	10738	0	4
2026.04.09	05:00:00	4711.66	4725.48	4709.80	4720.92	7263	0	4
2026.04.09	06:00:00	4720.95	4726.63	4705.97	4713.33	11869	0	4
2026.04.09	07:00:00	4713.29	4725.47	4703.64	4712.50	14713	0	4
2026.04.09	08:00:00	4712.54	4731.54	4705.74	4724.44	16533	0	4
2026.04.09	09:00:00	4724.45	4733.19	4719.96	4726.43	12437	0	4
2026.04.09	10:00:00	4726.27	4733.33	4723.05	4729.35	10129	0	4
2026.04.09	11:00:00	4729.32	4746.80	4723.82	4741.25	12507	0	4
2026.04.09	12:00:00	4741.24	4757.51	4738.55	4756.55	12947	0	4
2026.04.09	13:00:00	4756.59	4759.78	4735.04	4745.73	17119	0	4
2026.04.09	14:00:00	4745.77	4777.16	4738.88	4764.51	24279	0	4
2026.04.09	15:00:00	4764.48	4776.24	4747.37	4768.64	25060	0	4
2026.04.09	16:00:00	4768.78	4798.17	4761.39	4793.06	24861	0	4
2026.04.09	17:00:00	4793.01	4801.17	4784.49	4788.95	20215	0	4
2026.04.09	18:00:00	4788.94	4801.29	4786.81	4797.89	16869	0	4
2026.04.09	19:00:00	4797.88	4798.16	4767.95	4772.27	20274	0	4
2026.04.09	20:00:00	4772.29	4782.65	4767.24	4768.94	15030	0	4
2026.04.09	21:00:00	4768.97	4773.43	4761.02	4764.53	5467	0	4
2026.04.09	23:00:00	4771.18	4773.63	4758.88	4764.26	6181	0	4
2026.04.10	00:00:00	4764.29	4764.33	4757.01	4763.75	5779	0	4
2026.04.10	01:00:00	4763.97	4763.97	4750.82	4762.95	9453	0	4
2026.04.10	02:00:00	4762.96	4777.09	4758.04	4764.58	15864	0	4
2026.04.10	03:00:00	4764.62	4765.52	4738.08	4753.19	14302	0	4
2026.04.10	04:00:00	4753.18	4769.54	4753.06	4766.63	11090	0	4
2026.04.10	05:00:00	4766.72	4770.85	4757.97	4758.63	6491	0	4
2026.04.10	06:00:00	4758.62	4769.28	4757.41	4765.94	10039	0	4
2026.04.10	07:00:00	4765.93	4765.96	4742.93	4746.62	13037	0	4
2026.04.10	08:00:00	4746.56	4757.65	4741.41	4749.75	11659	0	4
2026.04.10	09:00:00	4749.77	4753.42	4730.86	4740.94	11734	0	4
2026.04.10	10:00:00	4740.95	4760.88	4740.85	4751.77	12850	0	4
2026.04.10	11:00:00	4751.68	4760.82	4742.33	4757.39	9637	0	4
2026.04.10	12:00:00	4757.25	4769.02	4753.37	4768.41	9840	0	4
2026.04.10	13:00:00	4768.53	4782.41	4759.91	4771.93	17648	0	4
2026.04.10	14:00:00	4771.86	4780.41	4765.51	4775.15	21987	0	4
2026.04.10	15:00:00	4775.16	4795.22	4767.57	4774.85	24299	0	4
2026.04.10	16:00:00	4774.88	4787.40	4755.36	4762.56	22203	0	4
2026.04.10	17:00:00	4762.40	4766.21	4747.67	4763.87	18519	0	4
2026.04.10	18:00:00	4763.90	4768.68	4758.25	4760.36	15104	0	4
2026.04.10	19:00:00	4760.34	4773.25	4751.11	4765.34	13579	0	4
2026.04.10	20:00:00	4765.39	4770.52	4758.30	4759.75	11344	0	4
2026.04.10	21:00:00	4759.76	4760.02	4741.19	4748.48	6533	0	4
2026.04.12	23:00:00	4669.76	4684.28	4643.01	4659.11	15398	0	4
2026.04.13	00:00:00	4659.14	4671.74	4644.56	4671.61	9428	0	4
2026.04.13	01:00:00	4671.53	4698.58	4664.73	4695.60	11496	0	4
2026.04.13	02:00:00	4695.53	4728.28	4693.79	4721.37	16882	0	4
2026.04.13	03:00:00	4721.34	4728.00	4711.29	4720.64	10448	0	4
2026.04.13	04:00:00	4720.52	4724.01	4712.30	4718.12	6297	0	4
2026.04.13	05:00:00	4718.11	4724.98	4708.76	4723.08	5872	0	4
2026.04.13	06:00:00	4723.09	4730.84	4716.44	4729.52	8387	0	4
2026.04.13	07:00:00	4729.48	4732.79	4720.93	4725.69	10756	0	4
2026.04.13	08:00:00	4726.01	4740.08	4724.84	4733.78	13571	0	4
2026.04.13	09:00:00	4733.68	4738.70	4720.21	4723.57	13202	0	4
2026.04.13	10:00:00	4723.55	4728.75	4710.59	4714.78	11805	0	4
2026.04.13	11:00:00	4714.75	4724.04	4708.36	4722.19	10682	0	4
2026.04.13	12:00:00	4722.13	4729.17	4703.81	4706.83	14210	0	4
2026.04.13	13:00:00	4706.85	4725.16	4703.84	4723.60	17495	0	4
2026.04.13	14:00:00	4723.83	4744.68	4721.44	4730.71	23394	0	4
2026.04.13	15:00:00	4730.67	4731.44	4708.77	4719.12	22285	0	4
2026.04.13	16:00:00	4719.15	4719.88	4700.46	4714.58	21333	0	4
2026.04.13	17:00:00	4714.51	4746.22	4709.38	4733.08	22496	0	4
2026.04.13	18:00:00	4733.09	4750.14	4725.61	4730.03	16867	0	4
2026.04.13	19:00:00	4730.06	4740.73	4723.45	4738.51	14153	0	4
2026.04.13	20:00:00	4738.49	4747.52	4730.75	4741.21	14039	0	4
2026.04.13	21:00:00	4741.19	4744.16	4738.29	4740.60	3928	0	4
2026.04.13	23:00:00	4750.22	4759.67	4745.87	4758.12	6808	0	4
2026.04.14	00:00:00	4758.01	4765.84	4754.58	4757.72	9336	0	4
2026.04.14	01:00:00	4757.69	4776.05	4751.76	4769.95	13553	0	4
2026.04.14	02:00:00	4769.91	4776.97	4761.90	4765.10	17671	0	4
2026.04.14	03:00:00	4765.08	4777.22	4762.21	4775.24	12224	0	4
2026.04.14	04:00:00	4775.23	4775.62	4765.83	4767.95	9132	0	4
2026.04.14	05:00:00	4768.01	4776.98	4767.11	4774.20	6332	0	4
2026.04.14	06:00:00	4774.23	4774.32	4758.07	4760.15	13282	0	4
2026.04.14	07:00:00	4760.16	4783.11	4760.16	4782.16	14082	0	4
2026.04.14	08:00:00	4782.26	4796.12	4768.07	4777.34	18916	0	4
2026.04.14	09:00:00	4777.16	4790.02	4774.31	4786.87	14378	0	4
2026.04.14	10:00:00	4786.90	4789.36	4771.86	4778.26	12651	0	4
2026.04.14	11:00:00	4778.29	4788.12	4751.21	4768.53	12235	0	4
2026.04.14	12:00:00	4768.52	4782.99	4766.99	4774.99	14465	0	4
2026.04.14	13:00:00	4775.06	4777.63	4762.37	4771.40	18958	0	4
2026.04.14	14:00:00	4771.41	4803.46	4771.18	4794.96	25090	0	4
2026.04.14	15:00:00	4794.72	4817.92	4793.09	4803.87	24436	0	4
2026.04.14	16:00:00	4803.74	4816.28	4791.27	4808.17	22344	0	4
2026.04.14	17:00:00	4808.18	4820.44	4805.15	4810.18	17436	0	4
2026.04.14	18:00:00	4810.19	4841.10	4809.50	4835.09	16634	0	4
2026.04.14	19:00:00	4835.12	4843.51	4831.12	4835.79	16376	0	4
2026.04.14	20:00:00	4835.70	4846.43	4835.70	4845.16	12510	0	4
2026.04.14	21:00:00	4845.01	4846.28	4839.63	4840.10	4305	0	4
2026.04.14	23:00:00	4838.32	4850.59	4833.31	4835.11	7994	0	4
2026.04.15	00:00:00	4835.14	4844.31	4833.76	4837.34	10075	0	4
2026.04.15	01:00:00	4837.26	4840.25	4827.21	4835.52	13145	0	4
2026.04.15	02:00:00	4835.51	4871.25	4828.30	4847.16	21462	0	4
2026.04.15	03:00:00	4847.14	4853.46	4820.75	4823.94	19292	0	4
2026.04.15	04:00:00	4823.96	4829.70	4816.94	4824.06	13475	0	4
2026.04.15	05:00:00	4824.12	4827.88	4820.49	4825.01	9374	0	4
2026.04.15	06:00:00	4825.08	4830.52	4812.77	4819.71	16084	0	4
2026.04.15	07:00:00	4819.73	4825.06	4811.34	4811.91	16976	0	4
2026.04.15	08:00:00	4811.76	4817.05	4804.14	4811.18	15100	0	4
2026.04.15	09:00:00	4811.26	4821.06	4804.74	4818.61	13524	0	4
2026.04.15	10:00:00	4818.62	4819.66	4787.04	4798.24	17528	0	4
2026.04.15	11:00:00	4798.16	4805.38	4790.61	4800.13	16300	0	4
2026.04.15	12:00:00	4800.15	4814.96	4795.65	4812.68	15149	0	4
2026.04.15	13:00:00	4812.58	4816.29	4807.09	4811.72	15868	0	4
2026.04.15	14:00:00	4811.67	4830.24	4808.63	4828.99	23777	0	4
2026.04.15	15:00:00	4828.91	4830.57	4813.64	4815.61	22568	0	4
2026.04.15	16:00:00	4815.62	4816.25	4787.16	4801.75	23245	0	4
2026.04.15	17:00:00	4801.73	4812.79	4800.22	4804.03	18791	0	4
2026.04.15	18:00:00	4804.04	4808.76	4790.85	4792.60	16704	0	4
2026.04.15	19:00:00	4792.61	4802.14	4790.37	4799.87	15308	0	5
2026.04.15	20:00:00	4799.79	4803.46	4794.57	4795.90	12432	0	5
2026.04.15	21:00:00	4795.88	4796.73	4787.52	4790.75	4699	0	5
2026.04.15	23:00:00	4796.82	4812.06	4791.02	4807.67	6687	0	5
2026.04.16	00:00:00	4807.64	4826.78	4807.59	4823.44	7548	0	5
2026.04.16	01:00:00	4823.37	4837.67	4820.85	4833.18	10942	0	5
2026.04.16	02:00:00	4833.12	4836.40	4811.41	4818.08	15648	0	5
2026.04.16	03:00:00	4818.09	4825.09	4812.49	4819.81	12825	0	5
2026.04.16	04:00:00	4819.72	4827.18	4819.18	4824.16	8749	0	5
2026.04.16	05:00:00	4824.13	4833.57	4823.02	4833.11	6513	0	5
2026.04.16	06:00:00	4833.12	4838.39	4821.23	4821.37	12333	0	5
2026.04.16	07:00:00	4821.33	4830.70	4814.48	4826.13	15527	0	5
2026.04.16	08:00:00	4826.35	4830.99	4817.30	4821.12	14960	0	5
2026.04.16	09:00:00	4821.11	4821.97	4806.72	4813.82	14919	0	5
2026.04.16	10:00:00	4813.83	4818.11	4806.99	4812.94	10875	0	5
2026.04.16	11:00:00	4812.95	4817.32	4805.22	4817.27	10441	0	5
2026.04.16	12:00:00	4817.33	4822.52	4815.64	4822.23	11361	0	5
2026.04.16	13:00:00	4822.22	4823.17	4811.71	4816.28	14068	0	5
2026.04.16	14:00:00	4816.42	4824.02	4785.02	4795.50	22067	0	5
2026.04.16	15:00:00	4795.14	4805.47	4773.15	4788.80	26257	0	5
2026.04.16	16:00:00	4788.79	4813.04	4788.37	4807.04	21674	0	5
2026.04.16	17:00:00	4807.05	4810.29	4785.22	4792.08	18294	0	5
2026.04.16	18:00:00	4792.15	4795.47	4781.45	4789.28	17515	0	5
2026.04.16	19:00:00	4789.26	4794.21	4785.79	4789.58	18072	0	5
2026.04.16	20:00:00	4789.59	4798.68	4789.58	4793.80	14497	0	5
2026.04.16	21:00:00	4793.83	4793.93	4786.43	4789.66	3723	0	5
2026.04.16	23:00:00	4791.69	4798.08	4790.92	4795.34	6772	0	5
2026.04.17	00:00:00	4795.30	4797.87	4791.86	4792.18	6733	0	5
2026.04.17	01:00:00	4791.81	4801.26	4785.99	4794.90	10632	0	5
2026.04.17	02:00:00	4794.88	4795.57	4767.77	4789.54	18093	0	5
2026.04.17	03:00:00	4789.53	4794.78	4784.55	4784.81	11271	0	5
2026.04.17	04:00:00	4784.64	4798.02	4784.64	4793.32	10117	0	5
2026.04.17	05:00:00	4793.31	4804.70	4792.72	4803.19	6282	0	5
2026.04.17	06:00:00	4803.09	4806.31	4793.85	4794.32	11765	0	5
2026.04.17	07:00:00	4794.30	4795.30	4779.39	4785.13	14207	0	5
2026.04.17	08:00:00	4785.06	4794.89	4778.80	4784.42	11920	0	5
2026.04.17	09:00:00	4784.43	4797.00	4781.12	4795.98	12035	0	5
2026.04.17	10:00:00	4795.97	4800.96	4790.05	4790.47	11111	0	5
2026.04.17	11:00:00	4790.48	4794.02	4782.46	4787.47	9908	0	5
2026.04.17	12:00:00	4787.48	4811.74	4783.62	4799.19	9099	0	5
2026.04.17	13:00:00	4799.29	4847.79	4797.84	4846.59	17782	0	5
2026.04.17	14:00:00	4846.42	4889.74	4835.04	4880.29	29863	0	5
2026.04.17	15:00:00	4880.33	4885.53	4860.87	4873.28	24532	0	5
2026.04.17	16:00:00	4873.21	4880.56	4854.93	4867.53	23486	0	5
2026.04.17	17:00:00	4867.55	4873.48	4863.71	4867.11	14445	0	5
2026.04.17	18:00:00	4867.10	4869.64	4854.05	4862.56	17612	0	5
2026.04.17	19:00:00	4862.58	4868.11	4856.12	4858.30	16019	0	5
2026.04.17	20:00:00	4858.29	4861.48	4852.83	4854.71	14847	0	5
2026.04.17	21:00:00	4854.65	4855.27	4829.81	4832.31	9567	0	5
2026.04.19	23:00:00	4773.28	4794.89	4769.91	4779.43	13849	0	4
2026.04.20	00:00:00	4779.44	4779.55	4737.02	4755.16	17137	0	4
2026.04.20	01:00:00	4755.20	4774.32	4744.98	4772.75	17859	0	5
2026.04.20	02:00:00	4772.69	4814.42	4771.55	4807.79	21546	0	5
2026.04.20	03:00:00	4807.85	4809.10	4793.22	4797.41	17387	0	5
2026.04.20	04:00:00	4797.40	4798.39	4788.88	4790.95	13417	0	5
2026.04.20	05:00:00	4790.93	4795.81	4787.31	4788.98	8615	0	5
2026.04.20	06:00:00	4789.03	4796.11	4779.85	4790.98	16168	0	5
2026.04.20	07:00:00	4790.97	4795.54	4783.93	4795.54	16897	0	5
2026.04.20	08:00:00	4796.04	4805.83	4786.98	4789.77	16438	0	5
2026.04.20	09:00:00	4789.64	4796.26	4786.17	4796.16	12210	0	5
2026.04.20	10:00:00	4796.17	4797.88	4783.56	4791.71	10406	0	5
2026.04.20	11:00:00	4791.69	4801.08	4789.94	4795.89	8679	0	5
2026.04.20	12:00:00	4795.88	4810.91	4786.66	4810.50	11772	0	3
2026.04.20	13:00:00	4810.59	4822.17	4799.24	4803.56	17511	0	3
2026.04.20	14:00:00	4803.53	4826.36	4799.85	4817.94	24296	0	3
2026.04.20	15:00:00	4817.93	4827.63	4792.51	4805.42	25962	0	3
2026.04.20	16:00:00	4805.44	4809.52	4792.94	4799.78	24196	0	3
2026.04.20	17:00:00	4799.84	4806.43	4792.92	4805.65	16045	0	3
2026.04.20	18:00:00	4805.74	4812.29	4803.98	4806.77	11414	0	3
2026.04.20	19:00:00	4806.74	4816.58	4806.74	4814.17	9831	0	3
2026.04.20	20:00:00	4814.08	4821.48	4810.50	4814.37	8284	0	3
2026.04.20	21:00:00	4814.44	4821.60	4812.32	4820.27	4702	0	3
2026.04.20	23:00:00	4827.33	4833.23	4820.22	4827.76	9826	0	3
2026.04.21	00:00:00	4827.64	4831.98	4819.89	4821.89	6845	0	3
2026.04.21	01:00:00	4821.88	4830.70	4816.95	4824.09	12978	0	3
2026.04.21	02:00:00	4824.33	4824.58	4805.79	4810.23	17108	0	3
2026.04.21	03:00:00	4810.26	4810.47	4802.61	4806.92	12773	0	3
2026.04.21	04:00:00	4806.95	4807.75	4792.70	4797.27	11787	0	3
2026.04.21	05:00:00	4797.26	4797.95	4788.82	4789.17	7723	0	3
2026.04.21	06:00:00	4789.21	4797.05	4783.24	4784.23	12849	0	3
2026.04.21	07:00:00	4784.24	4790.81	4774.74	4778.86	16173	0	4
2026.04.21	08:00:00	4778.84	4792.71	4772.81	4785.94	11775	0	4
2026.04.21	09:00:00	4786.03	4792.93	4774.87	4786.10	14298	0	4
2026.04.21	10:00:00	4786.07	4789.66	4781.21	4783.68	11937	0	4
2026.04.21	11:00:00	4783.71	4790.51	4780.83	4789.87	8887	0	4
2026.04.21	12:00:00	4789.86	4798.04	4775.48	4794.71	13286	0	4
2026.04.21	13:00:00	4794.70	4797.05	4766.73	4778.92	19008	0	4
2026.04.21	14:00:00	4778.91	4794.37	4761.00	4779.20	25085	0	4
2026.04.21	15:00:00	4779.15	4782.67	4723.75	4738.99	26862	0	4
2026.04.21	16:00:00	4739.04	4757.58	4727.87	4741.69	26761	0	4
2026.04.21	17:00:00	4741.71	4746.70	4708.34	4711.22	22516	0	4
2026.04.21	18:00:00	4711.13	4722.12	4697.03	4711.12	24672	0	4
2026.04.21	19:00:00	4711.10	4714.82	4692.51	4709.35	19787	0	4
2026.04.21	20:00:00	4709.37	4715.29	4668.60	4679.21	22891	0	4
2026.04.21	21:00:00	4679.34	4718.86	4669.14	4718.40	14851	0	4
2026.04.21	23:00:00	4723.73	4729.07	4715.64	4719.57	6077	0	4
2026.04.22	00:00:00	4719.46	4740.60	4718.16	4738.09	7564	0	4
2026.04.22	01:00:00	4738.07	4747.52	4738.06	4740.04	10442	0	4
2026.04.22	02:00:00	4739.92	4754.82	4735.95	4752.28	12990	0	4
2026.04.22	03:00:00	4752.30	4758.77	4750.11	4755.85	7852	0	4
2026.04.22	04:00:00	4755.76	4765.07	4753.04	4758.29	7159	0	4
2026.04.22	05:00:00	4758.32	4759.70	4752.18	4754.64	5361	0	4
2026.04.22	06:00:00	4754.70	4772.22	4752.25	4767.73	10187	0	4
2026.04.22	07:00:00	4767.81	4768.02	4758.95	4767.75	8371	0	4
2026.04.22	08:00:00	4767.83	4772.43	4759.67	4760.57	9118	0	4
2026.04.22	09:00:00	4760.66	4762.34	4751.94	4757.11	9560	0	4
2026.04.22	10:00:00	4756.87	4762.56	4752.52	4755.38	9032	0	4
2026.04.22	11:00:00	4755.34	4760.14	4745.88	4759.28	9159	0	4
2026.04.22	12:00:00	4759.54	4760.89	4747.94	4750.45	9030	0	4
2026.04.22	13:00:00	4750.42	4760.35	4742.98	4744.34	12850	0	4
2026.04.22	14:00:00	4744.42	4760.99	4736.48	4753.01	21261	0	4
2026.04.22	15:00:00	4752.71	4757.52	4730.15	4736.02	21831	0	4
2026.04.22	16:00:00	4736.06	4740.21	4725.10	4727.76	18407	0	3
2026.04.22	17:00:00	4728.25	4735.01	4723.97	4728.80	13240	0	4
2026.04.22	18:00:00	4728.78	4739.58	4728.65	4737.17	11735	0	4
2026.04.22	19:00:00	4737.20	4749.97	4730.03	4741.76	9398	0	4
2026.04.22	20:00:00	4741.77	4745.52	4736.90	4740.14	10884	0	4
2026.04.22	21:00:00	4740.23	4740.59	4734.56	4739.07	4740	0	4
2026.04.22	23:00:00	4742.89	4744.13	4725.79	4726.03	6605	0	4
2026.04.23	00:00:00	4726.08	4729.97	4723.61	4727.90	6870	0	4
2026.04.23	01:00:00	4727.88	4753.71	4694.35	4748.26	21605	0	4
2026.04.23	02:00:00	4748.24	4749.96	4722.65	4723.42	18504	0	4
2026.04.23	03:00:00	4723.35	4724.79	4698.38	4698.96	20362	0	4
2026.04.23	04:00:00	4698.97	4708.73	4698.26	4703.99	16777	0	4
2026.04.23	05:00:00	4703.92	4707.15	4698.78	4704.47	9519	0	4
2026.04.23	06:00:00	4704.49	4715.32	4692.90	4713.69	15401	0	4
2026.04.23	07:00:00	4713.66	4721.24	4708.61	4712.96	14728	0	4
2026.04.23	08:00:00	4712.97	4720.60	4703.24	4719.23	15103	0	4
2026.04.23	09:00:00	4719.24	4724.94	4702.00	4703.40	14375	0	4
2026.04.23	10:00:00	4703.31	4703.79	4694.83	4697.66	14691	0	4
2026.04.23	11:00:00	4697.58	4701.77	4684.38	4696.67	14995	0	4
2026.04.23	12:00:00	4696.81	4720.99	4695.58	4720.76	14367	0	4
2026.04.23	13:00:00	4720.75	4743.19	4720.03	4740.16	20789	0	4
2026.04.23	14:00:00	4740.15	4741.24	4724.32	4724.42	21788	0	4
2026.04.23	15:00:00	4724.44	4736.69	4717.19	4733.64	24133	0	4
2026.04.23	16:00:00	4733.67	4741.04	4716.50	4720.52	20037	0	3
2026.04.23	17:00:00	4720.50	4737.16	4715.79	4732.97	17909	0	3
2026.04.23	18:00:00	4733.11	4734.59	4664.36	4709.37	30606	0	3
2026.04.23	19:00:00	4709.40	4722.50	4699.45	4701.19	23807	0	3
2026.04.23	20:00:00	4701.14	4704.44	4689.56	4696.08	20385	0	3
2026.04.23	21:00:00	4696.06	4698.27	4686.62	4692.62	7785	0	3
2026.04.23	23:00:00	4695.54	4699.28	4690.11	4693.38	6693	0	3
2026.04.24	00:00:00	4693.36	4700.84	4686.91	4695.47	8992	0	3
2026.04.24	01:00:00	4695.42	4708.01	4690.96	4704.73	15512	0	3
2026.04.24	02:00:00	4704.69	4711.23	4690.38	4699.42	18333	0	3
2026.04.24	03:00:00	4699.61	4700.72	4673.17	4676.79	17249	0	3
2026.04.24	04:00:00	4676.82	4678.39	4668.72	4672.23	14379	0	3
2026.04.24	05:00:00	4672.27	4677.05	4657.90	4674.59	11939	0	3
2026.04.24	06:00:00	4674.73	4687.38	4669.73	4686.54	13807	0	3
2026.04.24	07:00:00	4686.52	4688.22	4666.89	4672.01	15750	0	3
2026.04.24	08:00:00	4671.86	4695.33	4671.05	4694.57	11843	0	3
2026.04.24	09:00:00	4694.60	4697.49	4685.17	4690.82	14126	0	3
2026.04.24	10:00:00	4690.86	4696.78	4679.39	4682.13	13383	0	3
2026.04.24	11:00:00	4682.12	4686.30	4674.71	4677.86	11288	0	4
2026.04.24	12:00:00	4677.89	4717.43	4677.89	4706.89	20304	0	4
2026.04.24	13:00:00	4706.90	4711.88	4690.47	4700.80	18100	0	4
2026.04.24	14:00:00	4700.77	4717.49	4689.80	4711.20	23572	0	4
2026.04.24	15:00:00	4711.51	4740.37	4707.11	4726.42	25766	0	4
2026.04.24	16:00:00	4726.43	4733.31	4714.97	4727.29	22387	0	4
2026.04.24	17:00:00	4727.19	4729.73	4719.24	4726.86	18285	0	4
2026.04.24	18:00:00	4726.90	4729.99	4719.08	4723.42	16233	0	4
2026.04.24	19:00:00	4723.48	4724.94	4716.92	4722.85	14446	0	4
2026.04.24	20:00:00	4722.84	4726.12	4713.77	4717.16	14166	0	4
2026.04.24	21:00:00	4716.74	4717.50	4705.44	4707.65	6682	0	4
2026.04.26	23:00:00	4696.80	4696.80	4679.82	4684.65	9618	0	4
2026.04.27	00:00:00	4684.64	4685.02	4675.03	4680.12	7201	0	4
2026.04.27	01:00:00	4680.19	4698.37	4672.28	4697.90	13616	0	4
2026.04.27	02:00:00	4697.89	4709.70	4690.94	4702.74	20658	0	4
2026.04.27	03:00:00	4702.80	4723.43	4696.47	4718.32	16265	0	4
2026.04.27	04:00:00	4718.31	4729.49	4714.53	4724.26	12873	0	4
2026.04.27	05:00:00	4724.12	4730.05	4722.82	4724.92	8677	0	4
2026.04.27	06:00:00	4725.00	4725.49	4708.79	4710.14	12365	0	4
2026.04.27	07:00:00	4710.13	4715.71	4709.36	4712.87	13344	0	4
2026.04.27	08:00:00	4712.57	4718.36	4710.13	4713.41	12992	0	4
2026.04.27	09:00:00	4713.44	4714.76	4705.53	4706.89	10093	0	4
2026.04.27	10:00:00	4706.92	4708.31	4699.42	4703.71	7429	0	4
2026.04.27	11:00:00	4703.80	4710.99	4699.65	4708.93	6375	0	4
2026.04.27	12:00:00	4708.94	4709.22	4700.20	4704.92	8302	0	4
2026.04.27	13:00:00	4705.14	4712.63	4696.91	4699.24	14703	0	4
2026.04.27	14:00:00	4699.31	4703.50	4689.40	4696.23	21938	0	4
2026.04.27	15:00:00	4696.11	4696.79	4676.67	4678.17	23211	0	4
2026.04.27	16:00:00	4678.21	4682.62	4667.27	4670.11	20517	0	4
2026.04.27	17:00:00	4670.07	4679.57	4667.34	4676.78	13757	0	4
2026.04.27	18:00:00	4676.90	4686.18	4668.36	4682.25	16040	0	4
2026.04.27	19:00:00	4682.26	4685.51	4679.04	4680.75	13664	0	4
2026.04.27	20:00:00	4680.74	4682.78	4676.72	4680.74	11572	0	4
2026.04.27	21:00:00	4680.78	4681.53	4677.58	4679.56	3440	0	4
2026.04.27	23:00:00	4683.28	4691.30	4681.92	4688.03	5915	0	4
2026.04.28	00:00:00	4688.01	4695.18	4687.42	4692.02	5248	0	4
2026.04.28	01:00:00	4692.18	4701.35	4690.66	4690.76	11072	0	4
2026.04.28	02:00:00	4690.71	4691.64	4669.53	4670.79	15899	0	4
2026.04.28	03:00:00	4670.81	4679.84	4666.65	4669.18	13066	0	4
2026.04.28	04:00:00	4669.16	4675.96	4668.50	4671.05	10407	0	4
2026.04.28	05:00:00	4671.07	4671.30	4666.81	4667.75	7302	0	4
2026.04.28	06:00:00	4667.80	4668.11	4623.95	4632.28	17405	0	4
2026.04.28	07:00:00	4632.24	4643.02	4623.36	4629.03	17638	0	4
2026.04.28	08:00:00	4629.00	4639.47	4620.70	4633.28	15780	0	4
2026.04.28	09:00:00	4633.32	4635.43	4614.80	4629.74	16173	0	4
2026.04.28	10:00:00	4629.70	4630.12	4604.78	4604.99	13705	0	4
2026.04.28	11:00:00	4604.98	4616.53	4603.34	4603.35	11339	0	4
2026.04.28	12:00:00	4603.37	4608.87	4555.58	4562.86	20688	0	4
2026.04.28	13:00:00	4562.85	4600.11	4555.02	4593.91	22857	0	4
2026.04.28	14:00:00	4593.89	4594.62	4570.97	4580.49	25525	0	4
2026.04.28	15:00:00	4580.45	4580.67	4557.37	4574.68	27649	0	4
2026.04.28	16:00:00	4574.63	4586.57	4567.01	4586.54	24406	0	4
2026.04.28	17:00:00	4586.61	4594.91	4577.91	4592.31	18738	0	4
2026.04.28	18:00:00	4592.30	4601.54	4587.37	4594.76	17050	0	3
2026.04.28	19:00:00	4594.84	4600.50	4592.19	4594.32	13741	0	3
2026.04.28	20:00:00	4594.35	4600.04	4593.39	4595.68	12623	0	3
2026.04.28	21:00:00	4595.67	4598.73	4591.28	4596.08	6097	0	3
2026.04.28	23:00:00	4597.31	4599.09	4592.55	4594.20	3673	0	3
2026.04.29	00:00:00	4594.26	4596.31	4588.05	4595.66	5828	0	3
2026.04.29	01:00:00	4595.70	4610.38	4595.20	4600.30	12424	0	3
2026.04.29	02:00:00	4600.33	4600.52	4576.29	4584.92	19250	0	3
2026.04.29	03:00:00	4584.93	4604.24	4584.93	4593.69	15233	0	3
2026.04.29	04:00:00	4593.76	4603.36	4592.34	4595.53	10594	0	3
2026.04.29	05:00:00	4595.63	4605.75	4595.38	4604.91	7489	0	3
2026.04.29	06:00:00	4604.84	4607.78	4590.83	4591.11	11511	0	3
2026.04.29	07:00:00	4591.10	4598.82	4580.86	4584.64	14786	0	3
2026.04.29	08:00:00	4584.61	4588.97	4567.39	4567.93	16516	0	3
2026.04.29	09:00:00	4567.92	4576.86	4557.33	4573.23	17032	0	4
2026.04.29	10:00:00	4573.33	4580.84	4551.75	4555.97	16006	0	4
2026.04.29	11:00:00	4555.93	4576.67	4555.20	4570.03	13309	0	4
2026.04.29	12:00:00	4570.01	4572.09	4559.25	4561.88	13835	0	4
2026.04.29	13:00:00	4561.76	4569.09	4542.35	4544.96	17419	0	4
2026.04.29	14:00:00	4544.97	4553.35	4510.19	4521.77	25059	0	4
2026.04.29	15:00:00	4521.76	4542.61	4517.91	4539.47	25463	0	4
2026.04.29	16:00:00	4539.48	4558.94	4536.33	4547.66	23561	0	3
2026.04.29	17:00:00	4547.74	4564.97	4543.41	4545.53	20859	0	3
2026.04.29	18:00:00	4545.54	4554.39	4541.70	4546.43	17552	0	3
2026.04.29	19:00:00	4546.59	4552.80	4518.42	4538.19	23967	0	3
2026.04.29	20:00:00	4538.25	4550.75	4533.34	4546.99	18032	0	4
2026.04.29	21:00:00	4547.03	4553.82	4541.46	4543.10	13478	0	4
2026.04.29	23:00:00	4542.86	4552.81	4539.00	4552.15	6440	0	4
2026.04.30	00:00:00	4552.14	4562.05	4549.73	4561.76	6823	0	4
2026.04.30	01:00:00	4561.90	4574.23	4556.53	4569.94	16370	0	4
2026.04.30	02:00:00	4569.85	4582.55	4564.80	4579.20	17550	0	4
2026.04.30	03:00:00	4579.01	4581.94	4560.07	4564.99	14828	0	4
2026.04.30	04:00:00	4564.82	4569.17	4555.81	4556.19	11963	0	4
2026.04.30	05:00:00	4556.02	4557.03	4540.93	4542.16	14025	0	4
2026.04.30	06:00:00	4542.10	4569.86	4542.03	4562.68	14732	0	4
2026.04.30	07:00:00	4562.66	4591.62	4560.24	4589.58	16836	0	4
2026.04.30	08:00:00	4589.59	4605.52	4584.92	4598.48	15800	0	4
2026.04.30	09:00:00	4598.52	4629.76	4597.41	4616.23	18843	0	4
2026.04.30	10:00:00	4616.34	4631.86	4614.37	4625.20	17962	0	4
2026.04.30	11:00:00	4625.21	4646.94	4623.79	4639.80	18528	0	4
2026.04.30	12:00:00	4640.27	4645.06	4626.99	4630.24	19894	0	4
2026.04.30	13:00:00	4630.29	4640.16	4624.68	4639.68	17776	0	4
2026.04.30	14:00:00	4639.90	4646.01	4610.77	4611.08	23813	0	3
2026.04.30	15:00:00	4610.98	4626.04	4609.57	4619.83	28291	0	3
2026.04.30	16:00:00	4619.84	4625.51	4611.38	4615.43	22720	0	3
2026.04.30	17:00:00	4615.39	4617.83	4605.46	4607.66	15951	0	3
2026.04.30	18:00:00	4607.69	4621.63	4607.68	4616.95	16369	0	3
2026.04.30	19:00:00	4617.14	4625.29	4616.86	4622.54	14123	0	3
2026.04.30	20:00:00	4622.55	4627.48	4614.55	4617.23	14374	0	3
2026.04.30	21:00:00	4617.18	4621.61	4615.58	4620.15	8478	0	3
2026.04.30	23:00:00	4628.16	4632.88	4624.90	4630.47	5313	0	3
2026.05.01	00:00:00	4630.41	4634.19	4626.53	4626.57	5670	0	3
2026.05.01	01:00:00	4626.54	4631.22	4618.63	4619.84	11293	0	3
2026.05.01	02:00:00	4619.62	4622.33	4614.14	4620.96	9053	0	3
2026.05.01	03:00:00	4620.79	4635.96	4616.40	4619.22	9043	0	3
2026.05.01	04:00:00	4619.10	4632.11	4617.85	4626.73	7135	0	3
2026.05.01	05:00:00	4626.74	4628.80	4609.20	4609.20	7515	0	3
2026.05.01	06:00:00	4609.21	4616.20	4603.00	4604.99	7678	0	3
2026.05.01	07:00:00	4604.97	4607.88	4590.86	4594.96	11567	0	3
2026.05.01	08:00:00	4594.86	4598.16	4575.96	4578.25	12766	0	3
2026.05.01	09:00:00	4578.44	4582.61	4565.22	4568.71	11591	0	3
2026.05.01	10:00:00	4568.83	4573.01	4560.33	4563.00	9754	0	3
2026.05.01	11:00:00	4563.02	4576.12	4561.48	4567.04	8034	0	3
2026.05.01	12:00:00	4567.00	4579.69	4562.61	4578.79	10905	0	3
2026.05.01	13:00:00	4578.55	4607.93	4575.02	4591.24	16919	0	3
2026.05.01	14:00:00	4590.98	4628.86	4586.69	4625.76	19968	0	3
2026.05.01	15:00:00	4626.25	4660.26	4625.62	4632.25	26886	0	3
2026.05.01	16:00:00	4632.20	4648.14	4619.17	4643.35	20892	0	3
2026.05.01	17:00:00	4643.33	4650.10	4634.10	4638.93	18030	0	3
2026.05.01	18:00:00	4638.91	4642.74	4627.02	4629.57	13961	0	3
2026.05.01	19:00:00	4629.51	4630.66	4613.89	4624.43	14591	0	3
2026.05.01	20:00:00	4624.56	4627.80	4608.95	4610.02	12262	0	3
2026.05.01	21:00:00	4610.80	4617.45	4607.13	4613.22	5938	0	3
2026.05.03	23:00:00	4625.24	4629.48	4612.23	4618.97	6952	0	3
2026.05.04	00:00:00	4619.00	4620.95	4611.49	4613.96	7056	0	3
2026.05.04	01:00:00	4613.78	4616.58	4602.07	4613.10	13747	0	3
2026.05.04	02:00:00	4613.03	4614.07	4592.83	4613.16	12652	0	3
2026.05.04	03:00:00	4613.08	4618.67	4591.16	4605.96	11921	0	3
2026.05.04	04:00:00	4605.89	4617.16	4598.59	4615.12	10870	0	3
2026.05.04	05:00:00	4615.13	4615.50	4605.37	4606.12	8704	0	3
2026.05.04	06:00:00	4606.14	4613.17	4592.41	4599.21	11738	0	3
2026.05.04	07:00:00	4599.09	4600.84	4583.84	4588.64	13339	0	3
2026.05.04	08:00:00	4588.66	4593.44	4578.14	4579.10	13503	0	3
2026.05.04	09:00:00	4579.08	4581.72	4573.86	4577.12	14547	0	3
2026.05.04	10:00:00	4577.03	4584.68	4572.32	4575.55	9924	0	3
2026.05.04	11:00:00	4575.53	4575.98	4526.19	4562.60	23130	0	3
2026.05.04	12:00:00	4562.82	4570.79	4551.59	4559.92	16271	0	4
2026.05.04	13:00:00	4560.48	4579.39	4559.34	4568.52	16012	0	4
2026.05.04	14:00:00	4568.41	4575.67	4555.74	4564.10	21401	0	4
2026.05.04	15:00:00	4564.07	4583.22	4553.59	4561.53	23402	0	4
2026.05.04	16:00:00	4561.58	4566.14	4514.04	4521.65	27793	0	4
2026.05.04	17:00:00	4521.80	4526.95	4500.85	4510.75	24699	0	4
2026.05.04	18:00:00	4511.23	4531.63	4510.87	4522.37	18901	0	4
2026.05.04	19:00:00	4522.41	4525.39	4509.94	4516.38	15185	0	4
2026.05.04	20:00:00	4516.40	4527.24	4511.50	4517.56	15151	0	4
2026.05.04	21:00:00	4517.80	4523.08	4511.88	4523.07	5645	0	4
2026.05.04	23:00:00	4523.88	4524.21	4515.66	4517.59	4214	0	4
2026.05.05	00:00:00	4517.46	4521.64	4516.14	4519.08	4556	0	4
2026.05.05	01:00:00	4519.09	4530.49	4513.62	4530.01	11798	0	4
2026.05.05	02:00:00	4530.12	4542.14	4525.51	4540.99	11585	0	4
2026.05.05	03:00:00	4541.38	4546.76	4534.74	4539.14	8629	0	4
2026.05.05	04:00:00	4538.94	4542.81	4532.41	4534.71	6550	0	4
2026.05.05	05:00:00	4534.63	4536.77	4528.03	4533.74	6908	0	4
2026.05.05	06:00:00	4533.71	4551.67	4531.47	4545.77	10412	0	4
2026.05.05	07:00:00	4545.84	4552.13	4533.82	4548.20	12347	0	4
2026.05.05	08:00:00	4548.16	4558.30	4543.33	4545.57	12698	0	4
2026.05.05	09:00:00	4545.60	4559.66	4545.47	4558.38	12816	0	4
2026.05.05	10:00:00	4558.46	4560.56	4551.15	4556.31	11116	0	4
2026.05.05	11:00:00	4556.30	4556.98	4540.24	4543.87	9591	0	4
2026.05.05	12:00:00	4543.85	4564.98	4540.00	4562.79	12413	0	4
2026.05.05	13:00:00	4562.89	4574.66	4554.28	4564.68	15871	0	4
2026.05.05	14:00:00	4564.66	4585.09	4564.35	4579.45	19224	0	4
2026.05.05	15:00:00	4579.43	4586.59	4565.98	4582.45	22460	0	4
2026.05.05	16:00:00	4582.42	4583.90	4568.45	4568.63	16941	0	4
2026.05.05	17:00:00	4568.58	4569.06	4553.84	4561.30	14731	0	4
2026.05.05	18:00:00	4561.31	4562.81	4553.41	4559.94	13543	0	4
2026.05.05	19:00:00	4559.97	4565.95	4557.74	4561.12	10734	0	4
2026.05.05	20:00:00	4561.10	4561.56	4551.63	4555.18	8908	0	4
2026.05.05	21:00:00	4554.80	4560.07	4554.06	4555.95	4730	0	4
2026.05.05	23:00:00	4553.86	4577.29	4546.34	4573.08	6300	0	4
2026.05.06	00:00:00	4573.48	4595.76	4569.69	4594.05	9799	0	4
2026.05.06	01:00:00	4594.08	4619.97	4588.29	4618.79	14603	0	4
2026.05.06	02:00:00	4618.78	4628.84	4609.63	4626.16	16045	0	4
2026.05.06	03:00:00	4626.14	4642.08	4625.40	4640.90	11452	0	4
2026.05.06	04:00:00	4640.86	4652.04	4638.67	4643.90	10973	0	4
2026.05.06	05:00:00	4643.86	4653.67	4643.40	4648.88	9946	0	4
2026.05.06	06:00:00	4648.89	4663.94	4644.73	4663.10	11036	0	4
2026.05.06	07:00:00	4663.09	4669.58	4657.10	4669.39	13074	0	4
2026.05.06	08:00:00	4669.43	4681.91	4657.49	4681.65	13779	0	4
2026.05.06	09:00:00	4681.68	4702.46	4671.67	4700.35	14672	0	4
2026.05.06	10:00:00	4700.26	4708.61	4689.20	4701.79	18111	0	4
2026.05.06	11:00:00	4701.76	4723.06	4695.45	4718.04	15558	0	4
2026.05.06	12:00:00	4718.06	4721.32	4691.01	4692.20	18253	0	4
2026.05.06	13:00:00	4692.09	4693.11	4660.68	4683.38	20690	0	4
2026.05.06	14:00:00	4683.39	4707.83	4668.94	4702.14	23916	0	4
2026.05.06	15:00:00	4702.15	4717.48	4697.92	4703.12	23714	0	4
2026.05.06	16:00:00	4703.05	4705.88	4687.91	4687.92	18851	0	4
2026.05.06	17:00:00	4687.87	4692.11	4679.67	4683.19	17128	0	4
2026.05.06	18:00:00	4683.20	4688.11	4679.09	4684.15	15157	0	4
2026.05.06	19:00:00	4684.25	4690.57	4682.02	4686.16	11053	0	4
2026.05.06	20:00:00	4686.13	4700.19	4686.13	4692.68	11745	0	4
2026.05.06	21:00:00	4692.44	4699.61	4685.28	4690.36	7802	0	4
2026.05.06	23:00:00	4693.24	4699.94	4689.01	4695.04	4315	0	4
2026.05.07	00:00:00	4695.01	4699.69	4690.45	4699.05	4735	0	4
2026.05.07	01:00:00	4699.02	4701.24	4685.50	4688.63	13917	0	4
2026.05.07	02:00:00	4688.69	4721.41	4685.41	4714.86	17686	0	4
2026.05.07	03:00:00	4714.83	4718.72	4699.99	4707.31	13246	0	4
2026.05.07	04:00:00	4707.32	4709.95	4699.04	4699.24	9428	0	4
2026.05.07	05:00:00	4699.23	4700.84	4692.41	4696.49	8426	0	4
2026.05.07	06:00:00	4696.43	4706.70	4694.84	4701.19	10206	0	4
2026.05.07	07:00:00	4701.20	4750.11	4701.20	4739.09	14972	0	4
2026.05.07	08:00:00	4739.20	4750.61	4731.68	4743.27	18810	0	4
2026.05.07	09:00:00	4743.29	4753.55	4731.00	4731.10	16454	0	4
2026.05.07	10:00:00	4731.14	4739.51	4721.90	4729.11	14666	0	4
2026.05.07	11:00:00	4728.64	4739.94	4726.78	4735.74	11832	0	4
2026.05.07	12:00:00	4735.82	4743.72	4727.37	4742.81	14497	0	4
2026.05.07	13:00:00	4742.98	4752.67	4733.52	4750.16	18161	0	4
2026.05.07	14:00:00	4750.17	4758.22	4731.34	4746.41	23771	0	4
2026.05.07	15:00:00	4746.32	4763.46	4741.58	4762.83	22556	0	4
2026.05.07	16:00:00	4762.84	4764.80	4726.51	4729.30	23126	0	4
2026.05.07	17:00:00	4729.34	4729.78	4704.68	4715.10	24844	0	4
2026.05.07	18:00:00	4715.11	4719.62	4687.84	4711.43	25116	0	4
2026.05.07	19:00:00	4711.44	4716.03	4695.55	4709.72	21746	0	4
2026.05.07	20:00:00	4709.89	4712.97	4697.92	4702.91	20528	0	4
2026.05.07	21:00:00	4702.92	4719.19	4685.89	4688.10	12471	0	4
2026.05.07	23:00:00	4689.22	4699.51	4682.04	4686.03	9032	0	4
2026.05.08	00:00:00	4686.06	4705.66	4684.73	4704.49	7121	0	4
2026.05.08	01:00:00	4704.43	4709.52	4694.19	4701.45	12777	0	4
2026.05.08	02:00:00	4701.30	4725.51	4700.80	4722.95	15851	0	4
2026.05.08	03:00:00	4722.98	4732.86	4706.98	4713.43	14705	0	4
2026.05.08	04:00:00	4713.46	4731.23	4711.28	4719.76	10438	0	4
2026.05.08	05:00:00	4719.73	4723.32	4709.15	4711.07	9372	0	4
2026.05.08	06:00:00	4711.10	4731.33	4709.71	4727.56	12580	0	4
2026.05.08	07:00:00	4727.54	4734.68	4712.66	4725.74	14947	0	4
2026.05.08	08:00:00	4725.62	4726.50	4697.21	4707.99	17550	0	4
2026.05.08	09:00:00	4708.21	4723.64	4706.74	4715.79	14467	0	4
2026.05.08	10:00:00	4715.78	4722.87	4707.53	4711.93	12922	0	4
2026.05.08	11:00:00	4711.94	4727.91	4711.25	4719.98	11841	0	4
2026.05.08	12:00:00	4719.84	4727.42	4713.74	4717.80	12629	0	4
2026.05.08	13:00:00	4717.81	4732.08	4702.70	4724.49	20451	0	4
2026.05.08	14:00:00	4724.52	4748.07	4716.83	4748.07	23147	0	3
2026.05.08	15:00:00	4747.97	4749.49	4713.46	4716.02	23174	0	3
2026.05.08	16:00:00	4716.00	4720.94	4702.12	4707.17	19806	0	3
2026.05.08	17:00:00	4707.18	4720.27	4705.58	4712.51	14221	0	3
2026.05.08	18:00:00	4712.50	4722.87	4712.30	4720.96	12042	0	3
2026.05.08	19:00:00	4721.07	4729.06	4720.00	4721.98	11571	0	3
2026.05.08	20:00:00	4721.94	4726.84	4721.07	4724.10	9929	0	3
2026.05.08	21:00:00	4724.05	4724.34	4714.46	4714.65	5169	0	3
2026.05.10	23:00:00	4686.49	4695.89	4679.47	4691.95	8864	0	3
2026.05.11	00:00:00	4691.89	4698.63	4688.99	4691.91	8018	0	3
2026.05.11	01:00:00	4691.82	4693.33	4670.51	4683.58	15648	0	3
2026.05.11	02:00:00	4683.46	4705.53	4674.62	4685.72	21033	0	4
2026.05.11	03:00:00	4685.71	4700.34	4676.73	4681.81	15006	0	4
2026.05.11	04:00:00	4681.79	4690.53	4675.19	4678.76	11009	0	4
2026.05.11	05:00:00	4678.80	4679.85	4668.57	4672.15	9284	0	4
2026.05.11	06:00:00	4672.14	4680.75	4648.03	4652.38	13764	0	4
2026.05.11	07:00:00	4652.39	4680.54	4649.39	4678.48	15104	0	4
2026.05.11	08:00:00	4678.53	4680.39	4664.46	4667.87	12088	0	4
2026.05.11	09:00:00	4667.85	4678.86	4664.31	4667.62	12270	0	4
2026.05.11	10:00:00	4667.73	4670.09	4650.64	4656.89	11435	0	4
2026.05.11	11:00:00	4656.90	4667.51	4656.54	4663.94	10518	0	4
2026.05.11	12:00:00	4663.98	4677.38	4663.98	4674.57	12598	0	4
2026.05.11	13:00:00	4674.82	4701.06	4667.56	4700.06	17912	0	4
2026.05.11	14:00:00	4700.05	4748.62	4698.89	4736.15	24127	0	4
2026.05.11	15:00:00	4736.13	4738.57	4715.34	4725.67	20917	0	4
2026.05.11	16:00:00	4725.64	4738.31	4722.91	4732.26	16326	0	4
2026.05.11	17:00:00	4732.32	4733.56	4708.17	4716.58	14746	0	4
2026.05.11	18:00:00	4716.59	4724.69	4716.05	4723.82	13182	0	4
2026.05.11	19:00:00	4723.81	4729.46	4721.17	4725.03	10639	0	4
2026.05.11	20:00:00	4725.06	4736.23	4722.50	4733.81	11291	0	4
2026.05.11	21:00:00	4733.62	4738.57	4730.03	4734.71	4508	0	4
2026.05.11	23:00:00	4740.69	4755.26	4737.61	4750.98	5785	0	4
2026.05.12	00:00:00	4750.99	4769.67	4746.35	4767.48	8050	0	4
2026.05.12	01:00:00	4767.44	4773.55	4749.03	4749.35	13121	0	4
2026.05.12	02:00:00	4749.44	4755.56	4720.40	4727.21	19588	0	4
2026.05.12	03:00:00	4727.27	4734.00	4722.33	4730.21	14086	0	4
2026.05.12	04:00:00	4730.18	4733.36	4718.24	4720.31	10087	0	4
2026.05.12	05:00:00	4720.32	4730.39	4711.21	4714.27	8776	0	4
2026.05.12	06:00:00	4714.29	4722.14	4708.79	4714.41	13322	0	4
2026.05.12	07:00:00	4714.39	4714.39	4694.64	4697.24	16469	0	4
2026.05.12	08:00:00	4697.18	4703.90	4687.19	4699.94	14076	0	4
2026.05.12	09:00:00	4699.87	4706.90	4697.28	4703.44	11955	0	4
2026.05.12	10:00:00	4703.45	4705.23	4694.31	4699.54	11874	0	4
2026.05.12	11:00:00	4699.56	4708.52	4685.24	4694.46	12500	0	4
2026.05.12	12:00:00	4694.56	4709.31	4687.29	4706.70	14029	0	4
2026.05.12	13:00:00	4706.83	4711.61	4689.75	4705.83	18430	0	4
2026.05.12	14:00:00	4705.78	4709.01	4677.09	4679.01	24988	0	4
2026.05.12	15:00:00	4679.12	4695.18	4669.71	4672.99	24664	0	4
2026.05.12	16:00:00	4672.92	4676.21	4638.41	4666.18	23950	0	4
2026.05.12	17:00:00	4666.21	4675.15	4664.34	4671.24	16655	0	4
2026.05.12	18:00:00	4671.32	4682.43	4671.28	4678.90	13859	0	4
2026.05.12	19:00:00	4678.87	4698.17	4676.35	4696.02	16227	0	4
2026.05.12	20:00:00	4696.03	4715.73	4696.03	4715.73	14187	0	4
2026.05.12	21:00:00	4715.75	4719.31	4712.25	4714.70	6658	0	4
2026.05.12	23:00:00	4715.02	4722.54	4712.45	4717.04	6252	0	4
2026.05.13	00:00:00	4717.00	4723.98	4715.40	4717.05	8998	0	4
2026.05.13	01:00:00	4717.02	4726.84	4714.21	4714.61	13771	0	4
2026.05.13	02:00:00	4714.90	4716.97	4701.17	4702.63	16549	0	4
2026.05.13	03:00:00	4702.60	4707.67	4687.65	4691.91	14366	0	4
2026.05.13	04:00:00	4692.06	4705.94	4689.07	4696.09	11099	0	4
2026.05.13	05:00:00	4696.08	4703.40	4695.59	4699.60	8939	0	4
2026.05.13	06:00:00	4699.55	4707.37	4693.71	4704.22	13798	0	4
2026.05.13	07:00:00	4704.20	4715.46	4699.14	4701.48	13557	0	4
2026.05.13	08:00:00	4701.72	4708.89	4696.86	4702.89	12842	0	4
2026.05.13	09:00:00	4702.87	4704.36	4694.52	4700.73	12363	0	4
2026.05.13	10:00:00	4700.75	4701.86	4686.08	4700.98	13133	0	4
2026.05.13	11:00:00	4700.97	4710.63	4693.83	4694.25	12490	0	4
2026.05.13	12:00:00	4694.26	4705.49	4691.63	4697.49	13182	0	4
2026.05.13	13:00:00	4697.47	4701.48	4676.19	4683.84	19475	0	4
2026.05.13	14:00:00	4683.65	4694.74	4669.62	4679.34	22809	0	4
2026.05.13	15:00:00	4679.30	4690.96	4672.97	4679.82	22843	0	4
2026.05.13	16:00:00	4679.95	4699.99	4678.98	4695.58	17952	0	4
2026.05.13	17:00:00	4695.57	4709.89	4695.11	4695.84	16010	0	4
2026.05.13	18:00:00	4695.71	4701.35	4684.70	4685.63	13588	0	4
2026.05.13	19:00:00	4685.64	4694.10	4677.73	4685.04	12148	0	4
2026.05.13	20:00:00	4685.09	4690.63	4683.47	4688.18	10927	0	4
2026.05.13	21:00:00	4688.23	4693.48	4686.10	4688.37	4858	0	4
2026.05.13	23:00:00	4690.64	4700.62	4689.14	4700.11	5063	0	4
2026.05.14	00:00:00	4700.02	4702.17	4693.37	4696.72	4533	0	4
2026.05.14	01:00:00	4696.71	4706.75	4689.61	4705.04	11735	0	4
2026.05.14	02:00:00	4705.06	4707.08	4683.68	4688.91	21291	0	4
2026.05.14	03:00:00	4688.94	4699.77	4679.99	4686.63	15199	0	4
2026.05.14	04:00:00	4686.65	4693.39	4674.02	4675.12	12642	0	4
2026.05.14	05:00:00	4675.06	4712.68	4668.47	4702.40	11230	0	4
2026.05.14	06:00:00	4702.45	4704.23	4689.11	4689.70	12730	0	4
2026.05.14	07:00:00	4689.58	4702.57	4686.31	4700.25	14413	0	4
2026.05.14	08:00:00	4700.31	4718.79	4691.19	4693.28	15644	0	4
2026.05.14	09:00:00	4693.32	4706.71	4692.37	4693.40	15606	0	4
2026.05.14	10:00:00	4693.43	4702.62	4688.57	4699.65	12386	0	4
2026.05.14	11:00:00	4699.69	4705.43	4691.20	4696.99	12935	0	4
2026.05.14	12:00:00	4697.11	4704.80	4689.46	4694.42	13645	0	4
2026.05.14	13:00:00	4694.41	4710.03	4692.47	4704.99	15381	0	4
2026.05.14	14:00:00	4705.12	4707.82	4666.83	4679.61	22842	0	4
2026.05.14	15:00:00	4679.66	4700.94	4677.71	4679.49	20471	0	4
2026.05.14	16:00:00	4679.52	4689.47	4677.24	4685.93	16867	0	4
2026.05.14	17:00:00	4685.95	4687.08	4670.44	4678.45	15554	0	4
2026.05.14	18:00:00	4678.50	4683.12	4676.49	4678.17	13229	0	4
2026.05.14	19:00:00	4678.27	4678.48	4667.09	4671.68	10688	0	4
2026.05.14	20:00:00	4671.73	4671.91	4653.15	4654.26	11297	0	4
2026.05.14	21:00:00	4654.27	4656.98	4644.44	4650.78	7018	0	4
2026.05.14	23:00:00	4648.16	4662.71	4648.16	4662.41	6427	0	4
2026.05.15	00:00:00	4662.43	4665.43	4647.03	4652.22	7826	0	4
2026.05.15	01:00:00	4652.20	4658.37	4613.73	4630.25	17742	0	4
2026.05.15	02:00:00	4630.22	4631.63	4607.60	4613.49	23141	0	4
2026.05.15	03:00:00	4613.98	4623.47	4609.39	4618.18	18673	0	4
2026.05.15	04:00:00	4618.13	4622.33	4607.62	4615.51	14270	0	4
2026.05.15	05:00:00	4615.48	4621.60	4604.43	4605.94	12252	0	4
2026.05.15	06:00:00	4606.10	4606.56	4557.91	4558.95	21912	0	4
2026.05.15	07:00:00	4558.81	4580.58	4556.49	4569.82	21145	0	4
2026.05.15	08:00:00	4569.94	4588.76	4566.06	4570.99	17102	0	4
2026.05.15	09:00:00	4570.93	4572.09	4550.14	4554.31	18981	0	4
2026.05.15	10:00:00	4554.53	4563.87	4532.06	4545.96	19484	0	4
2026.05.15	11:00:00	4545.98	4572.62	4544.28	4566.15	19363	0	4
2026.05.15	12:00:00	4566.16	4570.31	4549.96	4552.13	17936	0	4
2026.05.15	13:00:00	4551.31	4558.88	4543.80	4545.97	20461	0	4
2026.05.15	14:00:00	4545.95	4557.63	4511.93	4533.62	26390	0	4
2026.05.15	15:00:00	4533.60	4566.55	4525.56	4562.82	28218	0	4
2026.05.15	16:00:00	4562.84	4563.72	4533.88	4539.76	25039	0	4
2026.05.15	17:00:00	4539.89	4548.10	4529.52	4544.75	19599	0	4
2026.05.15	18:00:00	4544.68	4564.56	4543.38	4559.62	19002	0	4
2026.05.15	19:00:00	4559.63	4563.17	4552.48	4559.33	16900	0	4
2026.05.15	20:00:00	4559.43	4560.23	4545.02	4545.84	16020	0	4
2026.05.15	21:00:00	4545.86	4546.36	4533.21	4539.14	8919	0	4
2026.05.17	23:00:00	4544.72	4554.55	4537.45	4546.12	8684	0	4
2026.05.18	00:00:00	4546.14	4548.04	4532.10	4537.14	10245	0	4
2026.05.18	01:00:00	4537.12	4542.51	4480.46	4516.13	22823	0	4
2026.05.18	02:00:00	4516.14	4535.70	4489.61	4525.55	25606	0	3
2026.05.18	03:00:00	4525.37	4542.83	4522.15	4533.59	18318	0	4
2026.05.18	04:00:00	4533.74	4548.08	4525.26	4541.23	18341	0	4
2026.05.18	05:00:00	4541.24	4549.76	4530.13	4540.80	15955	0	4
2026.05.18	06:00:00	4540.79	4552.03	4530.08	4530.97	17858	0	4
2026.05.18	07:00:00	4531.00	4548.26	4529.82	4546.83	17112	0	4
2026.05.18	08:00:00	4546.84	4560.02	4538.37	4546.39	17760	0	4
2026.05.18	09:00:00	4546.38	4557.08	4542.42	4549.98	16238	0	4
2026.05.18	10:00:00	4549.91	4552.05	4540.33	4543.16	13436	0	4
2026.05.18	11:00:00	4543.15	4547.81	4532.16	4540.35	13580	0	4
2026.05.18	12:00:00	4540.34	4567.00	4530.10	4550.77	19457	0	4
2026.05.18	13:00:00	4550.91	4574.78	4545.43	4571.37	20652	0	4
2026.05.18	14:00:00	4571.41	4584.24	4562.10	4575.71	24799	0	4
2026.05.18	15:00:00	4575.72	4575.72	4537.89	4546.67	26212	0	4
2026.05.18	16:00:00	4546.58	4548.10	4532.05	4543.51	22997	0	4
2026.05.18	17:00:00	4543.53	4554.61	4533.99	4550.24	17835	0	4
2026.05.18	18:00:00	4550.25	4558.25	4545.72	4547.08	16972	0	4
2026.05.18	19:00:00	4547.10	4547.88	4534.33	4535.73	14808	0	4
2026.05.18	20:00:00	4535.80	4565.01	4535.34	4558.54	20311	0	4
2026.05.18	21:00:00	4558.50	4566.76	4557.96	4565.90	6188	0	4
2026.05.18	23:00:00	4569.31	4578.42	4567.10	4573.99	4320	0	4
2026.05.19	00:00:00	4573.87	4589.06	4573.87	4581.92	6754	0	4
2026.05.19	01:00:00	4582.10	4589.34	4561.44	4563.44	14407	0	4
2026.05.19	02:00:00	4563.30	4572.44	4554.28	4563.97	17309	0	4
2026.05.19	03:00:00	4563.93	4563.93	4546.09	4547.22	15121	0	4
2026.05.19	04:00:00	4547.58	4555.13	4543.73	4545.18	11116	0	4
2026.05.19	05:00:00	4545.17	4545.75	4538.15	4542.54	9640	0	4
2026.05.19	06:00:00	4542.57	4546.60	4531.02	4541.00	15070	0	4
2026.05.19	07:00:00	4540.96	4553.98	4533.71	4548.01	16210	0	4
2026.05.19	08:00:00	4548.05	4559.36	4541.44	4557.23	15371	0	4
2026.05.19	09:00:00	4557.49	4559.14	4536.42	4542.82	14382	0	4
2026.05.19	10:00:00	4542.83	4546.88	4536.15	4541.87	15411	0	3
2026.05.19	11:00:00	4541.85	4544.80	4525.56	4544.80	14265	0	3
2026.05.19	12:00:00	4544.98	4547.99	4529.97	4530.81	15171	0	3
2026.05.19	13:00:00	4530.39	4547.20	4527.50	4537.28	16509	0	3
2026.05.19	14:00:00	4537.27	4537.45	4465.04	4504.07	27912	0	3
2026.05.19	15:00:00	4504.05	4514.32	4484.63	4494.21	28043	0	3
2026.05.19	16:00:00	4494.19	4509.35	4489.92	4508.53	22141	0	3
2026.05.19	17:00:00	4508.50	4512.52	4496.30	4507.80	15293	0	3
2026.05.19	18:00:00	4507.79	4511.15	4499.22	4500.97	15393	0	3
2026.05.19	19:00:00	4500.99	4503.79	4490.52	4493.70	15383	0	3
2026.05.19	20:00:00	4493.71	4497.52	4481.29	4483.47	14348	0	3
2026.05.19	21:00:00	4483.48	4488.30	4481.06	4481.63	6508	0	3
2026.05.19	23:00:00	4482.07	4485.96	4477.52	4484.58	5153	0	3
2026.05.20	00:00:00	4484.44	4496.34	4479.87	4489.38	6416	0	3
2026.05.20	01:00:00	4489.31	4508.83	4479.74	4500.94	18417	0	4
2026.05.20	02:00:00	4500.92	4506.15	4456.27	4481.46	24492	0	4
2026.05.20	03:00:00	4481.48	4487.18	4458.61	4465.42	20468	0	5
2026.05.20	04:00:00	4465.29	4467.31	4453.52	4463.81	15029	0	5
2026.05.20	05:00:00	4463.78	4470.75	4456.71	4462.26	13153	0	5
2026.05.20	06:00:00	4462.18	4479.10	4461.91	4472.92	16280	0	5
2026.05.20	07:00:00	4472.87	4478.46	4461.49	4474.48	18016	0	5
2026.05.20	08:00:00	4474.45	4486.02	4472.04	4478.75	16958	0	5
2026.05.20	09:00:00	4478.74	4490.16	4476.85	4484.20	17563	0	5
2026.05.20	10:00:00	4483.93	4491.09	4472.82	4484.96	14456	0	5
2026.05.20	11:00:00	4484.85	4497.14	4484.78	4494.77	11346	0	5
2026.05.20	12:00:00	4494.75	4501.28	4490.99	4499.20	12173	0	5
2026.05.20	13:00:00	4499.15	4505.41	4493.09	4496.26	16214	0	5
2026.05.20	14:00:00	4496.25	4506.23	4482.13	4483.16	22836	0	4
2026.05.20	15:00:00	4483.14	4537.24	4467.19	4531.32	28051	0	4
2026.05.20	16:00:00	4531.36	4553.04	4523.28	4529.29	24858	0	4
2026.05.20	17:00:00	4529.30	4535.46	4524.22	4534.45	17115	0	4
2026.05.20	18:00:00	4534.51	4538.27	4530.02	4531.53	15401	0	4
2026.05.20	19:00:00	4531.54	4545.15	4529.16	4542.48	14010	0	4
2026.05.20	20:00:00	4542.49	4550.27	4541.89	4545.77	10858	0	4
2026.05.20	21:00:00	4545.75	4550.44	4542.15	4543.50	8262	0	4
2026.05.20	23:00:00	4543.99	4546.87	4535.37	4539.97	7252	0	4
2026.05.21	00:00:00	4540.06	4547.11	4534.63	4546.61	5616	0	4
2026.05.21	01:00:00	4546.59	4553.30	4537.42	4545.26	12063	0	4
2026.05.21	02:00:00	4545.30	4570.98	4540.06	4561.11	16805	0	4
2026.05.21	03:00:00	4561.12	4564.94	4531.67	4533.27	14672	0	4
2026.05.21	04:00:00	4533.16	4540.32	4527.37	4528.43	10468	0	4
2026.05.21	05:00:00	4528.35	4540.53	4527.52	4538.63	9400	0	4
2026.05.21	06:00:00	4538.66	4540.46	4518.73	4528.07	15750	0	4
2026.05.21	07:00:00	4528.03	4539.80	4518.96	4521.64	16672	0	4
2026.05.21	08:00:00	4521.63	4524.46	4511.98	4519.76	14101	0	4
2026.05.21	09:00:00	4519.80	4536.83	4518.41	4532.66	17272	0	4
2026.05.21	10:00:00	4532.60	4542.92	4527.99	4530.72	14737	0	4
2026.05.21	11:00:00	4530.73	4535.36	4505.02	4511.67	20092	0	4
2026.05.21	12:00:00	4511.66	4521.13	4508.29	4514.20	15863	0	4
2026.05.21	13:00:00	4514.18	4519.29	4502.61	4504.20	18481	0	4
2026.05.21	14:00:00	4504.19	4521.03	4488.65	4513.20	26022	0	4
2026.05.21	15:00:00	4513.35	4515.49	4498.35	4508.98	26156	0	4
2026.05.21	16:00:00	4508.89	4515.35	4496.85	4511.99	22320	0	4
2026.05.21	17:00:00	4512.08	4520.84	4512.08	4519.52	18201	0	4
2026.05.21	18:00:00	4519.53	4559.35	4514.28	4551.53	25502	0	4
2026.05.21	19:00:00	4551.51	4556.21	4527.54	4531.99	22308	0	4
2026.05.21	20:00:00	4532.00	4543.84	4530.35	4542.92	16107	0	4
2026.05.21	21:00:00	4542.90	4544.87	4539.93	4542.34	5800	0	4
2026.05.21	23:00:00	4545.36	4545.64	4539.73	4543.49	5616	0	4
2026.05.22	00:00:00	4543.40	4545.13	4532.67	4535.52	5313	0	4
2026.05.22	01:00:00	4535.74	4541.18	4525.66	4526.80	13023	0	4
2026.05.22	02:00:00	4526.77	4536.42	4521.43	4526.44	17384	0	4
2026.05.22	03:00:00	4526.46	4529.50	4518.59	4523.27	12906	0	4
2026.05.22	04:00:00	4523.24	4530.08	4519.20	4529.54	10028	0	4
2026.05.22	05:00:00	4529.55	4533.12	4525.58	4527.33	8022	0	4
2026.05.22	06:00:00	4527.32	4534.34	4507.40	4511.29	12890	0	4
2026.05.22	07:00:00	4511.26	4528.94	4510.14	4526.91	16852	0	4
2026.05.22	08:00:00	4526.89	4527.50	4516.26	4521.86	13527	0	4
2026.05.22	09:00:00	4521.95	4531.20	4517.07	4521.97	16255	0	4
2026.05.22	10:00:00	4521.98	4536.06	4514.96	4532.26	13898	0	4
2026.05.22	11:00:00	4532.27	4536.90	4510.30	4514.75	13557	0	4
2026.05.22	12:00:00	4514.60	4525.18	4511.70	4520.72	12809	0	4
2026.05.22	13:00:00	4520.50	4535.82	4515.16	4528.36	18961	0	4
2026.05.22	14:00:00	4528.39	4534.40	4510.48	4513.82	22884	0	4
2026.05.22	15:00:00	4513.91	4513.91	4492.02	4500.66	23765	0	4
2026.05.22	16:00:00	4500.63	4522.39	4500.36	4520.15	17415	0	4
2026.05.22	17:00:00	4520.14	4526.85	4512.59	4515.02	14433	0	4
2026.05.22	18:00:00	4515.04	4527.88	4513.20	4519.26	17423	0	4
2026.05.22	19:00:00	4519.35	4520.20	4512.07	4514.85	10770	0	4
2026.05.22	20:00:00	4515.07	4515.88	4504.38	4508.39	12593	0	4
2026.05.22	21:00:00	4508.40	4510.61	4504.39	4507.28	6057	0	4
2026.05.24	23:00:00	4550.90	4565.75	4548.46	4565.32	11275	0	4
2026.05.25	00:00:00	4565.28	4579.92	4565.28	4567.13	10757	0	4
2026.05.25	01:00:00	4567.11	4579.60	4566.21	4569.59	12770	0	4
2026.05.25	02:00:00	4569.63	4576.40	4560.47	4562.96	16952	0	4
2026.05.25	03:00:00	4562.91	4570.30	4558.90	4561.44	12292	0	4
2026.05.25	04:00:00	4561.45	4564.56	4556.76	4559.78	10559	0	4
2026.05.25	05:00:00	4559.80	4565.95	4559.43	4564.99	7818	0	4
2026.05.25	06:00:00	4564.98	4566.15	4552.09	4553.47	10196	0	4
2026.05.25	07:00:00	4553.45	4563.35	4550.62	4562.57	12536	0	4
2026.05.25	08:00:00	4562.55	4565.17	4552.60	4564.83	11444	0	4
2026.05.25	09:00:00	4564.88	4565.08	4553.52	4556.25	8163	0	4
2026.05.25	10:00:00	4556.23	4569.23	4555.03	4567.68	7014	0	4
2026.05.25	11:00:00	4567.74	4573.80	4567.74	4568.70	8180	0	4
2026.05.25	12:00:00	4568.82	4577.13	4567.69	4569.50	7932	0	4
2026.05.25	13:00:00	4569.53	4570.30	4553.06	4567.74	11454	0	4
2026.05.25	14:00:00	4567.73	4571.48	4560.17	4563.22	13111	0	4
2026.05.25	15:00:00	4563.24	4570.69	4562.43	4566.93	10858	0	4
2026.05.25	16:00:00	4566.92	4574.68	4565.74	4570.97	11600	0	4
2026.05.25	17:00:00	4571.02	4574.70	4568.10	4573.63	6927	0	4
2026.05.25	18:00:00	4573.41	4577.90	4563.36	4565.07	5854	0	4
2026.05.25	19:00:00	4565.17	4572.12	4564.50	4571.01	1830	0	4
2026.05.25	23:00:00	4571.56	4576.73	4569.80	4574.95	5315	0	4
2026.05.26	00:00:00	4574.74	4580.20	4555.22	4559.75	8025	0	4
2026.05.26	01:00:00	4559.88	4560.12	4539.62	4549.69	13608	0	4
2026.05.26	02:00:00	4549.71	4550.25	4527.80	4537.07	19225	0	4
2026.05.26	03:00:00	4537.05	4539.62	4530.07	4532.24	11055	0	4
2026.05.26	04:00:00	4532.25	4545.49	4532.12	4542.41	8380	0	4
2026.05.26	05:00:00	4542.42	4543.23	4523.58	4525.54	8496	0	4
2026.05.26	06:00:00	4525.56	4535.18	4523.12	4527.30	12558	0	4
2026.05.26	07:00:00	4527.28	4536.23	4527.15	4531.08	12955	0	4
2026.05.26	08:00:00	4531.16	4539.14	4521.76	4538.31	15087	0	4
2026.05.26	09:00:00	4538.30	4538.70	4520.31	4523.79	12610	0	4
2026.05.26	10:00:00	4523.91	4526.49	4512.18	4522.82	12777	0	4
2026.05.26	11:00:00	4522.81	4540.57	4519.51	4534.55	13881	0	4
2026.05.26	12:00:00	4534.56	4536.24	4503.95	4507.34	16875	0	4
2026.05.26	13:00:00	4507.30	4523.70	4500.71	4520.42	17575	0	4
2026.05.26	14:00:00	4520.23	4531.41	4512.31	4514.24	20720	0	4
2026.05.26	15:00:00	4514.26	4525.03	4507.95	4515.40	19863	0	4
2026.05.26	16:00:00	4515.41	4515.69	4502.38	4506.54	17845	0	4
2026.05.26	17:00:00	4506.52	4511.37	4500.27	4505.02	12491	0	4
2026.05.26	18:00:00	4505.05	4507.59	4490.29	4491.23	14102	0	4
2026.05.26	19:00:00	4491.19	4499.56	4482.69	4499.31	12106	0	4
2026.05.26	20:00:00	4499.32	4510.13	4497.70	4508.98	9969	0	4
2026.05.26	21:00:00	4509.04	4510.55	4504.01	4506.74	4448	0	4
2026.05.26	23:00:00	4519.91	4524.19	4493.81	4510.99	8927	0	4
2026.05.27	00:00:00	4511.12	4527.73	4504.58	4519.61	7247	0	4
2026.05.27	01:00:00	4519.62	4525.97	4514.09	4515.25	8957	0	4
2026.05.27	02:00:00	4515.26	4521.17	4507.03	4508.09	12350	0	4
2026.05.27	03:00:00	4508.14	4509.70	4498.10	4506.00	9708	0	4
2026.05.27	04:00:00	4506.01	4512.01	4496.70	4497.14	7645	0	4
2026.05.27	05:00:00	4497.16	4517.35	4495.90	4510.30	8443	0	4
2026.05.27	06:00:00	4510.26	4513.91	4491.87	4497.64	15533	0	4
2026.05.27	07:00:00	4497.61	4499.27	4480.09	4485.30	16658	0	4
2026.05.27	08:00:00	4485.31	4489.30	4475.88	4482.11	13657	0	4
2026.05.27	09:00:00	4481.91	4498.79	4481.56	4497.92	12140	0	4
2026.05.27	10:00:00	4497.93	4497.95	4487.06	4490.22	8869	0	4
2026.05.27	11:00:00	4490.16	4490.67	4442.80	4445.81	15101	0	4
2026.05.27	12:00:00	4445.82	4453.37	4425.07	4428.70	17115	0	4
2026.05.27	13:00:00	4428.71	4466.46	4427.58	4438.99	21049	0	4
2026.05.27	14:00:00	4438.98	4439.09	4401.55	4427.50	26849	0	4
2026.05.27	15:00:00	4427.45	4455.46	4426.25	4434.03	23533	0	4
2026.05.27	16:00:00	4434.01	4441.59	4428.20	4436.59	17215	0	4
2026.05.27	17:00:00	4436.58	4453.32	4434.26	4450.88	12420	0	4
2026.05.27	18:00:00	4450.90	4454.41	4441.59	4450.52	13614	0	4
2026.05.27	19:00:00	4450.50	4458.36	4447.79	4454.48	8473	0	4
2026.05.27	20:00:00	4454.42	4454.85	4448.97	4450.88	8543	0	4
2026.05.27	21:00:00	4450.91	4458.98	4450.16	4455.71	3879	0	4
2026.05.27	23:00:00	4462.84	4465.42	4455.17	4457.36	3809	0	4
2026.05.28	00:00:00	4457.37	4457.66	4443.98	4447.31	8035	0	4
2026.05.28	01:00:00	4447.32	4458.08	4443.99	4457.23	10577	0	4
2026.05.28	02:00:00	4457.24	4458.87	4407.00	4410.05	18565	0	4
2026.05.28	03:00:00	4410.08	4412.77	4392.71	4394.56	14614	0	4
2026.05.28	04:00:00	4394.50	4397.94	4368.54	4374.89	16036	0	4
2026.05.28	05:00:00	4374.91	4382.02	4366.42	4373.20	13638	0	4
2026.05.28	06:00:00	4373.29	4395.75	4367.29	4387.98	14730	0	4
2026.05.28	07:00:00	4388.06	4390.59	4374.34	4383.49	13163	0	4
2026.05.28	08:00:00	4383.46	4396.28	4382.83	4387.59	11611	0	4
2026.05.28	09:00:00	4387.63	4395.10	4385.95	4387.19	10261	0	4
2026.05.28	10:00:00	4387.03	4399.13	4386.53	4393.69	10003	0	4
2026.05.28	11:00:00	4393.70	4404.13	4375.53	4383.15	11066	0	4
2026.05.28	12:00:00	4383.12	4390.63	4381.06	4388.04	12031	0	4
2026.05.28	13:00:00	4388.05	4433.62	4379.69	4432.16	15175	0	4
2026.05.28	14:00:00	4432.21	4439.08	4418.34	4430.67	21670	0	4
2026.05.28	15:00:00	4430.58	4480.52	4420.81	4469.44	25323	0	4
2026.05.28	16:00:00	4469.45	4485.03	4468.87	4482.31	17982	0	4
2026.05.28	17:00:00	4482.39	4511.08	4478.10	4511.06	16815	0	4
2026.05.28	18:00:00	4511.21	4514.59	4501.35	4509.02	14828	0	4
2026.05.28	19:00:00	4509.09	4516.61	4498.70	4501.09	12365	0	4
2026.05.28	20:00:00	4501.19	4503.79	4497.24	4498.16	9144	0	4
2026.05.28	21:00:00	4498.08	4500.80	4495.02	4495.84	4748	0	4
2026.05.28	23:00:00	4497.43	4497.90	4490.92	4491.21	6583	0	4
2026.05.29	00:00:00	4491.19	4497.03	4489.19	4495.25	7171	0	4
2026.05.29	01:00:00	4495.42	4500.59	4492.23	4496.29	11139	0	4
2026.05.29	02:00:00	4496.28	4520.76	4492.49	4506.67	17775	0	4
2026.05.29	03:00:00	4506.63	4511.30	4498.53	4501.85	11319	0	4
2026.05.29	04:00:00	4501.83	4502.03	4494.91	4501.44	10507	0	4
2026.05.29	05:00:00	4501.39	4514.82	4501.24	4514.11	8740	0	4
2026.05.29	06:00:00	4514.29	4515.80	4502.75	4514.92	10295	0	4
2026.05.29	07:00:00	4514.93	4524.28	4510.22	4523.77	13981	0	4
2026.05.29	08:00:00	4523.38	4526.20	4510.81	4524.81	11372	0	4
2026.05.29	09:00:00	4524.80	4524.90	4510.06	4514.97	10704	0	4
2026.05.29	10:00:00	4515.00	4539.60	4513.36	4531.13	11647	0	4
2026.05.29	11:00:00	4531.18	4543.33	4525.49	4538.60	9797	0	4
2026.05.29	12:00:00	4538.61	4540.51	4525.90	4538.49	10662	0	4
2026.05.29	13:00:00	4538.69	4538.69	4512.78	4523.04	14173	0	4
2026.05.29	14:00:00	4523.05	4540.80	4517.21	4536.86	18737	0	4
2026.05.29	15:00:00	4536.87	4570.50	4525.46	4564.28	24342	0	4
2026.05.29	16:00:00	4564.25	4595.33	4557.61	4571.13	23013	0	4
2026.05.29	17:00:00	4571.20	4573.48	4560.45	4566.90	13800	0	4
2026.05.29	18:00:00	4566.95	4568.61	4551.70	4553.55	16016	0	4
2026.05.29	19:00:00	4553.56	4561.73	4550.97	4553.30	12982	0	4
2026.05.29	20:00:00	4553.34	4560.26	4542.94	4545.52	12821	0	4
2026.05.29	21:00:00	4545.60	4549.21	4539.16	4539.95	6470	0	4
2026.05.31	23:00:00	4520.44	4540.43	4519.53	4535.36	6896	0	4
2026.06.01	00:00:00	4535.38	4545.84	4535.19	4539.67	7370	0	4
2026.06.01	01:00:00	4539.68	4546.05	4535.37	4540.57	10409	0	4
2026.06.01	02:00:00	4540.80	4541.33	4523.87	4525.58	14093	0	4
2026.06.01	03:00:00	4525.59	4534.68	4521.30	4521.56	10212	0	4
2026.06.01	04:00:00	4521.60	4525.58	4509.89	4516.37	9128	0	4
2026.06.01	05:00:00	4516.36	4519.74	4508.76	4514.53	6084	0	4
2026.06.01	06:00:00	4514.52	4525.29	4512.77	4518.32	9739	0	4
2026.06.01	07:00:00	4518.31	4518.71	4500.37	4501.77	12389	0	4
2026.06.01	08:00:00	4501.72	4509.93	4492.48	4503.17	10835	0	4
2026.06.01	09:00:00	4503.19	4504.58	4490.73	4498.10	11477	0	4
2026.06.01	10:00:00	4498.12	4506.39	4489.35	4496.07	10384	0	4
2026.06.01	11:00:00	4496.30	4511.02	4496.26	4504.04	9269	0	4
2026.06.01	12:00:00	4504.09	4512.98	4499.93	4505.92	9904	0	4
2026.06.01	13:00:00	4505.91	4510.55	4497.65	4502.26	12429	0	4
2026.06.01	14:00:00	4502.29	4503.95	4449.00	4450.30	24547	0	4
2026.06.01	15:00:00	4449.75	4464.66	4447.88	4458.80	18236	0	4
2026.06.01	16:00:00	4459.15	4479.85	4455.55	4474.23	14673	0	4
2026.06.01	17:00:00	4474.22	4482.21	4463.32	4480.16	13893	0	4
2026.06.01	18:00:00	4480.13	4495.47	4471.56	4487.54	16827	0	4
2026.06.01	19:00:00	4487.55	4490.21	4484.90	4486.76	8123	0	4
2026.06.01	20:00:00	4486.72	4488.30	4479.16	4481.13	8848	0	4
2026.06.01	21:00:00	4481.18	4485.47	4480.28	4483.82	4437	0	4
2026.06.01	23:00:00	4483.22	4486.61	4479.78	4485.98	4331	0	4
2026.06.02	00:00:00	4485.70	4488.23	4479.50	4484.59	4949	0	4
2026.06.02	01:00:00	4484.84	4497.29	4476.80	4481.93	11746	0	4
2026.06.02	02:00:00	4481.71	4492.54	4463.03	4474.10	17597	0	4
2026.06.02	03:00:00	4474.04	4486.59	4472.39	4485.99	12393	0	4
2026.06.02	04:00:00	4486.02	4499.50	4485.75	4499.45	10506	0	4
2026.06.02	05:00:00	4499.44	4518.37	4497.96	4517.53	8929	0	4
2026.06.02	06:00:00	4517.54	4528.32	4515.28	4517.13	11718	0	4
2026.06.02	07:00:00	4517.14	4538.45	4517.03	4536.10	12190	0	4
2026.06.02	08:00:00	4535.95	4541.61	4528.10	4535.16	9837	0	4
2026.06.02	09:00:00	4535.18	4537.58	4526.04	4526.78	8973	0	4
2026.06.02	10:00:00	4526.89	4535.75	4522.08	4530.06	9839	0	4
2026.06.02	11:00:00	4529.91	4534.03	4524.76	4533.23	7009	0	4
2026.06.02	12:00:00	4533.24	4534.75	4525.70	4527.59	8139	0	4
2026.06.02	13:00:00	4527.73	4534.18	4513.62	4514.43	9763	0	4
2026.06.02	14:00:00	4514.85	4524.96	4502.74	4502.75	16136	0	4
2026.06.02	15:00:00	4502.61	4507.03	4490.38	4504.15	14386	0	4
2026.06.02	16:00:00	4504.16	4508.56	4500.25	4502.16	13581	0	4
2026.06.02	17:00:00	4502.23	4502.93	4486.36	4492.02	12136	0	4
2026.06.02	18:00:00	4491.99	4493.06	4482.22	4484.67	12994	0	4
2026.06.02	19:00:00	4484.90	4491.01	4478.79	4487.45	11095	0	4
2026.06.02	20:00:00	4487.44	4490.35	4483.47	4488.04	9485	0	4
2026.06.02	21:00:00	4488.15	4491.08	4486.34	4487.95	3690	0	4
2026.06.02	23:00:00	4490.71	4493.17	4484.12	4484.93	6384	0	4
2026.06.03	00:00:00	4485.06	4488.95	4462.26	4474.47	11497	0	4
2026.06.03	01:00:00	4474.46	4496.75	4473.86	4486.18	9729	0	4
2026.06.03	02:00:00	4486.03	4487.53	4463.51	4475.90	16177	0	4
2026.06.03	03:00:00	4476.01	4485.17	4472.89	4481.90	11076	0	4
2026.06.03	04:00:00	4481.86	4487.67	4481.86	4484.53	7967	0	4
2026.06.03	05:00:00	4484.59	4488.33	4468.35	4469.56	6438	0	4
2026.06.03	06:00:00	4469.57	4474.23	4456.71	4457.07	10652	0	4
2026.06.03	07:00:00	4457.05	4470.96	4455.36	4463.07	13754	0	4
2026.06.03	08:00:00	4463.08	4472.28	4452.89	4453.37	12769	0	4
2026.06.03	09:00:00	4453.38	4459.28	4440.23	4443.03	11736	0	4
2026.06.03	10:00:00	4444.39	4459.06	4439.04	4443.25	11403	0	4
2026.06.03	11:00:00	4443.23	4466.91	4441.06	4459.06	12231	0	4
2026.06.03	12:00:00	4459.42	4468.13	4458.64	4462.50	10660	0	4
2026.06.03	13:00:00	4462.45	4467.29	4448.32	4460.48	14189	0	4
2026.06.03	14:00:00	4460.46	4465.83	4426.53	4445.86	19782	0	4
2026.06.03	15:00:00	4446.21	4459.68	4442.41	4457.26	20245	0	4
2026.06.03	16:00:00	4457.22	4458.43	4436.96	4442.26	17432	0	4
2026.06.03	17:00:00	4442.25	4443.97	4433.82	4441.93	14417	0	4
2026.06.03	18:00:00	4442.05	4448.28	4435.70	4439.01	14557	0	4
2026.06.03	19:00:00	4439.05	4442.94	4435.60	4442.21	10669	0	4
2026.06.03	20:00:00	4442.19	4452.30	4441.53	4443.90	10853	0	4
2026.06.03	21:00:00	4443.98	4445.37	4430.59	4433.62	7220	0	4
2026.06.03	23:00:00	4437.36	4452.90	4424.01	4448.99	7373	0	4
2026.06.04	00:00:00	4449.20	4464.84	4445.52	4457.48	8484	0	4
2026.06.04	01:00:00	4457.47	4465.44	4444.19	4448.57	14103	0	4
2026.06.04	02:00:00	4448.55	4473.61	4443.37	4465.89	17914	0	4
2026.06.04	03:00:00	4465.86	4476.58	4455.65	4475.15	15748	0	4
2026.06.04	04:00:00	4475.17	4477.31	4458.50	4463.89	11902	0	4
2026.06.04	05:00:00	4463.93	4484.09	4462.43	4481.15	9917	0	4
2026.06.04	06:00:00	4481.22	4482.52	4467.08	4469.30	12293	0	4
2026.06.04	07:00:00	4469.28	4477.24	4463.04	4467.77	13711	0	4
2026.06.04	08:00:00	4467.75	4470.83	4459.78	4461.75	9020	0	4
2026.06.04	09:00:00	4461.68	4469.59	4458.67	4463.38	11408	0	4
2026.06.04	10:00:00	4463.40	4475.71	4461.10	4470.47	11194	0	4
2026.06.04	11:00:00	4470.45	4473.90	4464.40	4473.73	10540	0	4
2026.06.04	12:00:00	4473.98	4514.76	4468.84	4511.76	17021	0	4
2026.06.04	13:00:00	4511.58	4513.88	4491.30	4504.21	14520	0	4
2026.06.04	14:00:00	4504.16	4515.48	4495.60	4495.76	20490	0	4
2026.06.04	15:00:00	4495.93	4499.96	4457.38	4465.89	22778	0	4
2026.06.04	16:00:00	4465.94	4479.15	4463.90	4477.50	15227	0	4
2026.06.04	17:00:00	4477.47	4485.18	4475.42	4482.84	15520	0	4
2026.06.04	18:00:00	4482.78	4482.78	4474.12	4478.21	11847	0	4
2026.06.04	19:00:00	4478.22	4481.19	4472.88	4478.16	9289	0	4
2026.06.04	20:00:00	4478.18	4483.46	4476.27	4480.76	8813	0	4
2026.06.04	21:00:00	4480.95	4481.74	4474.12	4475.32	4168	0	4
2026.06.04	23:00:00	4472.77	4481.60	4468.91	4469.64	6581	0	4
2026.06.05	00:00:00	4469.66	4474.27	4460.66	4461.87	7706	0	4
2026.06.05	01:00:00	4461.72	4466.97	4450.85	4459.50	13932	0	4
2026.06.05	02:00:00	4459.40	4470.01	4444.20	4446.90	18798	0	4
2026.06.05	03:00:00	4446.93	4455.19	4438.44	4440.61	15070	0	4
2026.06.05	04:00:00	4440.60	4444.00	4435.31	4442.48	12345	0	4
2026.06.05	05:00:00	4442.51	4446.66	4437.66	4445.11	10137	0	4
2026.06.05	06:00:00	4445.15	4450.14	4438.61	4439.97	13390	0	4
2026.06.05	07:00:00	4440.00	4456.30	4428.87	4452.93	16260	0	4
2026.06.05	08:00:00	4452.96	4467.45	4451.94	4461.03	12393	0	4
2026.06.05	09:00:00	4461.01	4468.26	4458.83	4462.79	11540	0	4
2026.06.05	10:00:00	4462.72	4469.43	4458.97	4464.97	12027	0	4
2026.06.05	11:00:00	4464.94	4468.15	4462.01	4467.02	7492	0	4
2026.06.05	12:00:00	4466.94	4475.34	4459.37	4470.28	10804	0	4
2026.06.05	13:00:00	4470.40	4475.88	4404.88	4406.33	19812	0	4
2026.06.05	14:00:00	4406.27	4421.10	4365.72	4365.76	27006	0	4
2026.06.05	15:00:00	4365.77	4379.30	4344.65	4369.74	27629	0	4
2026.06.05	16:00:00	4369.77	4372.61	4334.07	4335.56	22291	0	4
2026.06.05	17:00:00	4335.55	4345.03	4323.49	4344.65	23938	0	4
2026.06.05	18:00:00	4344.66	4347.34	4335.79	4341.80	22102	0	4
2026.06.05	19:00:00	4341.83	4342.22	4315.27	4322.40	21419	0	4
2026.06.05	20:00:00	4322.45	4325.19	4313.97	4318.83	22206	0	4
2026.06.05	21:00:00	4318.85	4330.28	4311.88	4328.23	12691	0	4
2026.06.07	23:00:00	4320.37	4330.26	4309.77	4317.50	14536	0	4
2026.06.08	00:00:00	4317.53	4347.10	4317.53	4344.11	10842	0	4
2026.06.08	01:00:00	4344.12	4353.31	4339.78	4342.54	14289	0	4
2026.06.08	02:00:00	4342.30	4345.91	4300.03	4325.60	23961	0	4
2026.06.08	03:00:00	4325.67	4330.76	4307.46	4310.65	19421	0	4
2026.06.08	04:00:00	4310.60	4317.26	4303.67	4317.01	13383	0	4
2026.06.08	05:00:00	4317.14	4321.88	4307.67	4312.71	12902	0	4
2026.06.08	06:00:00	4312.72	4316.22	4268.63	4292.00	19236	0	4
2026.06.08	07:00:00	4292.02	4311.38	4291.99	4300.08	17963	0	4
2026.06.08	08:00:00	4300.09	4317.01	4294.46	4294.60	16509	0	4
2026.06.08	09:00:00	4294.80	4297.23	4285.43	4288.89	16315	0	4
2026.06.08	10:00:00	4288.80	4302.01	4273.09	4294.41	13903	0	4
2026.06.08	11:00:00	4294.42	4305.83	4286.25	4302.14	13531	0	4
2026.06.08	12:00:00	4302.13	4333.40	4297.27	4331.33	16711	0	4
2026.06.08	13:00:00	4331.35	4339.45	4320.37	4333.19	17527	0	4
2026.06.08	14:00:00	4333.25	4346.83	4321.43	4326.85	24162	0	4
2026.06.08	15:00:00	4326.82	4331.49	4314.97	4331.05	24730	0	4
2026.06.08	16:00:00	4331.10	4345.80	4322.67	4341.91	20464	0	4
2026.06.08	17:00:00	4341.89	4346.40	4337.98	4340.75	18300	0	4
2026.06.08	18:00:00	4340.79	4342.48	4332.13	4339.27	18599	0	4
2026.06.08	19:00:00	4339.24	4345.98	4333.03	4334.67	14552	0	4
2026.06.08	20:00:00	4334.68	4338.20	4323.41	4326.72	14901	0	4
2026.06.08	21:00:00	4326.73	4329.99	4324.69	4329.42	4987	0	4
2026.06.08	23:00:00	4328.76	4328.95	4322.80	4327.91	3587	0	4
2026.06.09	00:00:00	4327.92	4328.84	4313.02	4317.94	6042	0	4
2026.06.09	01:00:00	4317.93	4323.83	4315.19	4319.97	13730	0	4
2026.06.09	02:00:00	4319.85	4338.90	4318.82	4336.66	18437	0	4
2026.06.09	03:00:00	4336.71	4341.04	4328.27	4336.16	14258	0	4
2026.06.09	04:00:00	4336.12	4342.32	4331.37	4336.74	11086	0	4
2026.06.09	05:00:00	4336.75	4339.46	4324.35	4332.46	8488	0	4
2026.06.09	06:00:00	4332.47	4351.47	4331.04	4343.45	12992	0	4
2026.06.09	07:00:00	4343.52	4348.87	4330.35	4330.69	13429	0	4
2026.06.09	08:00:00	4330.73	4334.91	4322.34	4326.67	13409	0	3
2026.06.09	09:00:00	4326.69	4336.96	4321.35	4326.61	9784	0	3
2026.06.09	10:00:00	4326.65	4336.27	4324.26	4332.30	9928	0	3
2026.06.09	11:00:00	4332.27	4340.88	4325.39	4339.26	9932	0	3
2026.06.09	12:00:00	4339.23	4343.89	4335.74	4339.88	9661	0	3
2026.06.09	13:00:00	4339.91	4344.37	4334.98	4341.42	12556	0	3
2026.06.09	14:00:00	4341.47	4363.59	4325.33	4329.03	21244	0	3
2026.06.09	15:00:00	4329.04	4336.06	4278.80	4300.78	28460	0	3
2026.06.09	16:00:00	4300.60	4302.09	4263.15	4272.66	28200	0	3
2026.06.09	17:00:00	4272.65	4281.13	4236.63	4252.24	30296	0	3
2026.06.09	18:00:00	4252.26	4268.15	4251.45	4263.17	25128	0	3
2026.06.09	19:00:00	4263.24	4274.30	4259.71	4269.94	19617	0	3
2026.06.09	20:00:00	4270.00	4271.75	4249.98	4258.34	20036	0	3
2026.06.09	21:00:00	4258.75	4262.15	4255.76	4260.03	6959	0	3
2026.06.09	23:00:00	4253.22	4257.41	4232.59	4237.37	7755	0	3
2026.06.10	00:00:00	4237.21	4247.46	4210.44	4222.11	12335	0	3
2026.06.10	01:00:00	4222.10	4228.40	4198.95	4218.32	18792	0	3
2026.06.10	02:00:00	4218.27	4218.79	4183.85	4188.82	21237	0	3
2026.06.10	03:00:00	4188.81	4192.59	4173.34	4174.12	19040	0	3
2026.06.10	04:00:00	4174.11	4186.52	4172.79	4184.94	15084	0	3
2026.06.10	05:00:00	4184.93	4187.30	4172.76	4174.87	12817	0	3
2026.06.10	06:00:00	4174.90	4209.09	4173.53	4205.28	17349	0	3
2026.06.10	07:00:00	4205.34	4221.94	4201.82	4204.05	16241	0	3
2026.06.10	08:00:00	4204.06	4208.00	4181.65	4186.35	16133	0	3
2026.06.10	09:00:00	4186.21	4187.47	4161.49	4168.62	19054	0	3
2026.06.10	10:00:00	4168.87	4179.54	4163.15	4168.74	16577	0	3
2026.06.10	11:00:00	4168.73	4178.75	4155.78	4174.76	14764	0	3
2026.06.10	12:00:00	4174.73	4176.14	4145.86	4147.68	21477	0	3
2026.06.10	13:00:00	4147.72	4173.93	4131.05	4147.04	24856	0	3
2026.06.10	14:00:00	4147.02	4186.31	4133.04	4179.67	27432	0	3
2026.06.10	15:00:00	4179.70	4180.80	4118.12	4124.85	27954	0	3
2026.06.10	16:00:00	4124.91	4136.94	4106.92	4128.94	28439	0	3
2026.06.10	17:00:00	4128.89	4134.61	4116.01	4121.94	22831	0	3
2026.06.10	18:00:00	4121.86	4135.01	4100.99	4111.75	22007	0	3
2026.06.10	19:00:00	4111.89	4120.49	4097.07	4101.25	20116	0	3
2026.06.10	20:00:00	4101.65	4102.21	4081.73	4082.94	20600	0	3
2026.06.10	21:00:00	4082.88	4083.17	4067.22	4070.23	9815	0	3
2026.06.10	23:00:00	4065.51	4069.23	4036.22	4046.57	13910	0	3
2026.06.11	00:00:00	4046.75	4064.77	4023.90	4047.35	15089	0	3
2026.06.11	01:00:00	4047.21	4078.06	4036.09	4076.08	22375	0	3
2026.06.11	02:00:00	4075.90	4118.18	4066.53	4102.07	23540	0	3
2026.06.11	03:00:00	4102.13	4102.73	4052.55	4067.99	21117	0	3
2026.06.11	04:00:00	4068.00	4078.58	4056.97	4072.86	17089	0	3
2026.06.11	05:00:00	4072.88	4085.94	4070.22	4082.68	14053	0	3
2026.06.11	06:00:00	4082.69	4106.40	4072.74	4094.42	17466	0	3
2026.06.11	07:00:00	4094.35	4097.53	4076.44	4094.54	16158	0	3
2026.06.11	08:00:00	4094.70	4110.63	4091.53	4105.04	15300	0	3
2026.06.11	09:00:00	4105.05	4112.72	4084.65	4084.68	16025	0	3
2026.06.11	10:00:00	4084.65	4096.50	4077.67	4091.75	12564	0	3
2026.06.11	11:00:00	4091.71	4094.62	4086.64	4089.98	10970	0	3
2026.06.11	12:00:00	4089.99	4096.03	4079.87	4080.40	13820	0	3
2026.06.11	13:00:00	4080.63	4087.21	4057.61	4082.16	20952	0	3
2026.06.11	14:00:00	4081.98	4092.63	4067.22	4083.25	27036	0	3
2026.06.11	15:00:00	4083.24	4085.56	4053.00	4073.64	27420	0	3
2026.06.11	16:00:00	4073.54	4095.47	4070.38	4088.89	24320	0	3
2026.06.11	17:00:00	4088.86	4107.69	4078.14	4080.26	19969	0	3
2026.06.11	18:00:00	4080.30	4169.99	4071.99	4151.83	25428	0	3
2026.06.11	19:00:00	4151.91	4171.69	4131.30	4161.90	25658	0	4
2026.06.11	20:00:00	4161.91	4220.04	4161.91	4208.95	24100	0	4
2026.06.11	21:00:00	4209.01	4218.64	4208.27	4211.00	9932	0	4
2026.06.11	23:00:00	4215.09	4246.49	4204.83	4243.34	8810	0	4
2026.06.12	00:00:00	4243.38	4245.94	4214.30	4219.94	10889	0	4
2026.06.12	01:00:00	4219.89	4230.48	4200.89	4208.47	16271	0	4
2026.06.12	02:00:00	4208.63	4211.03	4171.49	4186.91	20778	0	4
2026.06.12	03:00:00	4186.80	4200.09	4182.78	4191.69	16450	0	4
2026.06.12	04:00:00	4191.63	4205.10	4189.73	4197.03	14900	0	4
2026.06.12	05:00:00	4197.17	4201.13	4189.61	4190.05	10363	0	4
2026.06.12	06:00:00	4189.84	4193.07	4170.87	4173.37	17160	0	4
2026.06.12	07:00:00	4173.39	4185.66	4172.47	4184.19	15885	0	4
2026.06.12	08:00:00	4184.46	4194.22	4170.26	4194.22	14844	0	4
2026.06.12	09:00:00	4194.35	4226.06	4192.04	4219.69	19679	0	4
2026.06.12	10:00:00	4219.72	4227.98	4217.53	4221.94	15552	0	4
2026.06.12	11:00:00	4221.89	4225.64	4202.94	4210.98	14344	0	4
2026.06.12	12:00:00	4211.00	4215.44	4197.61	4207.00	13752	0	4
2026.06.12	13:00:00	4206.99	4215.42	4188.62	4191.78	16743	0	4
2026.06.12	14:00:00	4191.80	4210.16	4182.96	4186.51	23844	0	4
2026.06.12	15:00:00	4186.81	4208.53	4177.38	4203.98	26330	0	4
2026.06.12	16:00:00	4204.03	4235.58	4200.35	4212.06	23115	0	4
2026.06.12	17:00:00	4211.99	4232.93	4208.11	4216.10	19560	0	4
2026.06.12	18:00:00	4216.13	4226.30	4213.95	4221.43	15763	0	4
2026.06.12	19:00:00	4221.42	4235.45	4214.22	4215.64	14895	0	4
2026.06.12	20:00:00	4215.63	4219.14	4201.95	4210.84	13079	0	4
2026.06.12	21:00:00	4210.79	4218.73	4209.46	4218.08	5290	0	4
2026.06.14	23:00:00	4300.37	4308.87	4280.27	4285.73	12107	0	4
2026.06.15	00:00:00	4285.63	4295.16	4281.26	4294.16	7339	0	4
2026.06.15	01:00:00	4294.17	4308.29	4291.67	4292.61	12351	0	4
2026.06.15	02:00:00	4292.62	4319.68	4285.58	4316.81	17479	0	4
2026.06.15	03:00:00	4316.80	4335.55	4316.18	4329.73	12273	0	4
2026.06.15	04:00:00	4329.71	4331.21	4321.26	4325.00	8794	0	4
2026.06.15	05:00:00	4325.05	4330.29	4320.93	4328.50	6150	0	4
2026.06.15	06:00:00	4328.16	4333.12	4307.66	4310.12	11706	0	4
2026.06.15	07:00:00	4310.13	4313.49	4300.86	4308.23	15008	0	4
2026.06.15	08:00:00	4308.45	4325.42	4305.44	4323.31	12063	0	4
2026.06.15	09:00:00	4323.20	4345.39	4321.84	4334.27	12147	0	4
2026.06.15	10:00:00	4334.32	4343.38	4334.32	4336.73	11008	0	4
2026.06.15	11:00:00	4336.74	4341.56	4335.37	4338.24	8857	0	4
2026.06.15	12:00:00	4338.23	4347.56	4331.94	4335.29	10716	0	4
2026.06.15	13:00:00	4335.31	4349.46	4324.78	4349.00	14092	0	4
2026.06.15	14:00:00	4349.02	4368.71	4341.35	4355.36	20214	0	4
2026.06.15	15:00:00	4355.02	4369.28	4353.96	4356.94	20865	0	4
2026.06.15	16:00:00	4356.84	4360.84	4349.77	4356.35	17450	0	4
2026.06.15	17:00:00	4356.33	4358.77	4334.67	4339.29	14155	0	4
2026.06.15	18:00:00	4339.30	4339.31	4320.65	4324.89	14489	0	4
2026.06.15	19:00:00	4324.86	4328.10	4318.21	4325.73	13470	0	4
2026.06.15	20:00:00	4325.72	4326.77	4316.75	4320.90	12329	0	4
2026.06.15	21:00:00	4320.84	4322.14	4306.20	4308.45	5658	0	4
2026.06.15	23:00:00	4309.29	4315.43	4306.07	4312.10	5884	0	4
2026.06.16	00:00:00	4312.11	4319.18	4311.55	4315.72	6986	0	4
2026.06.16	01:00:00	4315.71	4320.84	4306.91	4319.18	11730	0	4
2026.06.16	02:00:00	4319.20	4325.93	4312.18	4313.66	16193	0	4
2026.06.16	03:00:00	4313.64	4320.94	4307.69	4318.72	11698	0	4
2026.06.16	04:00:00	4318.71	4333.20	4315.53	4330.56	11679	0	4
2026.06.16	05:00:00	4330.53	4332.13	4321.30	4322.60	9189	0	4
2026.06.16	06:00:00	4322.58	4330.81	4314.24	4315.91	13380	0	4
2026.06.16	07:00:00	4315.89	4324.43	4313.56	4324.00	13724	0	4
2026.06.16	08:00:00	4323.96	4335.63	4322.69	4335.18	11047	0	4
2026.06.16	09:00:00	4335.17	4348.02	4332.87	4347.02	10889	0	4
2026.06.16	10:00:00	4347.07	4348.39	4338.52	4345.33	9853	0	4
2026.06.16	11:00:00	4345.32	4349.06	4342.30	4349.02	7585	0	4
2026.06.16	12:00:00	4349.05	4349.42	4335.23	4340.95	11179	0	4
2026.06.16	13:00:00	4340.97	4355.00	4337.49	4354.70	15369	0	4
2026.06.16	14:00:00	4354.68	4354.87	4331.70	4331.81	21158	0	4
2026.06.16	15:00:00	4331.97	4338.80	4313.35	4324.13	21285	0	4
2026.06.16	16:00:00	4324.21	4343.46	4321.23	4335.38	17660	0	4
2026.06.16	17:00:00	4335.32	4347.06	4334.99	4340.72	15745	0	4
2026.06.16	18:00:00	4340.61	4341.24	4325.45	4340.37	14687	0	4
2026.06.16	19:00:00	4340.36	4342.84	4336.25	4338.59	13002	0	4
2026.06.16	20:00:00	4338.60	4342.93	4330.58	4334.37	11210	0	4
2026.06.16	21:00:00	4334.22	4335.07	4329.27	4330.75	4730	0	4
2026.06.16	23:00:00	4333.21	4336.23	4329.11	4335.62	2838	0	4
2026.06.17	00:00:00	4335.53	4338.47	4329.57	4331.07	2764	0	4
2026.06.17	01:00:00	4331.32	4341.79	4328.75	4337.21	8836	0	4
2026.06.17	02:00:00	4336.95	4349.70	4334.52	4340.95	13115	0	4
2026.06.17	03:00:00	4340.96	4344.52	4329.84	4331.77	10365	0	4
2026.06.17	04:00:00	4331.73	4334.20	4328.83	4332.36	8602	0	4
2026.06.17	05:00:00	4332.22	4334.25	4317.75	4326.88	7538	0	4
2026.06.17	06:00:00	4326.92	4334.39	4321.28	4326.66	9854	0	4
2026.06.17	07:00:00	4326.68	4331.91	4320.53	4331.84	11339	0	4
2026.06.17	08:00:00	4331.69	4332.93	4324.72	4325.23	7174	0	4
2026.06.17	09:00:00	4325.26	4327.86	4317.18	4324.78	9258	0	4
2026.06.17	10:00:00	4324.76	4335.71	4321.35	4329.59	9498	0	4
2026.06.17	11:00:00	4329.62	4335.25	4326.88	4331.46	8535	0	5
2026.06.17	12:00:00	4331.49	4331.91	4321.05	4323.24	9614	0	5
2026.06.17	13:00:00	4323.23	4335.46	4319.94	4333.65	10676	0	5
2026.06.17	14:00:00	4333.63	4345.27	4323.99	4339.94	17000	0	5
2026.06.17	15:00:00	4339.78	4364.03	4331.00	4344.56	21780	0	5
2026.06.17	16:00:00	4344.53	4364.89	4343.90	4363.67	15875	0	5
2026.06.17	17:00:00	4363.70	4366.56	4355.15	4359.46	10421	0	5
2026.06.17	18:00:00	4359.54	4382.33	4355.45	4379.15	14230	0	5
2026.06.17	19:00:00	4379.15	4379.15	4270.18	4286.16	32526	0	5
2026.06.17	20:00:00	4285.89	4295.59	4219.18	4235.83	31132	0	4
2026.06.17	21:00:00	4235.78	4269.67	4235.13	4257.08	14322	0	4
2026.06.17	23:00:00	4256.03	4271.47	4254.02	4266.83	6872	0	4
2026.06.18	00:00:00	4266.76	4283.85	4264.40	4277.98	7686	0	4
2026.06.18	01:00:00	4278.00	4315.40	4276.58	4308.60	15252	0	4
2026.06.18	02:00:00	4308.46	4328.65	4307.12	4317.90	17886	0	4
2026.06.18	03:00:00	4318.10	4329.94	4310.51	4310.97	14650	0	4
2026.06.18	04:00:00	4310.95	4322.66	4309.17	4319.80	10674	0	4
2026.06.18	05:00:00	4319.77	4324.09	4309.79	4316.10	8548	0	4
2026.06.18	06:00:00	4315.93	4324.81	4301.39	4308.14	13927	0	4
2026.06.18	07:00:00	4308.13	4309.98	4296.31	4306.63	14992	0	4
2026.06.18	08:00:00	4306.60	4309.44	4287.47	4288.74	13909	0	4
2026.06.18	09:00:00	4288.71	4293.08	4265.60	4266.81	14368	0	5
2026.06.18	10:00:00	4266.92	4273.37	4259.72	4268.83	13891	0	5
2026.06.18	11:00:00	4268.78	4272.85	4254.84	4255.67	12911	0	5
2026.06.18	12:00:00	4255.57	4255.87	4239.98	4242.09	15977	0	5
2026.06.18	13:00:00	4242.08	4269.23	4240.48	4246.70	18280	0	5
2026.06.18	14:00:00	4246.64	4276.69	4246.31	4256.64	18771	0	5
2026.06.18	15:00:00	4256.65	4257.83	4237.37	4252.46	22106	0	5
2026.06.18	16:00:00	4252.44	4254.83	4223.18	4226.79	21432	0	5
2026.06.18	17:00:00	4226.61	4233.37	4214.12	4219.48	18236	0	5
2026.06.18	18:00:00	4219.47	4233.13	4218.64	4230.42	14998	0	5
2026.06.18	19:00:00	4230.41	4233.20	4218.30	4218.30	14299	0	5
2026.06.18	20:00:00	4218.31	4219.08	4201.55	4217.10	16364	0	5
2026.06.18	21:00:00	4217.15	4219.67	4207.37	4207.94	6408	0	5
2026.06.18	23:00:00	4207.31	4210.68	4202.66	4207.48	3458	0	5
2026.06.19	00:00:00	4207.51	4208.38	4187.06	4188.42	6793	0	5
2026.06.19	01:00:00	4188.44	4198.25	4184.40	4190.49	11164	0	5
2026.06.19	02:00:00	4190.46	4194.64	4183.84	4184.92	9700	0	5
2026.06.19	03:00:00	4184.98	4186.31	4171.97	4176.35	9364	0	5
2026.06.19	04:00:00	4176.42	4177.30	4147.01	4153.81	11238	0	5
2026.06.19	05:00:00	4153.77	4155.30	4125.04	4125.86	13363	0	5
2026.06.19	06:00:00	4125.85	4141.54	4121.84	4139.70	13273	0	5
2026.06.19	07:00:00	4139.61	4150.63	4132.93	4147.73	13132	0	5
2026.06.19	08:00:00	4147.85	4163.06	4147.85	4158.03	11197	0	5
2026.06.19	09:00:00	4158.04	4178.26	4155.35	4169.11	13041	0	5
2026.06.19	10:00:00	4169.10	4170.91	4161.05	4162.99	10148	0	5
2026.06.19	11:00:00	4162.97	4163.14	4148.20	4149.80	11720	0	5
2026.06.19	12:00:00	4149.77	4155.03	4142.00	4152.67	12158	0	5
2026.06.19	13:00:00	4152.68	4179.88	4147.41	4178.98	14254	0	5
2026.06.19	14:00:00	4179.10	4182.99	4150.74	4151.59	16604	0	5
2026.06.19	15:00:00	4151.55	4154.63	4142.72	4149.34	13836	0	5
2026.06.19	16:00:00	4149.32	4154.08	4147.72	4151.09	9811	0	5
2026.06.19	17:00:00	4151.15	4157.89	4144.41	4155.73	6579	0	5
2026.06.19	18:00:00	4155.79	4156.60	4155.64	4156.18	31	0	5
2026.06.21	23:00:00	4156.36	4159.54	4147.37	4156.41	8547	0	4
2026.06.22	00:00:00	4156.30	4164.78	4136.60	4140.35	10294	0	4
2026.06.22	01:00:00	4140.32	4201.07	4140.13	4200.88	15862	0	4
2026.06.22	02:00:00	4201.08	4220.95	4189.73	4191.04	20086	0	4
2026.06.22	03:00:00	4191.05	4200.43	4183.59	4188.56	14268	0	4
2026.06.22	04:00:00	4188.58	4190.08	4170.77	4171.75	10952	0	4
2026.06.22	05:00:00	4171.57	4182.31	4170.73	4181.93	8708	0	4
2026.06.22	06:00:00	4181.90	4198.61	4179.47	4193.87	12964	0	4
2026.06.22	07:00:00	4193.86	4207.41	4191.24	4197.51	14116	0	4
2026.06.22	08:00:00	4197.65	4201.78	4188.82	4190.46	12502	0	4
2026.06.22	09:00:00	4190.38	4197.79	4188.69	4197.39	12723	0	4
2026.06.22	10:00:00	4197.51	4210.10	4196.05	4208.34	11751	0	4
2026.06.22	11:00:00	4208.32	4214.26	4203.74	4204.79	9789	0	4
2026.06.22	12:00:00	4204.80	4215.15	4201.58	4207.46	12455	0	4
2026.06.22	13:00:00	4207.49	4211.79	4192.30	4193.38	14193	0	4
2026.06.22	14:00:00	4193.51	4205.71	4183.01	4199.90	22881	0	4
2026.06.22	15:00:00	4199.86	4210.80	4186.64	4198.35	23742	0	4
2026.06.22	16:00:00	4198.48	4201.38	4169.91	4182.96	20348	0	4
2026.06.22	17:00:00	4182.97	4193.20	4174.51	4189.89	14457	0	4
2026.06.22	18:00:00	4189.99	4191.72	4177.18	4183.04	11665	0	4
2026.06.22	19:00:00	4183.05	4192.91	4182.59	4191.36	12470	0	4
2026.06.22	20:00:00	4191.35	4193.40	4184.29	4191.31	11107	0	4
2026.06.22	21:00:00	4191.14	4193.82	4188.82	4191.84	4364	0	4
2026.06.22	23:00:00	4192.91	4194.73	4188.51	4190.02	2866	0	4
2026.06.23	00:00:00	4189.97	4195.44	4186.91	4187.78	3484	0	4
2026.06.23	01:00:00	4187.81	4194.74	4178.46	4193.49	11083	0	4
2026.06.23	02:00:00	4193.45	4198.56	4150.10	4161.31	18638	0	4
2026.06.23	03:00:00	4161.33	4163.56	4146.63	4147.00	14861	0	4
2026.06.23	04:00:00	4146.98	4149.78	4130.88	4144.18	14065	0	4
2026.06.23	05:00:00	4144.52	4147.06	4114.94	4118.26	10037	0	4
2026.06.23	06:00:00	4118.21	4137.58	4115.40	4121.17	17140	0	4
2026.06.23	07:00:00	4121.19	4126.96	4110.50	4114.51	19171	0	4
2026.06.23	08:00:00	4114.47	4124.87	4096.72	4098.90	16327	0	4
2026.06.23	09:00:00	4098.87	4111.02	4091.00	4105.38	16419	0	4
2026.06.23	10:00:00	4105.37	4122.35	4104.09	4122.35	12707	0	4
2026.06.23	11:00:00	4122.72	4133.36	4119.71	4119.80	12156	0	4
2026.06.23	12:00:00	4119.86	4131.87	4117.45	4123.37	13994	0	4
2026.06.23	13:00:00	4123.38	4127.48	4111.82	4113.37	15939	0	4
2026.06.23	14:00:00	4113.34	4140.43	4105.42	4135.68	22247	0	4
2026.06.23	15:00:00	4135.54	4144.93	4122.90	4130.16	24468	0	4
2026.06.23	16:00:00	4130.20	4141.75	4123.58	4138.67	18585	0	4
2026.06.23	17:00:00	4138.72	4143.94	4131.65	4134.38	12670	0	4
2026.06.23	18:00:00	4134.34	4139.84	4127.82	4128.09	12352	0	4
2026.06.23	19:00:00	4128.19	4131.10	4112.90	4117.84	12331	0	4
2026.06.23	20:00:00	4117.83	4126.13	4111.72	4111.72	14850	0	4
2026.06.23	21:00:00	4111.69	4112.94	4107.54	4109.37	5271	0	4
2026.06.23	23:00:00	4112.09	4115.15	4097.04	4104.36	7929	0	4
2026.06.24	00:00:00	4104.30	4104.36	4080.89	4099.15	10721	0	4
2026.06.24	01:00:00	4099.30	4112.13	4093.86	4097.44	17848	0	4
2026.06.24	02:00:00	4097.35	4102.32	4068.60	4089.10	24359	0	4
2026.06.24	03:00:00	4089.09	4096.10	4052.20	4061.24	18430	0	4
2026.06.24	04:00:00	4061.34	4070.77	4050.46	4062.75	17642	0	4
2026.06.24	05:00:00	4062.74	4067.33	4055.14	4064.51	13279	0	4
2026.06.24	06:00:00	4064.50	4086.29	4060.85	4075.92	16158	0	4
2026.06.24	07:00:00	4075.90	4097.65	4075.84	4087.17	16519	0	4
2026.06.24	08:00:00	4087.08	4090.90	4073.78	4074.94	12858	0	4
2026.06.24	09:00:00	4074.92	4087.68	4073.24	4076.38	14234	0	4
2026.06.24	10:00:00	4076.42	4079.25	4064.23	4064.77	13274	0	4
2026.06.24	11:00:00	4064.67	4066.95	4054.75	4055.67	14357	0	4
2026.06.24	12:00:00	4055.60	4058.53	4037.65	4046.88	19985	0	4
2026.06.24	13:00:00	4046.83	4048.84	3987.68	3987.75	22103	0	4
2026.06.24	14:00:00	3987.86	4042.04	3964.67	4038.35	28870	0	4
2026.06.24	15:00:00	4038.32	4041.09	4003.06	4008.03	25015	0	4
2026.06.24	16:00:00	4008.45	4016.84	3997.34	4002.58	20632	0	4
2026.06.24	17:00:00	4002.56	4022.27	3995.70	4006.69	18411	0	4
2026.06.24	18:00:00	4006.80	4011.34	3972.87	3972.87	20987	0	4
2026.06.24	19:00:00	3972.86	3994.26	3959.14	3981.43	21573	0	4
2026.06.24	20:00:00	3981.66	3990.87	3973.62	3988.24	17721	0	4
2026.06.24	21:00:00	3988.13	4002.85	3984.81	4000.92	11293	0	4
2026.06.24	23:00:00	4008.38	4008.57	3992.88	3996.45	5399	0	4
2026.06.25	00:00:00	3996.50	4018.75	3990.94	4012.53	7691	0	4
2026.06.25	01:00:00	4012.67	4016.56	3978.47	3991.51	17490	0	4
2026.06.25	02:00:00	3991.50	4005.91	3972.45	3976.79	22818	0	4
2026.06.25	03:00:00	3976.81	3991.15	3963.62	3983.44	19623	0	4
2026.06.25	04:00:00	3982.91	4001.22	3966.38	3995.57	16488	0	4
2026.06.25	05:00:00	3995.50	3997.64	3983.59	3996.12	12053	0	4
2026.06.25	06:00:00	3996.09	4000.06	3980.50	3986.61	16105	0	4
2026.06.25	07:00:00	3986.60	3989.27	3974.15	3977.42	15344	0	4
2026.06.25	08:00:00	3977.64	3989.79	3971.50	3988.00	12658	0	4
2026.06.25	09:00:00	3987.90	4002.13	3984.33	3989.25	12701	0	4
2026.06.25	10:00:00	3989.31	3997.78	3986.18	3988.21	10431	0	4
2026.06.25	11:00:00	3988.29	3989.47	3981.46	3984.40	7762	0	4
2026.06.25	12:00:00	3984.49	3987.83	3973.73	3980.17	11441	0	4
2026.06.25	13:00:00	3980.15	4019.22	3978.97	4012.53	18760	0	4
2026.06.25	14:00:00	4012.44	4034.11	4001.12	4002.32	25679	0	4
2026.06.25	15:00:00	4002.72	4028.47	3999.25	4012.10	26345	0	4
2026.06.25	16:00:00	4012.09	4042.70	4005.08	4041.17	23886	0	4
2026.06.25	17:00:00	4041.70	4044.07	4023.93	4028.74	17823	0	4
2026.06.25	18:00:00	4028.73	4036.78	4026.97	4034.79	14499	0	4
2026.06.25	19:00:00	4034.80	4044.23	4026.25	4034.81	16835	0	4
2026.06.25	20:00:00	4034.79	4043.84	4021.98	4026.86	14062	0	4
2026.06.25	21:00:00	4026.73	4035.05	4024.20	4026.56	6165	0	4
2026.06.25	23:00:00	4027.17	4036.51	4019.88	4026.41	7210	0	4
2026.06.26	00:00:00	4026.34	4030.48	4012.78	4014.55	6641	0	4
2026.06.26	01:00:00	4014.57	4024.56	4011.61	4020.37	15577	0	4
2026.06.26	02:00:00	4020.44	4029.71	4014.33	4021.07	18174	0	4
2026.06.26	03:00:00	4021.42	4023.22	3983.09	3990.79	17515	0	4
2026.06.26	04:00:00	3990.67	4006.79	3986.74	4004.34	15489	0	4
2026.06.26	05:00:00	4004.54	4015.25	3998.82	4011.42	13258	0	4
2026.06.26	06:00:00	4011.61	4021.61	4005.80	4008.08	15590	0	4
2026.06.26	07:00:00	4008.09	4033.24	4006.90	4032.10	17677	0	4
2026.06.26	08:00:00	4032.16	4039.92	4026.88	4030.69	10935	0	4
2026.06.26	09:00:00	4030.59	4037.88	4025.86	4031.03	11728	0	4
2026.06.26	10:00:00	4031.01	4054.12	4029.65	4047.19	13599	0	4
2026.06.26	11:00:00	4047.22	4054.86	4042.40	4054.78	11246	0	4
2026.06.26	12:00:00	4054.96	4055.50	4042.78	4045.99	11333	0	4
2026.06.26	13:00:00	4046.06	4061.60	4035.94	4059.06	14071	0	4
2026.06.26	14:00:00	4059.37	4078.04	4043.39	4073.55	24366	0	4
2026.06.26	15:00:00	4073.53	4093.13	4067.83	4080.64	23475	0	4
2026.06.26	16:00:00	4080.65	4096.12	4075.83	4090.62	18245	0	4
2026.06.26	17:00:00	4090.64	4093.55	4082.32	4085.16	12354	0	4
2026.06.26	18:00:00	4085.20	4088.20	4073.78	4074.78	12017	0	4
2026.06.26	19:00:00	4074.79	4078.95	4067.18	4067.39	10474	0	4
2026.06.26	20:00:00	4067.48	4074.67	4064.67	4071.54	10879	0	4
2026.06.26	21:00:00	4071.70	4089.57	4064.74	4087.63	9466	0	4
2026.06.28	23:00:00	4075.62	4083.48	4052.74	4066.46	10312	0	4
2026.06.29	00:00:00	4066.43	4070.52	4052.05	4062.84	8628	0	4
2026.06.29	01:00:00	4062.88	4074.28	4048.33	4069.63	15939	0	4
2026.06.29	02:00:00	4069.52	4074.57	4053.98	4061.42	19442	0	4
2026.06.29	03:00:00	4061.39	4071.89	4058.51	4066.44	16603	0	4
2026.06.29	04:00:00	4066.42	4075.75	4065.10	4068.98	11945	0	4
2026.06.29	05:00:00	4068.97	4069.02	4049.66	4052.36	9297	0	4
2026.06.29	06:00:00	4051.99	4057.51	4039.38	4054.54	16108	0	4
2026.06.29	07:00:00	4054.57	4064.99	4053.90	4062.42	14798	0	4
2026.06.29	08:00:00	4062.39	4068.61	4056.13	4061.68	11371	0	4
2026.06.29	09:00:00	4061.47	4066.75	4043.72	4047.13	11292	0	4
2026.06.29	10:00:00	4047.15	4055.33	4024.79	4031.70	12205	0	4
2026.06.29	11:00:00	4031.69	4039.77	4027.55	4036.93	9697	0	4
2026.06.29	12:00:00	4036.92	4042.34	4027.54	4039.35	9665	0	4
2026.06.29	13:00:00	4039.34	4052.44	4037.73	4043.68	11818	0	4
2026.06.29	14:00:00	4043.67	4051.80	4028.44	4032.28	18030	0	4
2026.06.29	15:00:00	4032.38	4035.50	4000.20	4025.77	23618	0	4
2026.06.29	16:00:00	4025.76	4030.48	4016.82	4027.01	17612	0	4
2026.06.29	17:00:00	4027.04	4028.68	4018.76	4023.92	10228	0	4
2026.06.29	18:00:00	4023.97	4032.10	4019.42	4021.04	10488	0	4
2026.06.29	19:00:00	4021.08	4025.29	4012.05	4013.47	8827	0	4
2026.06.29	20:00:00	4013.44	4019.55	4005.44	4015.94	11247	0	4
2026.06.29	21:00:00	4015.95	4018.08	4012.83	4016.26	3235	0	4
2026.06.29	23:00:00	4020.25	4022.19	4009.68	4014.25	5296	0	4
2026.06.30	00:00:00	4014.52	4022.41	4013.49	4014.98	4930	0	4
2026.06.30	01:00:00	4014.78	4015.18	3980.02	3987.30	15776	0	4
2026.06.30	02:00:00	3987.18	3987.31	3942.74	3969.47	22944	0	4
2026.06.30	03:00:00	3969.30	3973.35	3952.37	3962.98	17367	0	4
2026.06.30	04:00:00	3962.89	3971.19	3960.26	3969.90	13345	0	4
2026.06.30	05:00:00	3969.84	3998.13	3968.26	3985.61	11630	0	4
2026.06.30	06:00:00	3985.60	3990.94	3975.17	3978.03	13927	0	4
2026.06.30	07:00:00	3978.05	4034.10	3978.05	4029.79	19973	0	4
2026.06.30	08:00:00	4029.71	4034.80	4023.89	4032.27	11643	0	4
2026.06.30	09:00:00	4032.29	4037.67	4013.84	4015.60	13643	0	4
2026.06.30	10:00:00	4015.53	4023.94	4012.55	4023.94	10588	0	4
2026.06.30	11:00:00	4024.04	4031.37	4021.59	4029.91	8809	0	4
2026.06.30	12:00:00	4029.88	4037.42	4025.52	4034.04	10892	0	4
2026.06.30	13:00:00	4034.01	4034.52	4008.79	4010.30	14165	0	4
2026.06.30	14:00:00	4010.21	4033.37	4009.48	4029.71	20500	0	4
2026.06.30	15:00:00	4030.08	4063.45	4025.43	4037.43	22893	0	4
2026.06.30	16:00:00	4037.62	4039.37	4022.32	4029.42	16810	0	4
2026.06.30	17:00:00	4029.38	4033.97	4026.00	4026.19	10425	0	4
2026.06.30	18:00:00	4026.20	4032.24	4020.83	4030.85	10501	0	4
2026.06.30	19:00:00	4030.86	4033.87	4028.32	4028.58	8399	0	4
2026.06.30	20:00:00	4028.59	4029.53	4014.73	4016.04	10853	0	4
2026.06.30	21:00:00	4016.13	4021.14	4006.10	4007.02	5215	0	4
2026.06.30	23:00:00	4011.95	4018.07	4011.19	4013.21	5629	0	4
2026.07.01	00:00:00	4013.19	4018.49	4005.43	4005.83	6260	0	4
2026.07.01	01:00:00	4005.82	4009.82	3993.19	3996.83	12908	0	4
2026.07.01	02:00:00	3996.84	3999.85	3974.05	3977.87	19433	0	4
2026.07.01	03:00:00	3977.89	3986.17	3970.24	3979.30	15198	0	4
2026.07.01	04:00:00	3979.32	3987.16	3976.89	3980.61	11325	0	4
2026.07.01	05:00:00	3980.76	3982.84	3972.52	3976.72	8414	0	4
2026.07.01	06:00:00	3976.71	3978.99	3969.93	3974.08	12886	0	4
2026.07.01	07:00:00	3974.01	3977.55	3963.26	3971.91	12921	0	4
2026.07.01	08:00:00	3971.88	3978.44	3960.21	3976.10	12260	0	4
2026.07.01	09:00:00	3976.11	3984.50	3969.56	3974.59	10876	0	4
2026.07.01	10:00:00	3974.58	3986.06	3972.92	3984.48	9242	0	4
2026.07.01	11:00:00	3984.56	3998.81	3981.46	3998.41	9246	0	4
2026.07.01	12:00:00	3998.43	4035.54	3997.94	4030.47	14837	0	4
2026.07.01	13:00:00	4030.49	4033.99	4019.66	4022.86	16284	0	4
2026.07.01	14:00:00	4022.90	4107.89	4012.92	4089.95	26675	0	4
2026.07.01	15:00:00	4090.01	4115.60	4083.09	4093.41	24344	0	4
2026.07.01	16:00:00	4093.44	4094.63	4076.97	4081.24	17180	0	4
2026.07.01	17:00:00	4081.21	4088.45	4070.56	4071.28	11951	0	4
2026.07.01	18:00:00	4071.32	4073.71	4067.42	4068.27	11740	0	4
2026.07.01	19:00:00	4068.26	4070.85	4057.95	4062.21	12786	0	4
2026.07.01	20:00:00	4062.20	4068.38	4034.58	4038.92	12188	0	4
2026.07.01	21:00:00	4038.79	4039.73	4028.57	4031.22	7279	0	4
2026.07.01	23:00:00	4035.02	4045.26	4034.91	4045.13	5344	0	4
2026.07.02	00:00:00	4045.06	4045.12	4033.43	4035.21	6173	0	4
2026.07.02	01:00:00	4034.96	4052.61	4030.85	4051.82	13926	0	4
2026.07.02	02:00:00	4051.92	4068.63	4045.30	4050.28	18272	0	4
2026.07.02	03:00:00	4050.23	4061.05	4041.36	4057.24	14723	0	4
2026.07.02	04:00:00	4057.13	4074.17	4055.56	4069.99	12953	0	4
2026.07.02	05:00:00	4069.98	4073.04	4060.67	4060.80	9355	0	4
2026.07.02	06:00:00	4060.83	4067.79	4053.22	4066.14	14629	0	4
2026.07.02	07:00:00	4066.15	4079.80	4066.08	4073.18	14399	0	4
2026.07.02	08:00:00	4073.21	4075.63	4060.88	4064.71	13088	0	4
2026.07.02	09:00:00	4064.65	4080.08	4061.38	4076.21	12132	0	4
2026.07.02	10:00:00	4076.16	4077.04	4064.00	4065.38	11234	0	4
2026.07.02	11:00:00	4065.37	4068.76	4061.61	4066.36	10139	0	4
2026.07.02	12:00:00	4066.46	4072.37	4057.51	4065.30	12007	0	4
2026.07.02	13:00:00	4065.33	4140.47	4061.45	4117.61	22376	0	4
2026.07.02	14:00:00	4117.65	4144.06	4109.46	4136.89	25516	0	4
2026.07.02	15:00:00	4136.88	4138.19	4114.08	4128.61	23935	0	4
2026.07.02	16:00:00	4128.70	4131.41	4114.81	4128.53	20444	0	4
2026.07.02	17:00:00	4128.84	4130.28	4100.41	4118.16	16265	0	4
2026.07.02	18:00:00	4118.18	4119.97	4105.83	4106.90	16116	0	4
2026.07.02	19:00:00	4106.88	4127.10	4105.98	4122.67	15191	0	4
2026.07.02	20:00:00	4122.83	4124.46	4108.26	4121.47	13639	0	4
2026.07.02	21:00:00	4121.34	4125.16	4116.45	4123.69	5098	0	4
2026.07.02	23:00:00	4125.09	4128.15	4122.69	4124.79	2869	0	4
2026.07.03	00:00:00	4124.81	4134.10	4121.19	4126.18	7270	0	4
2026.07.03	01:00:00	4126.24	4151.08	4123.01	4147.21	15898	0	4
2026.07.03	02:00:00	4147.39	4195.47	4146.63	4182.44	21042	0	4
2026.07.03	03:00:00	4182.46	4186.89	4176.59	4183.54	13431	0	4
2026.07.03	04:00:00	4183.53	4184.62	4175.29	4176.07	9743	0	4
2026.07.03	05:00:00	4176.06	4182.86	4173.27	4178.91	7493	0	4
2026.07.03	06:00:00	4178.90	4181.92	4169.35	4171.33	10831	0	4
2026.07.03	07:00:00	4171.40	4174.49	4160.56	4173.12	13107	0	4
2026.07.03	08:00:00	4173.24	4181.69	4169.31	4177.00	9769	0	4
2026.07.03	09:00:00	4177.15	4186.60	4177.04	4181.09	9404	0	4
2026.07.03	10:00:00	4181.10	4181.82	4168.53	4172.06	8575	0	4
2026.07.03	11:00:00	4172.00	4181.24	4170.80	4177.24	5952	0	4
2026.07.03	12:00:00	4177.05	4186.34	4175.64	4181.08	6857	0	4
2026.07.03	13:00:00	4181.07	4183.28	4172.23	4176.97	8001	0	4
2026.07.03	14:00:00	4176.92	4179.40	4163.61	4164.75	12575	0	4
2026.07.03	15:00:00	4164.73	4171.25	4155.48	4169.88	10393	0	4
2026.07.03	16:00:00	4169.87	4174.50	4164.56	4165.04	8099	0	4
2026.07.03	17:00:00	4164.95	4176.48	4162.90	4174.92	6325	0	4
2026.07.05	23:00:00	4179.75	4191.58	4176.84	4188.24	7305	0	4
2026.07.06	00:00:00	4188.21	4201.88	4177.62	4183.21	8357	0	4
2026.07.06	01:00:00	4183.47	4188.99	4170.53	4180.41	15586	0	4
2026.07.06	02:00:00	4179.87	4203.05	4172.69	4186.09	19446	0	4
2026.07.06	03:00:00	4186.42	4187.86	4168.66	4174.23	16676	0	4
2026.07.06	04:00:00	4174.21	4176.47	4161.10	4165.29	12091	0	4
2026.07.06	05:00:00	4165.25	4166.70	4157.46	4159.67	8178	0	4
2026.07.06	06:00:00	4159.81	4161.14	4144.86	4148.13	13286	0	4
2026.07.06	07:00:00	4148.10	4159.63	4145.83	4150.40	10814	0	4
2026.07.06	08:00:00	4150.48	4166.37	4147.25	4164.54	9746	0	4
2026.07.06	09:00:00	4164.57	4166.06	4147.21	4150.59	9327	0	4
2026.07.06	10:00:00	4150.60	4151.34	4136.60	4143.29	9181	0	4
2026.07.06	11:00:00	4143.30	4155.83	4142.17	4155.06	7994	0	4
2026.07.06	12:00:00	4155.01	4159.60	4151.53	4155.32	8803	0	4
2026.07.06	13:00:00	4155.37	4158.52	4131.58	4139.68	13200	0	4
2026.07.06	14:00:00	4139.64	4150.47	4137.02	4140.60	19145	0	4
2026.07.06	15:00:00	4140.44	4147.27	4128.49	4138.17	17901	0	4
2026.07.06	16:00:00	4138.27	4152.04	4137.56	4148.39	13483	0	4
2026.07.06	17:00:00	4148.18	4156.27	4140.31	4155.14	10681	0	4
2026.07.06	18:00:00	4155.16	4161.66	4150.38	4161.46	12075	0	4
2026.07.06	19:00:00	4161.39	4167.58	4155.45	4163.97	10046	0	4
2026.07.06	20:00:00	4163.99	4165.48	4158.93	4163.82	9968	0	4
2026.07.06	21:00:00	4163.84	4164.87	4160.86	4164.00	3415	0	4
2026.07.06	23:00:00	4166.42	4168.52	4163.42	4164.31	2973	0	4
2026.07.07	00:00:00	4164.37	4165.82	4157.01	4157.34	4567	0	4
2026.07.07	01:00:00	4157.13	4162.83	4145.44	4146.08	12798	0	4
2026.07.07	02:00:00	4146.06	4148.06	4125.94	4141.97	18178	0	4
2026.07.07	03:00:00	4142.04	4145.34	4131.47	4136.67	12296	0	4
2026.07.07	04:00:00	4136.78	4140.13	4124.48	4131.18	11613	0	4
2026.07.07	05:00:00	4131.16	4141.36	4125.93	4126.72	9220	0	4
2026.07.07	06:00:00	4126.76	4131.41	4116.74	4123.99	15523	0	4
2026.07.07	07:00:00	4123.90	4133.01	4121.54	4130.47	11838	0	4
2026.07.07	08:00:00	4130.44	4133.61	4124.43	4124.84	9818	0	4
2026.07.07	09:00:00	4124.55	4139.24	4121.95	4126.11	11353	0	4
2026.07.07	10:00:00	4126.05	4133.80	4119.96	4131.22	10628	0	4
2026.07.07	11:00:00	4131.28	4139.03	4131.26	4135.77	8910	0	4
2026.07.07	12:00:00	4135.87	4158.24	4131.94	4156.74	11393	0	4
2026.07.07	13:00:00	4156.80	4175.12	4154.67	4172.37	16334	0	4
2026.07.07	14:00:00	4172.39	4180.49	4156.10	4158.61	21378	0	4
2026.07.07	15:00:00	4158.64	4163.68	4143.67	4154.28	23267	0	4
2026.07.07	16:00:00	4154.27	4155.61	4135.95	4139.12	19640	0	4
2026.07.07	17:00:00	4139.24	4147.29	4137.10	4145.18	12480	0	4
2026.07.07	18:00:00	4145.14	4148.24	4140.68	4144.63	11893	0	4
2026.07.07	19:00:00	4144.72	4145.25	4125.19	4127.08	13902	0	4
2026.07.07	20:00:00	4127.02	4127.80	4092.23	4114.38	20201	0	4
2026.07.07	21:00:00	4114.30	4115.95	4103.61	4106.50	6532	0	4
2026.07.07	23:00:00	4101.58	4106.04	4095.92	4098.46	6870	0	4
2026.07.08	00:00:00	4098.52	4107.87	4095.99	4098.58	9982	0	4
2026.07.08	01:00:00	4098.74	4126.72	4097.05	4111.48	18904	0	4
2026.07.08	02:00:00	4111.47	4117.98	4096.47	4111.32	22328	0	4
2026.07.08	03:00:00	4111.42	4124.97	4106.04	4114.64	16615	0	4
2026.07.08	04:00:00	4114.69	4131.24	4114.60	4123.62	14235	0	4
2026.07.08	05:00:00	4123.61	4128.92	4120.73	4125.22	11533	0	4
2026.07.08	06:00:00	4125.27	4133.97	4121.25	4127.83	16724	0	4
2026.07.08	07:00:00	4127.87	4133.69	4122.27	4123.74	15449	0	4
2026.07.08	08:00:00	4123.76	4127.29	4114.88	4121.05	12566	0	4
2026.07.08	09:00:00	4121.12	4121.42	4052.33	4056.88	24548	0	4
2026.07.08	10:00:00	4056.90	4061.08	4041.60	4043.47	20598	0	4
2026.07.08	11:00:00	4043.51	4058.42	4040.69	4053.15	16078	0	4
2026.07.08	12:00:00	4053.10	4072.67	4041.67	4062.09	17239	0	4
2026.07.08	13:00:00	4062.25	4086.50	4058.80	4072.28	20178	0	4
2026.07.08	14:00:00	4072.46	4082.94	4065.23	4070.85	26111	0	4
2026.07.08	15:00:00	4070.87	4071.49	4033.97	4040.96	27105	0	4
2026.07.08	16:00:00	4040.97	4043.83	4021.82	4034.38	24442	0	4
2026.07.08	17:00:00	4034.33	4064.55	4033.26	4063.82	20229	0	4
2026.07.08	18:00:00	4063.81	4076.39	4059.76	4065.66	17714	0	4
2026.07.08	19:00:00	4065.67	4091.49	4063.72	4084.46	18358	0	4
2026.07.08	20:00:00	4084.47	4091.30	4078.32	4080.14	15794	0	4
2026.07.08	21:00:00	4080.08	4083.57	4071.58	4077.27	8513	0	4
2026.07.08	23:00:00	4078.56	4079.99	4072.03	4076.70	5608	0	4
2026.07.09	00:00:00	4076.71	4077.90	4072.10	4076.30	5939	0	4
2026.07.09	01:00:00	4076.24	4089.99	4070.41	4074.12	15142	0	4
2026.07.09	02:00:00	4074.08	4078.91	4062.38	4072.89	18922	0	4
2026.07.09	03:00:00	4073.03	4082.74	4064.44	4065.09	13229	0	4
2026.07.09	04:00:00	4065.07	4067.64	4054.31	4064.17	12672	0	4
2026.07.09	05:00:00	4064.20	4064.62	4056.50	4064.43	8585	0	4
2026.07.09	06:00:00	4064.40	4084.34	4063.74	4082.01	15287	0	4
2026.07.09	07:00:00	4082.03	4108.16	4081.53	4107.96	16775	0	4
2026.07.09	08:00:00	4108.03	4111.22	4101.63	4108.05	11904	0	4
2026.07.09	09:00:00	4108.02	4117.79	4105.39	4108.38	11705	0	4
2026.07.09	10:00:00	4108.37	4112.44	4103.27	4106.42	10614	0	4
2026.07.09	11:00:00	4106.40	4110.08	4093.80	4099.13	9997	0	4
2026.07.09	12:00:00	4099.14	4110.60	4097.94	4108.70	11823	0	4
2026.07.09	13:00:00	4108.71	4122.65	4105.21	4107.70	15906	0	4
2026.07.09	14:00:00	4107.68	4129.58	4106.74	4122.05	20789	0	4
2026.07.09	15:00:00	4122.03	4136.21	4114.29	4127.80	21396	0	4
2026.07.09	16:00:00	4127.88	4132.81	4124.90	4127.05	15078	0	4
2026.07.09	17:00:00	4127.04	4138.12	4125.78	4128.09	12315	0	4
2026.07.09	18:00:00	4128.12	4138.11	4125.11	4136.22	12963	0	4
2026.07.09	19:00:00	4136.18	4136.40	4121.53	4124.68	11366	0	4
2026.07.09	20:00:00	4124.65	4127.02	4119.00	4122.56	11106	0	4
2026.07.09	21:00:00	4122.53	4125.63	4120.60	4123.67	3824	0	4
2026.07.09	23:00:00	4124.43	4127.52	4121.59	4121.82	4249	0	4
2026.07.10	00:00:00	4121.87	4125.16	4121.13	4123.48	3869	0	4
2026.07.10	01:00:00	4123.44	4128.45	4114.57	4126.57	11685	0	4
2026.07.10	02:00:00	4126.48	4131.16	4108.84	4116.98	16537	0	4
2026.07.10	03:00:00	4116.88	4129.18	4116.20	4127.87	11915	0	4
2026.07.10	04:00:00	4127.84	4134.84	4119.50	4120.32	10108	0	4
2026.07.10	05:00:00	4120.30	4121.15	4112.16	4115.23	6937	0	4
2026.07.10	06:00:00	4115.18	4117.30	4108.31	4116.91	11125	0	4
2026.07.10	07:00:00	4116.93	4120.17	4111.21	4111.82	11139	0	4
2026.07.10	08:00:00	4111.75	4115.35	4104.39	4109.06	7724	0	4
2026.07.10	09:00:00	4108.95	4109.60	4094.90	4098.01	8845	0	4
2026.07.10	10:00:00	4097.98	4105.50	4094.49	4104.41	7169	0	4
2026.07.10	11:00:00	4104.43	4112.76	4104.24	4104.60	6808	0	4
2026.07.10	12:00:00	4104.67	4108.21	4096.12	4102.42	8110	0	4
2026.07.10	13:00:00	4102.43	4117.66	4097.66	4100.78	12296	0	4
2026.07.10	14:00:00	4100.88	4106.78	4085.69	4100.00	16328	0	4
2026.07.10	15:00:00	4100.01	4108.90	4072.83	4092.93	20796	0	4
2026.07.10	16:00:00	4092.94	4113.48	4091.48	4113.12	17553	0	4
2026.07.10	17:00:00	4113.09	4115.47	4104.48	4104.60	12723	0	4
2026.07.10	18:00:00	4104.54	4106.91	4100.59	4100.90	10383	0	4
2026.07.10	19:00:00	4100.83	4105.25	4098.16	4101.26	10314	0	4
2026.07.10	20:00:00	4101.34	4109.10	4097.88	4108.61	8463	0	4
2026.07.10	21:00:00	4108.55	4120.75	4108.41	4119.36	4934	0	4
2026.07.12	23:00:00	4091.26	4094.01	4070.12	4076.86	11875	0	4
2026.07.13	00:00:00	4076.88	4084.90	4068.55	4084.49	10781	0	4
2026.07.13	01:00:00	4084.50	4091.18	4061.27	4074.06	18217	0	4
2026.07.13	02:00:00	4074.05	4089.72	4065.59	4072.41	22177	0	4
2026.07.13	03:00:00	4072.44	4077.55	4064.81	4068.77	17431	0	4
2026.07.13	04:00:00	4068.68	4069.45	4053.00	4060.55	14210	0	4
2026.07.13	05:00:00	4060.57	4060.57	4050.40	4058.93	11586	0	4
2026.07.13	06:00:00	4058.97	4073.21	4052.46	4053.83	17086	0	4
2026.07.13	07:00:00	4053.81	4063.62	4043.95	4055.68	16438	0	4
2026.07.13	08:00:00	4055.59	4065.16	4049.07	4064.58	12213	0	4
2026.07.13	09:00:00	4064.55	4080.75	4063.20	4074.62	14804	0	4
2026.07.13	10:00:00	4074.60	4076.79	4068.28	4068.38	9747	0	4
2026.07.13	11:00:00	4068.37	4070.69	4046.85	4060.69	10443	0	4
2026.07.13	12:00:00	4060.73	4068.35	4055.03	4056.49	12978	0	4
2026.07.13	13:00:00	4056.53	4067.48	4053.63	4067.44	14549	0	4
2026.07.13	14:00:00	4067.43	4067.64	4042.17	4043.29	22481	0	4
2026.07.13	15:00:00	4043.27	4046.98	4000.47	4015.27	25649	0	4
2026.07.13	16:00:00	4015.39	4020.32	4010.38	4016.08	17903	0	4
2026.07.13	17:00:00	4016.03	4017.99	3986.52	3993.33	19694	0	4
2026.07.13	18:00:00	3993.31	4001.90	3992.10	3993.22	17367	0	4
2026.07.13	19:00:00	3993.25	4005.14	3986.84	4001.57	17924	0	4
2026.07.13	20:00:00	4001.81	4004.59	3993.51	4002.12	15860	0	4
2026.07.13	21:00:00	4002.08	4006.17	3996.93	4001.78	7432	0	4
2026.07.13	23:00:00	4003.61	4005.96	4000.92	4001.06	4680	0	4
2026.07.14	00:00:00	4001.01	4003.19	3992.73	4001.21	8728	0	4
2026.07.14	01:00:00	4001.20	4007.33	3983.72	4004.21	22094	0	4
2026.07.14	02:00:00	4004.24	4012.17	3992.27	4010.53	21218	0	4
2026.07.14	03:00:00	4010.63	4019.13	4006.10	4012.39	15794	0	4
2026.07.14	04:00:00	4012.42	4019.10	4011.20	4016.72	12731	0	4
2026.07.14	05:00:00	4016.96	4023.61	4013.58	4020.32	9655	0	4
2026.07.14	06:00:00	4020.36	4034.18	4019.76	4031.47	12851	0	4
2026.07.14	07:00:00	4031.45	4033.26	4021.83	4024.01	12449	0	4
2026.07.14	08:00:00	4023.99	4029.92	4020.20	4020.76	12362	0	4
2026.07.14	09:00:00	4020.75	4023.95	4014.74	4015.92	11948	0	4
2026.07.14	10:00:00	4015.93	4024.48	4013.83	4021.76	11733	0	4
2026.07.14	11:00:00	4021.75	4022.89	4015.25	4021.73	10130	0	4
2026.07.14	12:00:00	4021.65	4031.93	4015.56	4031.32	12560	0	4
2026.07.14	13:00:00	4031.28	4103.02	4023.30	4076.45	22143	0	4
2026.07.14	14:00:00	4076.35	4088.73	4071.00	4076.79	25158	0	4
2026.07.14	15:00:00	4076.77	4090.28	4070.84	4085.29	24522	0	4
2026.07.14	16:00:00	4085.21	4100.63	4064.74	4066.30	21781	0	4
2026.07.14	17:00:00	4066.32	4067.01	4057.81	4061.67	16035	0	4
2026.07.14	18:00:00	4061.59	4065.14	4054.53	4062.90	12814	0	4
2026.07.14	19:00:00	4062.82	4063.19	4042.88	4054.21	14269	0	4
2026.07.14	20:00:00	4054.22	4057.30	4047.74	4055.78	12435	0	4
2026.07.14	21:00:00	4055.83	4056.47	4049.33	4052.59	4899	0	4
2026.07.14	23:00:00	4052.00	4053.12	4048.55	4049.11	5637	0	4
2026.07.15	00:00:00	4049.17	4056.21	4046.83	4053.07	6942	0	4
2026.07.15	01:00:00	4053.08	4060.73	4051.11	4059.12	13572	0	4
2026.07.15	02:00:00	4059.38	4062.16	4035.63	4037.31	19193	0	4
2026.07.15	03:00:00	4037.33	4042.23	4029.29	4035.39	14165	0	4
2026.07.15	04:00:00	4035.30	4040.40	4028.18	4031.30	11094	0	4
2026.07.15	05:00:00	4031.37	4035.18	4028.23	4033.20	7824	0	4
2026.07.15	06:00:00	4033.19	4036.74	4022.19	4034.88	12841	0	4
2026.07.15	07:00:00	4034.86	4035.50	4021.40	4032.17	13159	0	4
2026.07.15	08:00:00	4032.19	4034.38	4019.74	4024.55	12618	0	4
2026.07.15	09:00:00	4024.65	4033.26	4017.52	4031.24	12198	0	4
2026.07.15	10:00:00	4031.34	4034.36	4025.52	4030.42	10547	0	4
2026.07.15	11:00:00	4030.35	4036.11	4026.63	4028.23	10926	0	4
2026.07.15	12:00:00	4028.11	4040.22	4027.71	4038.40	11850	0	4
2026.07.15	13:00:00	4038.41	4071.50	4035.94	4067.83	18094	0	4
2026.07.15	14:00:00	4067.84	4074.07	4054.28	4061.48	21084	0	4
2026.07.15	15:00:00	4061.66	4066.04	4053.36	4060.36	20877	0	4
2026.07.15	16:00:00	4060.92	4063.01	4039.79	4047.12	19374	0	4
2026.07.15	17:00:00	4047.06	4047.87	4027.00	4033.84	19664	0	4
2026.07.15	18:00:00	4033.79	4066.14	4033.01	4062.32	16333	0	4
2026.07.15	19:00:00	4062.34	4081.24	4058.13	4059.18	15294	0	4
2026.07.15	20:00:00	4059.20	4062.98	4048.03	4057.19	13372	0	4
2026.07.15	21:00:00	4057.21	4063.24	4055.24	4059.81	5158	0	4
2026.07.15	23:00:00	4063.23	4064.89	4058.33	4059.70	5393	0	4
2026.07.16	00:00:00	4059.69	4062.14	4055.78	4057.94	7152	0	4
2026.07.16	01:00:00	4058.11	4061.35	4043.97	4044.67	14067	0	4
2026.07.16	02:00:00	4044.69	4050.62	4033.98	4039.11	19355	0	4
2026.07.16	03:00:00	4039.13	4040.19	4024.41	4031.61	15310	0	4
2026.07.16	04:00:00	4031.50	4036.95	4027.86	4036.36	11762	0	4
2026.07.16	05:00:00	4036.37	4037.97	4032.01	4033.25	7437	0	4
2026.07.16	06:00:00	4033.14	4034.05	4025.39	4027.38	13656	0	4
2026.07.16	07:00:00	4027.37	4036.56	4023.09	4030.78	14322	0	4
2026.07.16	08:00:00	4030.65	4031.94	4023.12	4030.81	13473	0	4
2026.07.16	09:00:00	4030.73	4036.66	4025.35	4035.39	13316	0	4
2026.07.16	10:00:00	4035.38	4037.77	4030.55	4031.77	10775	0	4
2026.07.16	11:00:00	4031.65	4034.83	4028.74	4029.64	10420	0	4
2026.07.16	12:00:00	4029.59	4042.44	4021.41	4038.55	14466	0	4
2026.07.16	13:00:00	4038.49	4043.44	3990.47	3992.56	21342	0	4
2026.07.16	14:00:00	3992.42	4008.48	3974.04	3990.26	24922	0	4
2026.07.16	15:00:00	3990.17	4006.72	3987.23	3997.91	23817	0	4
2026.07.16	16:00:00	3997.99	4016.99	3989.45	4007.01	19930	0	4
2026.07.16	17:00:00	4007.00	4007.63	3982.51	3992.04	18719	0	4
2026.07.16	18:00:00	3992.03	3992.98	3980.23	3984.60	16505	0	4
2026.07.16	19:00:00	3984.66	3990.47	3976.64	3980.39	17097	0	4
2026.07.16	20:00:00	3980.43	3986.18	3969.37	3979.87	15744	0	4
2026.07.16	21:00:00	3980.00	3980.19	3971.96	3976.25	5861	0	4
2026.07.16	23:00:00	3977.24	3980.22	3973.19	3978.48	5128	0	4
2026.07.17	00:00:00	3978.49	3986.58	3975.20	3986.08	8754	0	4
2026.07.17	01:00:00	3986.11	3992.01	3980.75	3991.90	16223	0	4
2026.07.17	02:00:00	3991.86	3996.17	3979.23	3983.30	20667	0	4
2026.07.17	03:00:00	3983.51	3987.51	3970.84	3979.22	16749	0	4
2026.07.17	04:00:00	3979.23	4008.73	3978.81	3991.44	15936	0	4
2026.07.17	05:00:00	3991.27	3991.75	3980.23	3981.84	11734	0	4
2026.07.17	06:00:00	3981.78	3991.52	3975.40	3984.98	17433	0	4
2026.07.17	07:00:00	3985.03	4007.23	3985.03	3999.43	16811	0	4
2026.07.17	08:00:00	3999.44	4002.59	3992.67	3992.83	13755	0	4
2026.07.17	09:00:00	3992.81	3999.94	3987.90	3994.36	15623	0	4
2026.07.17	10:00:00	3994.32	4002.50	3992.88	3998.13	13621	0	4
2026.07.17	11:00:00	3998.12	3999.16	3990.59	3990.90	12050	0	4
2026.07.17	12:00:00	3990.89	3998.87	3990.05	3994.13	12818	0	4
2026.07.17	13:00:00	3994.15	3995.58	3964.24	3966.21	16142	0	4
2026.07.17	14:00:00	3966.22	4003.68	3959.77	3997.14	25190	0	4
2026.07.17	15:00:00	3997.26	4004.54	3990.18	4001.30	23643	0	4
2026.07.17	16:00:00	4001.25	4021.27	3997.87	4019.09	21534	0	4
2026.07.17	17:00:00	4019.34	4023.76	4011.09	4014.99	16642	0	4
2026.07.17	18:00:00	4015.03	4019.27	4008.49	4010.11	13723	0	4
2026.07.17	19:00:00	4010.37	4016.21	4006.67	4011.38	15363	0	4
2026.07.17	20:00:00	4011.34	4016.63	4002.42	4015.46	13900	0	4
2026.07.17	21:00:00	4015.48	4018.57	4008.72	4016.99	6367	0	4
2026.07.19	23:00:00	3996.22	4001.88	3993.50	3994.86	7074	0	4
2026.07.20	00:00:00	3994.88	3996.20	3989.54	3995.66	8710	0	4
2026.07.20	01:00:00	3995.55	4010.22	3982.62	4008.58	17078	0	4
2026.07.20	02:00:00	4008.68	4020.75	3995.80	4002.20	20910	0	4
2026.07.20	03:00:00	4002.24	4028.86	4001.39	4022.02	17978	0	4
2026.07.20	04:00:00	4021.91	4028.07	4018.71	4024.15	13667	0	4
2026.07.20	05:00:00	4024.14	4026.78	4018.53	4018.91	8458	0	4
2026.07.20	06:00:00	4018.85	4021.18	4005.49	4008.76	13194	0	4
2026.07.20	07:00:00	4008.73	4011.82	4003.02	4003.92	14173	0	4
2026.07.20	08:00:00	4004.06	4021.88	4002.23	4017.22	11763	0	4
2026.07.20	09:00:00	4017.23	4030.65	4017.23	4019.03	10988	0	4
2026.07.20	10:00:00	4018.98	4023.36	4015.02	4021.27	10630	0	4
2026.07.20	11:00:00	4021.29	4025.67	4018.27	4024.23	9434	0	4
2026.07.20	12:00:00	4024.33	4040.75	4019.88	4025.35	15409	0	4
2026.07.20	13:00:00	4025.34	4025.34	4006.65	4008.27	17264	0	4
2026.07.20	14:00:00	4008.24	4017.42	4005.84	4005.87	19106	0	4
2026.07.20	15:00:00	4005.85	4013.53	3998.34	4006.18	19863	0	4
2026.07.20	16:00:00	4006.20	4019.53	4004.58	4011.90	17353	0	4
2026.07.20	17:00:00	4011.87	4018.40	4001.65	4009.87	13008	0	4
2026.07.20	18:00:00	4009.86	4013.08	4003.76	4005.30	11314	0	4
2026.07.20	19:00:00	4005.32	4011.86	4003.38	4007.33	12766	0	4
2026.07.20	20:00:00	4007.37	4018.11	4004.33	4007.00	12261	0	4
2026.07.20	21:00:00	4007.17	4009.52	4005.85	4008.41	4547	0	4
2026.07.20	23:00:00	4009.11	4010.83	3999.85	4000.53	6911	0	4
2026.07.21	00:00:00	4000.64	4010.64	4000.31	4010.03	8362	0	4
2026.07.21	01:00:00	4010.04	4027.16	4004.00	4024.94	15541	0	4
2026.07.21	02:00:00	4024.97	4035.94	4018.51	4023.26	17410	0	4
2026.07.21	03:00:00	4023.31	4045.19	4022.10	4038.17	14321	0	4
2026.07.21	04:00:00	4038.10	4050.79	4036.92	4047.06	11738	0	4
2026.07.21	05:00:00	4047.09	4051.81	4043.83	4049.72	7437	0	4
2026.07.21	06:00:00	4049.70	4067.97	4046.48	4061.59	11963	0	4
2026.07.21	07:00:00	4061.57	4084.17	4061.51	4078.61	13926	0	4
2026.07.21	08:00:00	4078.53	4080.30	4067.74	4071.37	9146	0	4
2026.07.21	09:00:00	4071.44	4072.57	4059.26	4062.85	9858	0	4
2026.07.21	10:00:00	4062.88	4069.78	4061.12	4065.98	10341	0	4
2026.07.21	11:00:00	4065.97	4070.20	4061.05	4063.02	11534	0	4
2026.07.21	12:00:00	4063.08	4063.75	4054.51	4056.01	11302	0	4
2026.07.21	13:00:00	4056.10	4065.85	4051.19	4054.17	14812	0	4
2026.07.21	14:00:00	4053.96	4061.74	4044.50	4053.14	20669	0	4
2026.07.21	15:00:00	4053.18	4073.82	4051.87	4068.46	20394	0	4
2026.07.21	16:00:00	4068.47	4083.36	4065.59	4074.26	16137	0	4
2026.07.21	17:00:00	4074.19	4079.24	4069.97	4071.62	10383	0	4
2026.07.21	18:00:00	4071.61	4072.91	4066.78	4068.75	9329	0	4
2026.07.21	19:00:00	4068.76	4087.11	4067.78	4082.33	10814	0	4
2026.07.21	20:00:00	4082.34	4085.79	4080.13	4084.61	9626	0	4
2026.07.21	21:00:00	4084.65	4086.43	4076.44	4077.56	4206	0	4
2026.07.21	23:00:00	4078.73	4085.18	4077.08	4080.57	5453	0	4
2026.07.22	00:00:00	4080.55	4083.07	4079.30	4080.96	4461	0	4
2026.07.22	01:00:00	4080.70	4102.63	4076.81	4097.57	16234	0	4
2026.07.22	02:00:00	4097.55	4123.76	4096.76	4122.26	20654	0	4
2026.07.22	03:00:00	4122.25	4130.94	4119.03	4130.64	15400	0	4
2026.07.22	04:00:00	4130.62	4141.76	4129.35	4130.90	13436	0	4
2026.07.22	05:00:00	4130.82	4131.30	4124.90	4127.07	9307	0	4
2026.07.22	06:00:00	4127.06	4134.12	4123.20	4131.14	13600	0	4
2026.07.22	07:00:00	4131.12	4135.24	4113.49	4116.52	15414	0	4
2026.07.22	08:00:00	4116.53	4123.07	4109.38	4110.72	12705	0	4
2026.07.22	09:00:00	4110.71	4120.13	4110.71	4118.42	12346	0	4
2026.07.22	10:00:00	4118.44	4122.39	4113.39	4115.07	11088	0	4
2026.07.22	11:00:00	4115.09	4121.85	4114.93	4117.68	9374	0	4
2026.07.22	12:00:00	4117.64	4123.12	4112.68	4122.63	10888	0	4
2026.07.22	13:00:00	4122.83	4134.44	4106.78	4112.97	13743	0	4
2026.07.22	14:00:00	4113.01	4156.00	4112.83	4154.57	18918	0	6
2026.07.22	15:00:00	4154.63	4163.44	4144.21	4148.49	19206	0	6
2026.07.22	16:00:00	4148.51	4166.04	4148.51	4159.41	14572	0	6
2026.07.22	17:00:00	4159.42	4159.49	4144.55	4146.95	11223	0	6
2026.07.22	18:00:00	4146.91	4148.00	4138.39	4142.49	10796	0	5
2026.07.22	19:00:00	4142.51	4142.78	4132.04	4136.14	14399	0	5
2026.07.22	20:00:00	4136.10	4137.26	4129.11	4131.88	11282	0	5
2026.07.22	21:00:00	4131.77	4137.92	4128.32	4129.71	7962	0	5
2026.07.22	23:00:00	4120.28	4130.02	4117.45	4121.80	9780	0	5
2026.07.23	00:00:00	4122.00	4134.24	4116.66	4133.52	9091	0	5
2026.07.23	01:00:00	4133.77	4134.76	4125.19	4132.22	12149	0	5
2026.07.23	02:00:00	4132.19	4141.03	4114.45	4117.92	20394	0	5
2026.07.23	03:00:00	4117.93	4128.82	4112.19	4128.16	16005	0	5
2026.07.23	04:00:00	4128.19	4133.14	4124.18	4124.81	12502	0	5
2026.07.23	05:00:00	4124.74	4130.36	4120.11	4121.26	9900	0	5
2026.07.23	06:00:00	4121.19	4130.62	4119.56	4124.14	14039	0	5
2026.07.23	07:00:00	4124.15	4128.30	4116.97	4118.68	13777	0	5
2026.07.23	08:00:00	4118.67	4119.51	4090.30	4095.52	15500	0	5
2026.07.23	09:00:00	4095.75	4097.81	4087.07	4093.45	12949	0	5
2026.07.23	10:00:00	4093.51	4099.55	4088.41	4089.85	10972	0	5
2026.07.23	11:00:00	4089.89	4095.31	4086.11	4093.29	10827	0	5
2026.07.23	12:00:00	4093.30	4093.91	4073.22	4085.76	13386	0	5
2026.07.23	13:00:00	4085.75	4086.04	4061.10	4061.94	16878	0	5
2026.07.23	14:00:00	4061.93	4067.53	4040.65	4043.33	24275	0	5
2026.07.23	15:00:00	4043.37	4061.76	4040.11	4058.07	22849	0	5
2026.07.23	16:00:00	4057.99	4059.57	4042.45	4048.78	18992	0	5
2026.07.23	17:00:00	4048.83	4051.75	4045.95	4051.47	12161	0	5
2026.07.23	18:00:00	4051.55	4054.74	4041.70	4041.85	13085	0	5
2026.07.23	19:00:00	4041.86	4048.39	4040.82	4046.13	13063	0	5
2026.07.23	20:00:00	4046.15	4051.16	4043.05	4049.85	11935	0	5
2026.07.23	21:00:00	4049.83	4051.31	4047.52	4048.92	5516	0	5
2026.07.23	23:00:00	4049.32	4050.59	4048.43	4049.64	2839	0	5
2026.07.24	00:00:00	4049.66	4050.78	4046.73	4047.12	5666	0	5
2026.07.24	01:00:00	4047.11	4050.89	4041.35	4049.93	12741	0	5
2026.07.24	02:00:00	4049.96	4050.44	4040.43	4043.69	16550	0	5
2026.07.24	03:00:00	4043.70	4048.36	4023.18	4024.73	14678	0	5
2026.07.24	04:00:00	4024.66	4033.71	4023.26	4029.40	12346	0	5
2026.07.24	05:00:00	4029.25	4030.44	4025.63	4027.13	7253	0	5
2026.07.24	06:00:00	4027.15	4032.29	4022.06	4023.05	12316	0	5
2026.07.24	07:00:00	4023.09	4039.07	4022.96	4035.79	13853	0	5
2026.07.24	08:00:00	4035.77	4053.78	4035.16	4048.41	11910	0	5
2026.07.24	09:00:00	4048.42	4058.74	4045.25	4057.64	10450	0	5
2026.07.24	10:00:00	4057.69	4060.77	4051.70	4059.87	8402	0	5
2026.07.24	11:00:00	4059.88	4063.96	4057.21	4060.18	7594	0	5
2026.07.24	12:00:00	4060.20	4063.53	4051.51	4057.81	7746	0	5
2026.07.24	13:00:00	4058.62	4060.24	4051.76	4056.20	10931	0	5
2026.07.24	14:00:00	4056.25	4068.70	4044.74	4067.60	16459	0	5
2026.07.24	15:00:00	4067.61	4070.04	4055.98	4063.35	18439	0	5
2026.07.24	16:00:00	4063.41	4082.09	4061.93	4077.39	18013	0	4
2026.07.24	17:00:00	4077.41	4078.27	4064.25	4067.13	11374	0	4
2026.07.24	18:00:00	4067.37	4069.96	4063.09	4063.43	9739	0	4
2026.07.24	19:00:00	4063.45	4064.59	4051.27	4054.46	10274	0	4
2026.07.24	20:00:00	4054.49	4057.99	4049.27	4053.76	10178	0	4
2026.07.24	21:00:00	4053.75	4056.29	4051.71	4052.40	4819	0	4
2026.07.26	23:00:00	4089.13	4093.77	4083.54	4089.83	4577	0	4
2026.07.27	00:00:00	4089.49	4096.35	4083.73	4094.25	6944	0	4
2026.07.27	01:00:00	4094.23	4116.22	4090.79	4100.75	15061	0	4
2026.07.27	02:00:00	4100.76	4112.66	4097.06	4110.19	16822	0	4
2026.07.27	03:00:00	4110.20	4111.03	4093.78	4093.78	11935	0	4
2026.07.27	04:00:00	4093.49	4095.91	4085.25	4091.05	9667	0	4
2026.07.27	05:00:00	4091.18	4092.91	4087.11	4090.38	7194	0	4
2026.07.27	06:00:00	4090.34	4094.81	4084.51	4092.95	10640	0	4
2026.07.27	07:00:00	4093.14	4099.34	4091.32	4096.38	11041	0	4
2026.07.27	08:00:00	4096.26	4106.11	4088.67	4088.91	12430	0	4
2026.07.27	09:00:00	4089.02	4096.95	4087.24	4095.28	12502	0	4
2026.07.27	10:00:00	4095.27	4100.42	4090.57	4096.27	9696	0	4
2026.07.27	11:00:00	4096.18	4102.46	4086.62	4099.63	9633	0	4
2026.07.27	12:00:00	4099.54	4104.16	4093.71	4094.00	10170	0	6
2026.07.27	13:00:00	4094.07	4097.67	4081.80	4083.82	13924	0	6
2026.07.27	14:00:00	4083.80	4089.61	4070.48	4074.30	21306	0	6
2026.07.27	15:00:00	4074.31	4079.23	4065.37	4076.25	22252	0	6
2026.07.27	16:00:00	4076.26	4079.86	4071.87	4078.58	17637	0	6
2026.07.27	17:00:00	4078.56	4093.97	4077.89	4082.39	15034	0	6
2026.07.27	18:00:00	4082.38	4082.38	4070.67	4076.43	13332	0	6
2026.07.27	19:00:00	4076.55	4079.55	4072.97	4078.04	12364	0	6
2026.07.27	20:00:00	4078.08	4089.36	4076.22	4083.38	10608	0	6
2026.07.27	21:00:00	4083.42	4084.11	4075.35	4076.36	4294	0	6
2026.07.27	23:00:00	4080.05	4080.93	4071.02	4074.32	3777	0	6
2026.07.28	00:00:00	4074.06	4075.11	4069.98	4073.38	4953	0	6
2026.07.28	01:00:00	4073.36	4074.21	4057.69	4058.04	14468	0	6
2026.07.28	02:00:00	4058.03	4060.33	4042.68	4045.26	17082	0	6
2026.07.28	03:00:00	4045.23	4049.05	4040.85	4042.14	13037	0	6
2026.07.28	04:00:00	4042.16	4051.23	4040.37	4049.48	10020	0	6
2026.07.28	05:00:00	4049.42	4049.73	4041.62	4042.27	8305	0	6
2026.07.28	06:00:00	4042.06	4046.64	4034.92	4045.25	12179	0	6
2026.07.28	07:00:00	4045.28	4052.40	4043.01	4048.42	10883	0	6
2026.07.28	08:00:00	4048.39	4052.51	4046.20	4047.35	10955	0	6
2026.07.28	09:00:00	4047.27	4055.24	4041.71	4045.53	13878	0	6
2026.07.28	10:00:00	4045.52	4046.01	4019.65	4023.55	10918	0	6
2026.07.28	11:00:00	4023.54	4028.62	4017.03	4026.67	11946	0	6
2026.07.28	12:00:00	4026.61	4032.44	4023.22	4028.13	13803	0	6
2026.07.28	13:00:00	4028.11	4038.17	4022.89	4029.49	13721	0	6
2026.07.28	14:00:00	4029.51	4036.17	4020.37	4022.23	18921	0	4
2026.07.28	15:00:00	4022.24	4033.37	4011.67	4024.55	19706	0	4
2026.07.28	16:00:00	4024.53	4047.16	4022.32	4046.26	18723	0	4
2026.07.28	17:00:00	4046.27	4046.59	4036.73	4037.57	12493	0	4
2026.07.28	18:00:00	4037.65	4041.50	4025.87	4027.95	12879	0	4
2026.07.28	19:00:00	4028.13	4030.49	4021.75	4023.06	14752	0	4
2026.07.28	20:00:00	4023.05	4028.05	4022.06	4026.45	9625	0	4
2026.07.28	21:00:00	4026.44	4030.58	4022.68	4028.49	4795	0	4
2026.07.28	23:00:00	4025.94	4028.12	4014.02	4018.37	4641	0	4
2026.07.29	00:00:00	4018.36	4026.33	4015.10	4024.92	7060	0	4
2026.07.29	01:00:00	4024.97	4029.54	4017.56	4021.96	13496	0	4
2026.07.29	02:00:00	4021.91	4030.64	4010.36	4026.03	17719	0	4
2026.07.29	03:00:00	4026.02	4038.02	4023.16	4029.59	12752	0	4
2026.07.29	04:00:00	4029.49	4032.79	4023.28	4023.69	9123	0	4
2026.07.29	05:00:00	4023.68	4027.70	4020.60	4027.34	8769	0	4
2026.07.29	06:00:00	4027.39	4040.10	4026.72	4033.17	11587	0	4
2026.07.29	07:00:00	4033.16	4044.82	4033.04	4041.23	10082	0	4
2026.07.29	08:00:00	4041.25	4047.84	4041.21	4043.85	8122	0	4
2026.07.29	09:00:00	4043.83	4044.51	4035.74	4037.71	9145	0	4
2026.07.29	10:00:00	4037.72	4038.48	4031.38	4032.68	7909	0	4
2026.07.29	11:00:00	4032.76	4034.44	4026.10	4027.56	7791	0	4
2026.07.29	12:00:00	4027.55	4036.21	4025.05	4032.82	8035	0	4
2026.07.29	13:00:00	4032.87	4033.38	4009.29	4022.70	13482	0	4
2026.07.29	14:00:00	4022.80	4026.54	4002.57	4007.25	19488	0	4
2026.07.29	15:00:00	4007.28	4010.20	3995.97	4005.02	20456	0	4
2026.07.29	16:00:00	4004.95	4013.89	4003.35	4009.91	16092	0	4
2026.07.29	17:00:00	4009.85	4032.88	4007.71	4027.23	14546	0	4
2026.07.29	18:00:00	4027.29	4050.65	4027.28	4043.94	17379	0	4
2026.07.29	19:00:00	4043.56	4109.86	4041.61	4107.04	27477	0	4
2026.07.29	20:00:00	4106.79	4116.40	4044.40	4044.70	26113	0	4
2026.07.29	21:00:00	4044.84	4070.11	4042.91	4065.85	13227	0	4
2026.07.29	23:00:00	4071.06	4090.65	4064.48	4088.57	8295	0	4
2026.07.30	00:00:00	4088.43	4100.37	4084.55	4084.64	10837	0	4
2026.07.30	01:00:00	4084.65	4086.66	4065.02	4072.24	19006	0	4
2026.07.30	02:00:00	4072.23	4092.94	4070.55	4084.71	20141	0	4
2026.07.30	03:00:00	4084.73	4090.48	4063.45	4063.68	15940	0	4
2026.07.30	04:00:00	4063.73	4070.17	4050.79	4058.84	15120	0	4
2026.07.30	05:00:00	4058.88	4060.17	4044.45	4046.02	11173	0	4
2026.07.30	06:00:00	4046.05	4051.37	4028.49	4033.68	17655	0	4
2026.07.30	07:00:00	4033.73	4040.59	4029.43	4036.82	15283	0	4
2026.07.30	08:00:00	4036.65	4051.38	4035.59	4039.02	16014	0	4
2026.07.30	09:00:00	4038.97	4072.95	4036.75	4061.45	16027	0	4
2026.07.30	10:00:00	4061.51	4073.06	4060.41	4063.39	13006	0	4
2026.07.30	11:00:00	4063.60	4083.13	4063.10	4078.32	13520	0	4
2026.07.30	12:00:00	4078.09	4082.92	4075.77	4077.80	11026	0	4
2026.07.30	13:00:00	4077.79	4086.63	4067.29	4068.99	16542	0	4
2026.07.30	14:00:00	4069.14	4112.89	4065.24	4112.33	23682	0	4
2026.07.30	15:00:00	4112.29	4120.38	4087.22	4100.10	24239	0	4
2026.07.30	16:00:00	4100.12	4110.13	4083.26	4108.31	19651	0	4
2026.07.30	17:00:00	4108.26	4119.30	4106.65	4110.75	13235	0	4
2026.07.30	18:00:00	4110.76	4111.32	4098.57	4102.67	13369	0	4
2026.07.30	19:00:00	4102.66	4107.87	4098.85	4099.77	14040	0	4
2026.07.30	20:00:00	4099.75	4115.41	4098.87	4111.79	13089	0	4
2026.07.30	21:00:00	4112.07	4117.41	4099.20	4102.74	9535	0	4
2026.07.30	23:00:00	4105.14	4111.36	4102.39	4109.21	5519	0	4
2026.07.31	00:00:00	4109.26	4111.92	4102.25	4105.94	6390	0	4
2026.07.31	01:00:00	4105.96	4107.11	4090.57	4094.78	13986	0	4
2026.07.31	02:00:00	4094.77	4101.64	4082.10	4084.43	15991	0	4
2026.07.31	03:00:00	4084.45	4090.51	4074.26	4076.23	12852	0	4
2026.07.31	04:00:00	4076.20	4079.59	4072.11	4075.16	11473	0	4
2026.07.31	05:00:00	4075.15	4081.48	4073.46	4080.11	6977	0	4
2026.07.31	06:00:00	4080.09	4083.29	4073.42	4074.28	9448	0	4
2026.07.31	07:00:00	4074.31	4087.54	4072.83	4077.68	12695	0	4
2026.07.31	08:00:00	4077.62	4079.18	4067.71	4067.73	11036	0	4
2026.07.31	09:00:00	4067.74	4067.81	4054.26	4061.13	12351	0	4
2026.07.31	10:00:00	4061.03	4064.05	4050.37	4055.13	12409	0	4
2026.07.31	11:00:00	4055.14	4058.42	4052.12	4054.57	8652	0	4
2026.07.31	12:00:00	4054.56	4061.08	4050.78	4053.70	11016	0	4
2026.07.31	13:00:00	4053.83	4059.40	4040.63	4040.84	15141	0	4
2026.07.31	14:00:00	4040.85	4046.89	4022.15	4025.67	23269	0	4
2026.07.31	15:00:00	4025.65	4050.28	4021.12	4049.28	22816	0	4
2026.07.31	16:00:00	4049.26	4052.54	4036.78	4045.62	20828	0	4
2026.07.31	17:00:00	4045.63	4049.96	4041.30	4043.41	13376	0	4
2026.07.31	18:00:00	4043.40	4054.79	4041.70	4053.85	14384	0	4
2026.07.31	19:00:00	4053.78	4055.26	4047.16	4050.85	11104	0	4
2026.07.31	20:00:00	4050.79	4055.62	4046.99	4050.99	10038	0	4
2026.07.31	21:00:00	4050.92	4053.06	4042.39	4043.71	9830	0	4
2026.08.02	23:00:00	4075.34	4078.56	4063.53	4063.76	8511	0	4
2026.08.03	00:00:00	4063.78	4075.04	4063.31	4074.98	7806	0	4
2026.08.03	01:00:00	4075.06	4079.14	4055.79	4057.19	17547	0	4
2026.08.03	02:00:00	4057.20	4063.36	4047.30	4056.69	18534	0	4
2026.08.03	03:00:00	4056.70	4067.05	4052.21	4062.48	14206	0	4
2026.08.03	04:00:00	4062.35	4068.02	4059.38	4065.14	11374	0	4
2026.08.03	05:00:00	4065.11	4071.89	4063.87	4063.87	8609	0	4
2026.08.03	06:00:00	4063.86	4070.02	4054.21	4069.02	12548	0	4
2026.08.03	07:00:00	4069.00	4072.01	4060.56	4064.01	13253	0	4
2026.08.03	08:00:00	4064.02	4065.30	4052.21	4061.14	12732	0	4
2026.08.03	09:00:00	4061.13	4062.53	4054.32	4059.53	10443	0	4
2026.08.03	10:00:00	4059.38	4062.24	4046.65	4055.35	11118	0	4
2026.08.03	11:00:00	4055.38	4057.14	4046.23	4049.47	9915	0	4
2026.08.03	12:00:00	4049.43	4063.22	4045.52	4062.67	11411	0	4
2026.08.03	13:00:00	4062.60	4064.61	4042.38	4047.68	13551	0	4
2026.08.03	14:00:00	4047.78	4053.61	4019.12	4032.16	21926	0	4
2026.08.03	15:00:00	4032.17	4039.32	4026.69	4036.32	18305	0	4
2026.08.03	16:00:00	4036.34	4041.02	4030.52	4036.37	15885	0	4
2026.08.03	17:00:00	4036.26	4039.31	4034.68	4036.99	9253	0	4
2026.08.03	18:00:00	4037.10	4037.77	4030.29	4030.57	9447	0	4
2026.08.03	19:00:00	4030.64	4045.14	4029.71	4043.51	9974	0	4
2026.08.03	20:00:00	4043.53	4055.85	4043.51	4052.10	11447	0	4
2026.08.03	21:00:00	4052.05	4058.27	4050.21	4054.74	4589	0	4
2026.08.03	23:00:00	4052.19	4053.60	4048.90	4052.94	2593	0	4
2026.08.04	00:00:00	4052.91	4055.09	4050.23	4054.01	4038	0	4
2026.08.04	01:00:00	4053.89	4069.40	4048.82	4049.46	11747	0	4
2026.08.04	02:00:00	4049.37	4061.95	4042.70	4058.83	15263	0	4
2026.08.04	03:00:00	4058.88	4065.15	4055.77	4058.95	12364	0	4
2026.08.04	04:00:00	4058.89	4061.77	4052.23	4052.58	9032	0	4
2026.08.04	05:00:00	4052.62	4066.27	4051.27	4063.86	6947	0	4
2026.08.04	06:00:00	4063.89	4067.87	4057.25	4061.93	9977	0	4
2026.08.04	07:00:00	4061.95	4066.26	4055.79	4063.50	10671	0	4
2026.08.04	08:00:00	4063.54	4066.80	4060.88	4065.61	9508	0	4
2026.08.04	09:00:00	4065.62	4072.95	4054.58	4055.13	11124	0	4
2026.08.04	10:00:00	4055.10	4055.44	4046.33	4049.87	8799	0	4
2026.08.04	11:00:00	4049.86	4060.73	4045.65	4053.86	10539	0	4
2026.08.04	12:00:00	4053.70	4084.32	4052.46	4075.08	15810	0	4
2026.08.04	13:00:00	4075.28	4084.51	4061.12	4070.94	16436	0	4
2026.08.04	14:00:00	4070.91	4094.17	4061.38	4084.24	21207	0	4
2026.08.04	15:00:00	4084.19	4091.92	4074.41	4083.64	18631	0	4
2026.08.04	16:00:00	4083.61	4088.87	4074.85	4087.39	15758	0	4
2026.08.04	17:00:00	4087.40	4093.64	4083.20	4093.42	11769	0	4
2026.08.04	18:00:00	4093.38	4106.26	4086.16	4086.18	12700	0	4
2026.08.04	19:00:00	4086.17	4089.01	4075.30	4079.97	11323	0	4
2026.08.04	20:00:00	4079.98	4084.85	4076.46	4078.64	9173	0	4
2026.08.04	21:00:00	4078.54	4080.36	4074.78	4077.67	6104	0	4
2026.08.04	23:00:00	4077.99	4085.90	4075.80	4075.86	6101	0	4
2026.08.05	00:00:00	4076.03	4077.18	4065.53	4072.56	7939	0	4
2026.08.05	01:00:00	4072.55	4083.55	4070.41	4082.57	11151	0	4
2026.08.05	02:00:00	4082.58	4102.69	4077.64	4101.52	16243	0	4
2026.08.05	03:00:00	4101.48	4135.35	4095.62	4129.33	17509	0	4
2026.08.05	04:00:00	4129.22	4136.60	4127.02	4128.36	11832	0	4
2026.08.05	05:00:00	4128.34	4141.43	4128.34	4135.65	9015	0	4
2026.08.05	06:00:00	4135.61	4172.99	4134.88	4161.71	14847	0	4
2026.08.05	07:00:00	4161.76	4178.46	4160.31	4177.61	14283	0	4
2026.08.05	08:00:00	4177.69	4179.55	4162.32	4170.88	11683	0	4
2026.08.05	09:00:00	4170.68	4172.62	4159.13	4160.55	12955	0	4
2026.08.05	10:00:00	4160.80	4167.26	4153.22	4158.08	11396	0	4
2026.08.05	11:00:00	4158.16	4161.62	4150.33	4161.60	8086	0	4
2026.08.05	12:00:00	4161.48	4192.69	4160.96	4188.94	14616	0	4
2026.08.05	13:00:00	4188.93	4213.42	4183.24	4184.06	18289	0	4
2026.08.05	14:00:00	4183.98	4206.80	4183.85	4206.01	21997	0	4
2026.08.05	15:00:00	4206.13	4247.58	4203.76	4244.19	26135	0	4
2026.08.05	16:00:00	4244.18	4265.21	4232.38	4232.88	22047	0	4
2026.08.05	17:00:00	4232.90	4247.44	4224.81	4242.31	16745	0	4
2026.08.05	18:00:00	4242.32	4252.51	4237.02	4250.30	15233	0	4
2026.08.05	19:00:00	4250.33	4267.84	4249.36	4260.95	14275	0	4
2026.08.05	20:00:00	4260.79	4262.18	4246.34	4247.09	12953	0	4
2026.08.05	21:00:00	4247.14	4249.67	4242.80	4246.05	4853	0	4
2026.08.05	23:00:00	4252.94	4253.81	4245.73	4250.00	5015	0	4
2026.08.06	00:00:00	4250.12	4282.20	4249.11	4278.25	9392	0	4
2026.08.06	01:00:00	4278.24	4300.32	4264.56	4294.89	17992	0	4
2026.08.06	02:00:00	4294.81	4302.70	4272.94	4286.68	22024	0	4
2026.08.06	03:00:00	4286.56	4304.09	4275.11	4278.67	16840	0	4
2026.08.06	04:00:00	4278.66	4280.90	4260.62	4265.64	13580	0	4
2026.08.06	05:00:00	4265.71	4267.26	4252.94	4262.26	9236	0	4
2026.08.06	06:00:00	4262.14	4268.55	4247.29	4267.26	13233	0	4
2026.08.06	07:00:00	4267.29	4268.65	4249.38	4256.21	12852	0	4
2026.08.06	08:00:00	4256.19	4265.56	4252.69	4262.78	9950	0	4
2026.08.06	09:00:00	4262.79	4278.98	4260.28	4278.34	12039	0	4
2026.08.06	10:00:00	4278.33	4284.81	4271.29	4273.09	11417	0	4
2026.08.06	11:00:00	4273.07	4273.62	4264.70	4270.92	8978	0	4
2026.08.06	12:00:00	4271.03	4273.40	4254.31	4263.35	11939	0	4
2026.08.06	13:00:00	4263.36	4270.78	4249.24	4250.30	14322	0	4
2026.08.06	14:00:00	4250.23	4274.28	4230.89	4267.19	21638	0	4
2026.08.06	15:00:00	4267.16	4275.35	4260.24	4273.04	20292	0	4
2026.08.06	16:00:00	4273.10	4274.36	4229.14	4233.70	19752	0	4
2026.08.06	17:00:00	4233.84	4243.05	4223.48	4241.46	18242	0	4
2026.08.06	18:00:00	4241.49	4248.21	4238.57	4247.24	11518	0	4
2026.08.06	19:00:00	4247.34	4249.69	4240.79	4243.47	9948	0	4
2026.08.06	20:00:00	4243.54	4251.33	4233.09	4249.01	11979	0	4
2026.08.06	21:00:00	4249.00	4250.25	4234.78	4239.96	6277	0	4
2026.08.06	23:00:00	4240.13	4243.56	4235.54	4240.79	2970	0	4
2026.08.07	00:00:00	4240.71	4253.21	4240.38	4252.43	4940	0	4
2026.08.07	01:00:00	4252.36	4252.78	4229.79	4232.79	13796	0	4
2026.08.07	02:00:00	4232.86	4259.31	4231.69	4256.79	17600	0	4
2026.08.07	03:00:00	4256.82	4261.73	4247.24	4250.44	12960	0	4
2026.08.07	04:00:00	4250.46	4266.35	4249.71	4266.15	9884	0	4
2026.08.07	05:00:00	4266.13	4269.19	4260.87	4264.96	9536	0	4
2026.08.07	06:00:00	4264.98	4280.63	4261.97	4278.83	12502	0	4
2026.08.07	07:00:00	4278.84	4298.83	4278.50	4297.30	15090	0	4
2026.08.07	08:00:00	4297.29	4297.87	4283.02	4290.17	11420	0	4
2026.08.07	09:00:00	4290.19	4316.77	4289.16	4306.14	12783	0	4
2026.08.07	10:00:00	4306.18	4320.36	4302.32	4316.06	11020	0	4
2026.08.07	11:00:00	4316.05	4320.80	4308.18	4316.93	9997	0	4
2026.08.07	12:00:00	4317.08	4327.84	4316.90	4321.29	12760	0	4
2026.08.07	13:00:00	4321.22	4371.81	4301.55	4361.37	21820	0	4
2026.08.07	14:00:00	4361.40	4367.93	4339.18	4348.09	24857	0	4
2026.08.07	15:00:00	4348.20	4352.91	4327.60	4341.54	25191	0	4
2026.08.07	16:00:00	4341.57	4358.47	4339.92	4341.03	19070	0	4
2026.08.07	17:00:00	4341.18	4349.72	4329.18	4329.18	16394	0	4
2026.08.07	18:00:00	4329.16	4343.09	4327.93	4340.27	14132	0	4
2026.08.07	19:00:00	4340.28	4343.03	4332.22	4335.59	12110	0	4
2026.08.07	20:00:00	4335.60	4350.38	4335.58	4344.06	14442	0	4
2026.08.07	21:00:00	4344.10	4345.37	4336.07	4341.83	5709	0	4
2026.08.09	23:00:00	4339.58	4346.04	4334.28	4341.76	4795	0	4
2026.08.10	00:00:00	4341.78	4349.03	4332.30	4333.21	6152	0	4
2026.08.10	01:00:00	4333.30	4347.20	4330.77	4332.40	13560	0	4
2026.08.10	02:00:00	4332.33	4340.87	4313.50	4322.62	18648	0	4
2026.08.10	03:00:00	4322.66	4332.50	4318.80	4319.74	13297	0	4
2026.08.10	04:00:00	4319.79	4329.97	4317.68	4326.72	9415	0	4
2026.08.10	05:00:00	4326.76	4339.59	4323.16	4339.48	8436	0	4
2026.08.10	06:00:00	4339.49	4352.15	4331.86	4347.30	11640	0	4
2026.08.10	07:00:00	4347.34	4359.88	4342.01	4358.13	11903	0	4
2026.08.10	08:00:00	4358.14	4362.06	4350.19	4355.47	12461	0	4
2026.08.10	09:00:00	4355.45	4356.69	4343.89	4346.81	11009	0	4
2026.08.10	10:00:00	4346.75	4350.02	4340.63	4341.25	9851	0	4
2026.08.10	11:00:00	4341.26	4344.27	4335.53	4335.85	9150	0	4
2026.08.10	12:00:00	4335.92	4339.42	4329.05	4335.10	10067	0	4
2026.08.10	13:00:00	4335.02	4337.41	4324.24	4332.52	12819	0	4
2026.08.10	14:00:00	4332.60	4339.97	4316.75	4317.87	20976	0	4
2026.08.10	15:00:00	4318.04	4351.95	4318.03	4345.47	20089	0	4
2026.08.10	16:00:00	4345.60	4359.53	4343.39	4358.50	17651	0	4
2026.08.10	17:00:00	4358.52	4364.79	4350.32	4356.89	16074	0	4
2026.08.10	18:00:00	4357.27	4365.46	4351.79	4360.32	13783	0	4
2026.08.10	19:00:00	4360.35	4383.06	4359.98	4378.65	15754	0	4
2026.08.10	20:00:00	4378.83	4395.33	4378.74	4388.35	17066	0	4
2026.08.10	21:00:00	4388.39	4392.16	4385.97	4388.99	4400	0	4
2026.08.10	23:00:00	4389.60	4400.69	4388.41	4399.67	4710	0	4
2026.08.11	00:00:00	4399.88	4402.70	4394.73	4402.39	6117	0	4
2026.08.11	01:00:00	4402.44	4419.24	4396.53	4409.60	11466	0	4
2026.08.11	02:00:00	4409.57	4434.10	4393.84	4429.60	18524	0	4
2026.08.11	03:00:00	4429.69	4435.20	4408.06	4410.96	14705	0	4
2026.08.11	04:00:00	4410.90	4421.64	4409.89	4416.85	9795	0	4
2026.08.11	05:00:00	4416.82	4420.40	4403.36	4408.87	9949	0	4
2026.08.11	06:00:00	4408.86	4409.05	4367.60	4375.53	15046	0	4
2026.08.11	07:00:00	4375.57	4382.53	4359.95	4366.17	17744	0	4
2026.08.11	08:00:00	4366.22	4367.80	4356.82	4357.46	11679	0	4
2026.08.11	09:00:00	4357.76	4376.70	4357.02	4369.20	11891	0	4
2026.08.11	10:00:00	4369.21	4375.61	4367.64	4372.44	9943	0	4
2026.08.11	11:00:00	4372.63	4382.57	4371.33	4382.35	9374	0	4
2026.08.11	12:00:00	4382.37	4393.04	4380.50	4387.83	13469	0	4
2026.08.11	13:00:00	4387.84	4400.15	4383.97	4392.55	14552	0	4
2026.08.11	14:00:00	4392.70	4404.20	4384.58	4389.32	20846	0	4
2026.08.11	15:00:00	4389.33	4398.04	4381.19	4394.17	19153	0	4
2026.08.11	16:00:00	4394.24	4398.87	4369.20	4383.70	18702	0	4
2026.08.11	17:00:00	4383.88	4385.88	4378.58	4383.42	11492	0	4
2026.08.11	18:00:00	4383.49	4385.73	4368.99	4369.26	11145	0	4
2026.08.11	19:00:00	4369.27	4372.74	4360.33	4371.62	11819	0	4
2026.08.11	20:00:00	4371.63	4374.34	4361.37	4370.91	10194	0	4
2026.08.11	21:00:00	4370.79	4371.19	4367.15	4367.84	4050	0	4
2026.08.11	23:00:00	4370.88	4378.49	4367.31	4369.02	6730	0	4
2026.08.12	00:00:00	4369.06	4374.64	4362.59	4371.58	7537	0	4
2026.08.12	01:00:00	4371.57	4383.69	4366.54	4380.65	10737	0	4
2026.08.12	02:00:00	4380.63	4397.45	4378.49	4396.49	13549	0	4
2026.08.12	03:00:00	4396.46	4414.52	4394.25	4411.36	12762	0	4
2026.08.12	04:00:00	4411.35	4415.82	4400.92	4402.33	10442	0	4
2026.08.12	05:00:00	4402.30	4403.27	4395.41	4401.15	6987	0	4
2026.08.12	06:00:00	4401.11	4404.87	4384.02	4391.28	11905	0	4
2026.08.12	07:00:00	4391.23	4406.39	4385.22	4403.52	13057	0	4
2026.08.12	08:00:00	4403.50	4410.07	4398.26	4406.43	9089	0	4
2026.08.12	09:00:00	4406.37	4410.55	4401.81	4401.84	8178	0	4
2026.08.12	10:00:00	4401.90	4424.21	4401.90	4415.93	11715	0	4
2026.08.12	11:00:00	4415.90	4421.06	4407.81	4412.80	8806	0	4
2026.08.12	12:00:00	4412.88	4416.85	4407.98	4412.85	9142	0	4
2026.08.12	13:00:00	4412.93	4438.24	4382.25	4437.83	21262	0	4
2026.08.12	14:00:00	4437.59	4441.15	4408.54	4427.56	25670	0	4
2026.08.12	15:00:00	4427.61	4439.70	4416.46	4422.03	23483	0	4
2026.08.12	16:00:00	4422.14	4430.10	4411.09	4421.05	17914	0	4
2026.08.12	17:00:00	4421.11	4426.53	4396.61	4401.73	16144	0	4
2026.08.12	18:00:00	4401.63	4411.56	4399.11	4399.45	14239	0	4
2026.08.12	19:00:00	4399.47	4417.99	4396.40	4413.09	10936	0	4
2026.08.12	20:00:00	4413.20	4418.48	4408.25	4413.80	10103	0	4
2026.08.12	21:00:00	4413.95	4414.27	4406.64	4408.64	4772	0	4
2026.08.12	23:00:00	4408.24	4408.76	4398.43	4402.42	3794	0	4
2026.08.13	00:00:00	4402.36	4414.54	4401.69	4414.47	4667	0	4
2026.08.13	01:00:00	4414.56	4449.75	4413.00	4428.15	14860	0	4
2026.08.13	02:00:00	4427.71	4435.46	4406.18	4408.50	18794	0	4
2026.08.13	03:00:00	4408.30	4414.13	4399.06	4407.17	13825	0	4
2026.08.13	04:00:00	4407.20	4412.23	4398.62	4400.36	10322	0	4
2026.08.13	05:00:00	4400.28	4400.39	4391.77	4397.88	9475	0	4
2026.08.13	06:00:00	4397.84	4407.30	4380.63	4383.15	14998	0	4
2026.08.13	07:00:00	4383.16	4385.66	4369.07	4381.08	14461	0	4
2026.08.13	08:00:00	4381.10	4381.83	4369.41	4369.98	11046	0	4
2026.08.13	09:00:00	4369.97	4379.34	4364.22	4375.98	10641	0	4
2026.08.13	10:00:00	4375.97	4384.96	4372.62	4384.67	8891	0	4
2026.08.13	11:00:00	4384.69	4393.92	4381.52	4392.25	7483	0	4
2026.08.13	12:00:00	4392.20	4396.64	4383.00	4387.75	8208	0	4
2026.08.13	13:00:00	4387.79	4401.98	4380.85	4401.91	14158	0	4
2026.08.13	14:00:00	4402.14	4402.14	4370.91	4372.74	22808	0	4
2026.08.13	15:00:00	4372.99	4387.01	4357.04	4383.72	23517	0	4
2026.08.13	16:00:00	4383.73	4385.75	4357.65	4365.18	20566	0	4
2026.08.13	17:00:00	4365.19	4368.44	4351.35	4367.13	16604	0	4
2026.08.13	18:00:00	4367.22	4373.46	4355.76	4356.01	14557	0	4
2026.08.13	19:00:00	4356.06	4363.61	4354.73	4357.02	14430	0	4
2026.08.13	20:00:00	4357.13	4358.99	4344.01	4350.27	14193	0	4
2026.08.13	21:00:00	4350.21	4352.34	4346.97	4350.15	4966	0	4
2026.08.13	23:00:00	4353.95	4362.88	4351.55	4354.89	6365	0	4
2026.08.14	00:00:00	4355.10	4364.17	4349.22	4356.85	7357	0	4
2026.08.14	01:00:00	4356.54	4362.01	4329.45	4341.11	14115	0	4
2026.08.14	02:00:00	4341.10	4341.53	4312.45	4318.26	18390	0	4
2026.08.14	03:00:00	4318.38	4322.85	4311.07	4315.71	14360	0	4
2026.08.14	04:00:00	4315.80	4328.32	4313.80	4323.61	9163	0	4
2026.08.14	05:00:00	4323.68	4328.66	4322.80	4327.06	6379	0	4
2026.08.14	06:00:00	4327.07	4333.68	4311.27	4333.68	12451	0	4
2026.08.14	07:00:00	4333.61	4336.71	4328.03	4335.73	11726	0	4
2026.08.14	08:00:00	4335.71	4345.33	4329.77	4343.80	8658	0	4
2026.08.14	09:00:00	4343.57	4349.81	4341.97	4348.70	9533	0	4
2026.08.14	10:00:00	4348.71	4357.59	4346.18	4357.27	8099	0	4
2026.08.14	11:00:00	4357.28	4358.79	4348.31	4349.45	7070	0	4
2026.08.14	12:00:00	4349.63	4369.47	4348.62	4369.30	8873	0	4
2026.08.14	13:00:00	4369.23	4386.91	4365.99	4373.75	14919	0	4
2026.08.14	14:00:00	4373.77	4397.07	4370.31	4384.53	18467	0	4
2026.08.14	15:00:00	4384.43	4394.61	4378.87	4381.47	18582	0	4
2026.08.14	16:00:00	4381.48	4394.76	4379.13	4391.65	17950	0	4
2026.08.14	17:00:00	4391.80	4396.69	4380.32	4385.93	13304	0	4
2026.08.14	18:00:00	4385.97	4386.53	4376.40	4378.52	10878	0	4
2026.08.14	19:00:00	4378.49	4382.79	4370.98	4373.60	10467	0	4
2026.08.14	20:00:00	4373.59	4380.00	4372.34	4376.20	10445	0	4
2026.08.14	21:00:00	4376.18	4377.05	4371.61	4375.50	3958	0	4
2026.08.16	23:00:00	4372.76	4386.76	4371.82	4386.04	5058	0	4
2026.08.17	00:00:00	4386.02	4386.33	4367.54	4370.41	6908	0	4
2026.08.17	01:00:00	4370.39	4402.07	4368.23	4400.69	11490	0	4
2026.08.17	02:00:00	4400.84	4416.53	4392.19	4395.71	17249	0	4
2026.08.17	03:00:00	4395.72	4398.28	4388.46	4393.22	12417	0	4
2026.08.17	04:00:00	4393.27	4397.80	4388.19	4397.08	8916	0	4
2026.08.17	05:00:00	4397.13	4399.58	4389.11	4390.81	7352	0	4
2026.08.17	06:00:00	4390.77	4401.27	4387.01	4394.86	10793	0	4
2026.08.17	07:00:00	4394.98	4404.64	4392.75	4403.15	11805	0	4
2026.08.17	08:00:00	4403.17	4411.46	4396.06	4405.31	9968	0	4
2026.08.17	09:00:00	4405.06	4405.06	4392.62	4395.09	8389	0	4
2026.08.17	10:00:00	4395.39	4400.64	4392.61	4395.61	8005	0	4
2026.08.17	11:00:00	4395.68	4405.82	4391.93	4399.01	8624	0	4
2026.08.17	12:00:00	4399.14	4404.94	4395.53	4396.82	9067	0	4
2026.08.17	13:00:00	4396.70	4398.82	4377.36	4384.95	13630	0	4
2026.08.17	14:00:00	4384.98	4416.10	4381.95	4408.80	20738	0	4
2026.08.17	15:00:00	4408.73	4427.66	4403.87	4417.36	21445	0	4
2026.08.17	16:00:00	4417.35	4427.87	4415.21	4427.57	16470	0	4
2026.08.17	17:00:00	4427.58	4428.88	4422.70	4424.25	12065	0	4
2026.08.17	18:00:00	4424.26	4426.17	4411.27	4413.68	14191	0	4
2026.08.17	19:00:00	4413.70	4416.10	4398.34	4406.76	13451	0	4
2026.08.17	20:00:00	4406.69	4420.98	4400.29	4419.86	12315	0	4
2026.08.17	21:00:00	4419.90	4421.38	4414.68	4416.18	4014	0	4
2026.08.17	23:00:00	4415.88	4417.38	4410.58	4411.79	4691	0	4
2026.08.18	00:00:00	4411.93	4426.07	4409.81	4425.96	6319	0	4
2026.08.18	01:00:00	4425.87	4435.10	4419.05	4434.78	11165	0	4
2026.08.18	02:00:00	4434.60	4436.23	4404.25	4408.03	16438	0	4
2026.08.18	03:00:00	4408.06	4408.18	4394.31	4399.95	14114	0	4
2026.08.18	04:00:00	4399.93	4404.15	4390.65	4391.93	10889	0	4
2026.08.18	05:00:00	4391.94	4395.55	4389.08	4393.71	8140	0	4
2026.08.18	06:00:00	4393.63	4397.66	4386.12	4394.41	10845	0	4
2026.08.18	07:00:00	4394.40	4400.25	4387.72	4398.88	11205	0	4
2026.08.18	08:00:00	4398.93	4403.77	4395.54	4395.77	9933	0	4
2026.08.18	09:00:00	4395.76	4398.68	4386.99	4393.38	11309	0	4
2026.08.18	10:00:00	4393.35	4395.01	4387.02	4393.35	9938	0	4
2026.08.18	11:00:00	4393.41	4399.62	4389.81	4397.69	7656	0	4
2026.08.18	12:00:00	4397.81	4398.97	4388.60	4396.07	8675	0	4
2026.08.18	13:00:00	4396.16	4400.85	4389.87	4394.48	11916	0	4
2026.08.18	14:00:00	4394.21	4406.70	4376.98	4394.70	20893	0	4
2026.08.18	15:00:00	4394.82	4406.61	4363.96	4366.63	23042	0	4
2026.08.18	16:00:00	4366.68	4377.54	4351.73	4364.96	22256	0	4
2026.08.18	17:00:00	4364.94	4371.72	4363.14	4364.00	14784	0	4
2026.08.18	18:00:00	4363.80	4368.31	4356.75	4357.77	13133	0	4
2026.08.18	19:00:00	4357.87	4361.06	4352.81	4354.37	9899	0	4
2026.08.18	20:00:00	4354.51	4358.74	4338.52	4345.61	11781	0	4
2026.08.18	21:00:00	4345.59	4346.45	4329.23	4334.60	6403	0	4
2026.08.18	23:00:00	4336.77	4343.18	4332.74	4333.86	5509	0	4
2026.08.19	00:00:00	4334.11	4338.38	4327.28	4333.08	8363	0	4
2026.08.19	01:00:00	4333.09	4347.25	4331.53	4338.10	15584	0	4
2026.08.19	02:00:00	4338.16	4357.72	4324.73	4356.55	16562	0	4
2026.08.19	03:00:00	4356.52	4362.09	4351.48	4355.05	12173	0	4
2026.08.19	04:00:00	4355.03	4360.43	4351.95	4355.00	7301	0	4
2026.08.19	05:00:00	4355.14	4356.27	4343.91	4348.53	6105	0	4
2026.08.19	06:00:00	4348.52	4350.77	4335.23	4335.67	12283	0	4
2026.08.19	07:00:00	4335.64	4349.48	4335.42	4349.20	13327	0	4
2026.08.19	08:00:00	4349.21	4363.24	4347.50	4354.87	8098	0	4
2026.08.19	09:00:00	4355.08	4363.17	4351.13	4355.71	10253	0	4
2026.08.19	10:00:00	4355.74	4362.00	4353.51	4361.92	10969	0	4
2026.08.19	11:00:00	4362.05	4369.62	4359.68	4367.30	10322	0	4
2026.08.19	12:00:00	4367.39	4374.16	4363.26	4364.68	12681	0	4
2026.08.19	13:00:00	4364.69	4442.24	4362.10	4438.69	21529	0	4
2026.08.19	14:00:00	4438.67	4466.20	4424.57	4459.74	27959	0	5
2026.08.19	15:00:00	4459.69	4498.67	4455.19	4488.28	26031	0	4
2026.08.19	16:00:00	4488.33	4494.20	4478.38	4493.89	21053	0	4
2026.08.19	17:00:00	4493.91	4499.40	4490.70	4493.89	18006	0	4
2026.08.19	18:00:00	4493.34	4499.16	4484.42	4486.64	16251	0	4
2026.08.19	19:00:00	4486.62	4496.74	4472.23	4495.23	18423	0	4
2026.08.19	20:00:00	4495.21	4512.31	4494.53	4511.38	17929	0	4
2026.08.19	21:00:00	4511.30	4524.08	4505.25	4523.02	7794	0	4
2026.08.19	23:00:00	4525.43	4525.46	4516.38	4518.92	6748	0	4
2026.08.20	00:00:00	4519.10	4523.75	4511.40	4511.78	7307	0	4
2026.08.20	01:00:00	4511.43	4521.26	4504.02	4504.64	14635	0	4
2026.08.20	02:00:00	4504.66	4510.20	4484.49	4489.77	19695	0	4
2026.08.20	03:00:00	4489.74	4499.76	4488.72	4490.77	15463	0	4
2026.08.20	04:00:00	4490.75	4501.07	4488.08	4498.80	11276	0	4
2026.08.20	05:00:00	4498.82	4499.30	4486.32	4488.64	8575	0	4
2026.08.20	06:00:00	4488.65	4494.05	4478.07	4481.32	11967	0	4
2026.08.20	07:00:00	4481.40	4495.95	4480.10	4493.83	11703	0	4
2026.08.20	08:00:00	4493.69	4494.51	4483.54	4491.03	11576	0	4
2026.08.20	09:00:00	4490.93	4498.79	4487.24	4489.45	13079	0	4
2026.08.20	10:00:00	4489.47	4494.16	4481.90	4482.74	11112	0	4
2026.08.20	11:00:00	4482.67	4494.84	4480.81	4490.14	9827	0	4
2026.08.20	12:00:00	4490.15	4491.37	4465.46	4466.99	13770	0	4
2026.08.20	13:00:00	4467.12	4477.09	4450.67	4474.94	19233	0	4
2026.08.20	14:00:00	4474.91	4489.43	4469.41	4481.59	22627	0	4
2026.08.20	15:00:00	4481.74	4516.32	4480.93	4516.03	23642	0	4
2026.08.20	16:00:00	4516.04	4541.02	4510.20	4521.72	26057	0	4
2026.08.20	17:00:00	4521.75	4524.86	4502.83	4510.07	16484	0	4
2026.08.20	18:00:00	4510.18	4520.58	4507.82	4520.00	13510	0	4
2026.08.20	19:00:00	4519.91	4525.35	4508.37	4522.17	13982	0	4
2026.08.20	20:00:00	4522.14	4532.15	4518.30	4528.95	12327	0	4
2026.08.20	21:00:00	4528.83	4529.15	4516.85	4518.77	5527	0	4
2026.08.20	23:00:00	4520.11	4524.54	4517.07	4524.29	4718	0	4
2026.08.21	00:00:00	4524.25	4532.89	4521.03	4526.40	6821	0	4
2026.08.21	01:00:00	4526.28	4527.54	4509.92	4510.54	12480	0	4
2026.08.21	02:00:00	4510.55	4543.71	4508.97	4530.81	18540	0	4
2026.08.21	03:00:00	4530.79	4542.92	4518.25	4533.84	13966	0	4
2026.08.21	04:00:00	4533.86	4538.04	4526.91	4535.46	10585	0	4
2026.08.21	05:00:00	4535.59	4548.06	4535.48	4540.60	8925	0	4
2026.08.21	06:00:00	4540.66	4556.36	4529.44	4553.72	12057	0	4
2026.08.21	07:00:00	4553.73	4567.66	4545.64	4561.03	14059	0	4
2026.08.21	08:00:00	4561.04	4568.14	4558.59	4564.36	10957	0	4
2026.08.21	09:00:00	4564.37	4585.03	4559.22	4584.22	12582	0	4
2026.08.21	10:00:00	4584.29	4602.08	4580.44	4582.69	12585	0	4
2026.08.21	11:00:00	4582.70	4594.14	4578.04	4588.55	10627	0	4
2026.08.21	12:00:00	4588.60	4604.65	4587.28	4597.08	13452	0	4
2026.08.21	13:00:00	4597.07	4601.71	4563.52	4578.03	15336	0	4
2026.08.21	14:00:00	4577.98	4593.02	4573.39	4581.10	21308	0	4
2026.08.21	15:00:00	4581.05	4603.79	4579.94	4591.66	23549	0	4
2026.08.21	16:00:00	4591.68	4615.33	4587.41	4614.74	21626	0	4
2026.08.21	17:00:00	4614.75	4629.15	4609.20	4628.90	17704	0	4
2026.08.21	18:00:00	4628.91	4632.18	4615.36	4620.61	16911	0	4
2026.08.21	19:00:00	4620.70	4627.71	4619.62	4624.38	12458	0	4
2026.08.21	20:00:00	4624.40	4625.60	4615.68	4617.00	14443	0	4
2026.08.21	21:00:00	4617.01	4617.63	4602.44	4603.79	7237	0	4
2026.08.23	23:00:00	4610.24	4620.74	4606.16	4606.25	6632	0	4
2026.08.24	00:00:00	4606.34	4624.72	4604.77	4624.22	8485	0	4
2026.08.24	01:00:00	4624.19	4640.83	4594.78	4621.87	18579	0	4
2026.08.24	02:00:00	4621.89	4637.75	4608.15	4632.31	21771	0	4
2026.08.24	03:00:00	4632.30	4656.82	4627.49	4643.79	19388	0	4
2026.08.24	04:00:00	4643.81	4650.22	4633.47	4641.62	14257	0	4
2026.08.24	05:00:00	4641.61	4642.63	4632.64	4638.93	10814	0	4
2026.08.24	06:00:00	4638.96	4646.60	4629.89	4640.72	14865	0	4
2026.08.24	07:00:00	4640.78	4659.84	4639.39	4650.03	18809	0	4
2026.08.24	08:00:00	4649.99	4654.59	4630.20	4641.61	13890	0	4
2026.08.24	09:00:00	4641.68	4646.13	4628.93	4638.13	13728	0	4
2026.08.24	10:00:00	4638.09	4646.03	4632.98	4645.96	10682	0	4
2026.08.24	11:00:00	4645.95	4650.08	4641.76	4643.39	9740	0	4
2026.08.24	12:00:00	4643.37	4670.15	4639.21	4657.97	15186	0	4
2026.08.24	13:00:00	4657.92	4668.30	4645.72	4662.89	15693	0	4
2026.08.24	14:00:00	4662.85	4681.00	4656.28	4664.79	25345	0	4
2026.08.24	15:00:00	4664.71	4678.85	4655.53	4670.41	25187	0	4
2026.08.24	16:00:00	4670.40	4679.47	4640.10	4649.20	22466	0	4
2026.08.24	17:00:00	4649.28	4662.35	4642.16	4644.89	17506	0	4
2026.08.24	18:00:00	4644.95	4655.25	4630.54	4636.76	20192	0	4
2026.08.24	19:00:00	4636.72	4642.38	4625.28	4636.68	17916	0	4
2026.08.24	20:00:00	4636.62	4656.16	4636.05	4651.89	14458	0	4
2026.08.24	21:00:00	4651.86	4655.35	4647.30	4652.27	4909	0	4
2026.08.24	23:00:00	4656.26	4668.49	4652.18	4667.77	4790	0	4
2026.08.25	00:00:00	4667.75	4682.90	4666.95	4679.97	8239	0	4
2026.08.25	01:00:00	4680.08	4696.74	4675.49	4684.67	17998	0	4
2026.08.25	02:00:00	4684.51	4686.87	4656.54	4658.16	21036	0	4
2026.08.25	03:00:00	4658.14	4661.59	4618.06	4629.66	21165	0	4
2026.08.25	04:00:00	4629.64	4641.34	4622.36	4633.79	15318	0	4
2026.08.25	05:00:00	4633.75	4637.85	4623.90	4625.94	11049	0	4
2026.08.25	06:00:00	4625.97	4647.99	4624.20	4643.14	15648	0	4
2026.08.25	07:00:00	4643.11	4653.53	4637.10	4638.33	14773	0	4
2026.08.25	08:00:00	4638.34	4643.82	4629.90	4630.21	11656	0	4
2026.08.25	09:00:00	4630.41	4645.52	4620.22	4630.40	15403	0	4
2026.08.25	10:00:00	4630.46	4642.61	4624.29	4636.53	14656	0	4
2026.08.25	11:00:00	4636.60	4642.42	4632.94	4639.44	10745	0	4
2026.08.25	12:00:00	4639.25	4647.50	4637.70	4642.48	11268	0	4
2026.08.25	13:00:00	4642.67	4644.28	4630.21	4640.88	13347	0	4
2026.08.25	14:00:00	4640.91	4641.24	4605.31	4616.48	23924	0	4
2026.08.25	15:00:00	4616.52	4640.08	4613.48	4635.71	21945	0	4
2026.08.25	16:00:00	4635.65	4659.46	4629.75	4652.65	19874	0	4
2026.08.25	17:00:00	4652.69	4653.36	4637.00	4643.29	14915	0	4
2026.08.25	18:00:00	4643.55	4648.54	4634.25	4648.49	12507	0	4
2026.08.25	19:00:00	4648.42	4655.09	4644.30	4654.62	9970	0	4
2026.08.25	20:00:00	4654.60	4667.58	4653.45	4666.99	12901	0	4
2026.08.25	21:00:00	4667.01	4669.10	4657.48	4658.49	7694	0	4
2026.08.25	23:00:00	4660.73	4673.77	4659.05	4672.56	4877	0	4
2026.08.26	00:00:00	4672.59	4673.59	4653.29	4654.93	7211	0	4
2026.08.26	01:00:00	4654.90	4657.88	4634.50	4637.42	13399	0	4
2026.08.26	02:00:00	4637.45	4660.94	4629.95	4657.10	18803	0	4
2026.08.26	03:00:00	4657.14	4670.78	4654.99	4658.47	14575	0	4
2026.08.26	04:00:00	4658.49	4658.64	4642.61	4642.80	11114	0	4
2026.08.26	05:00:00	4642.81	4644.44	4638.89	4640.79	7093	0	4
2026.08.26	06:00:00	4640.73	4649.53	4635.68	4639.70	12190	0	4
2026.08.26	07:00:00	4639.72	4641.48	4624.79	4634.38	13534	0	4
2026.08.26	08:00:00	4634.34	4639.44	4626.54	4629.06	10725	0	4
2026.08.26	09:00:00	4628.98	4630.70	4622.29	4628.35	9802	0	4
2026.08.26	10:00:00	4628.36	4630.92	4616.37	4623.31	10025	0	4
2026.08.26	11:00:00	4623.19	4624.25	4613.48	4620.30	7744	0	4
2026.08.26	12:00:00	4620.35	4625.24	4616.56	4624.64	9750	0	4
2026.08.26	13:00:00	4624.66	4633.21	4610.78	4614.65	17068	0	4
2026.08.26	14:00:00	4614.46	4631.95	4598.06	4631.63	23669	0	4
2026.08.26	15:00:00	4631.76	4633.46	4602.92	4602.92	22273	0	4
2026.08.26	16:00:00	4602.99	4609.33	4583.14	4596.09	21715	0	4
2026.08.26	17:00:00	4596.15	4601.59	4585.81	4591.72	15846	0	4
2026.08.26	18:00:00	4591.67	4602.37	4590.85	4597.91	13362	0	4
2026.08.26	19:00:00	4597.94	4604.56	4592.56	4593.85	12112	0	4
2026.08.26	20:00:00	4593.82	4601.63	4591.13	4594.37	11262	0	4
2026.08.26	21:00:00	4594.43	4596.74	4584.12	4593.88	8347	0	4
2026.08.26	23:00:00	4603.83	4613.39	4601.95	4609.49	7737	0	4
2026.08.27	00:00:00	4609.36	4625.10	4607.14	4623.53	8220	0	4
2026.08.27	01:00:00	4623.70	4627.10	4600.54	4605.10	13649	0	4
2026.08.27	02:00:00	4605.21	4640.92	4602.49	4640.15	18292	0	4
2026.08.27	03:00:00	4640.37	4643.10	4623.54	4629.74	13624	0	4
2026.08.27	04:00:00	4629.66	4638.67	4624.35	4625.51	10702	0	4
2026.08.27	05:00:00	4625.52	4627.35	4617.24	4618.83	9491	0	4
2026.08.27	06:00:00	4618.87	4621.69	4601.07	4607.09	13080	0	4
2026.08.27	07:00:00	4607.07	4611.91	4597.95	4600.37	14575	0	4
2026.08.27	08:00:00	4600.32	4605.92	4593.56	4600.19	11175	0	4
2026.08.27	09:00:00	4600.29	4606.91	4594.68	4599.09	10616	0	4
2026.08.27	10:00:00	4599.08	4600.73	4578.22	4580.37	12334	0	4
2026.08.27	11:00:00	4580.39	4590.61	4569.19	4590.12	10978	0	4
2026.08.27	12:00:00	4590.15	4600.40	4587.34	4598.34	11183	0	4
2026.08.27	13:00:00	4598.33	4601.13	4580.41	4585.87	13018	0	4
2026.08.27	14:00:00	4585.89	4593.30	4565.26	4572.45	23344	0	4
2026.08.27	15:00:00	4572.35	4598.24	4568.56	4591.30	21894	0	4
2026.08.27	16:00:00	4591.20	4611.34	4588.80	4610.52	17760	0	4
2026.08.27	17:00:00	4610.53	4616.65	4602.41	4614.97	15914	0	4
2026.08.27	18:00:00	4614.93	4616.52	4605.17	4606.50	16167	0	4
2026.08.27	19:00:00	4606.62	4611.26	4601.02	4610.41	15200	0	4
2026.08.27	20:00:00	4610.54	4618.16	4604.27	4609.29	14565	0	4
2026.08.27	21:00:00	4609.42	4609.71	4599.86	4600.50	5557	0	4
2026.08.27	23:00:00	4606.46	4610.90	4600.81	4610.80	4652	0	4
2026.08.28	00:00:00	4610.76	4611.52	4594.34	4594.59	5784	0	4
2026.08.28	01:00:00	4594.47	4602.54	4585.75	4588.87	10971	0	4
2026.08.28	02:00:00	4588.94	4602.30	4575.45	4575.95	18789	0	4
2026.08.28	03:00:00	4575.97	4589.65	4575.13	4586.43	12346	0	4
2026.08.28	04:00:00	4586.42	4590.17	4578.72	4580.01	9645	0	4
2026.08.28	05:00:00	4579.98	4585.44	4578.02	4584.44	6693	0	4
2026.08.28	06:00:00	4584.49	4586.32	4571.68	4573.38	11554	0	4
2026.08.28	07:00:00	4573.43	4613.35	4572.48	4612.74	15631	0	4
2026.08.28	08:00:00	4612.59	4614.43	4596.68	4611.88	13532	0	4
2026.08.28	09:00:00	4611.89	4614.61	4601.03	4602.91	11670	0	4
2026.08.28	10:00:00	4602.88	4607.44	4600.49	4605.19	9827	0	4
2026.08.28	11:00:00	4605.21	4609.97	4597.63	4600.19	9752	0	4
2026.08.28	12:00:00	4600.24	4601.39	4591.35	4593.37	11808	0	4
2026.08.28	13:00:00	4593.48	4603.82	4589.11	4601.69	15803	0	4
2026.08.28	14:00:00	4601.72	4627.34	4593.80	4605.71	23126	0	4
2026.08.28	15:00:00	4606.04	4631.36	4529.89	4576.67	31761	0	4
2026.08.28	16:00:00	4576.79	4583.00	4524.23	4524.71	29017	0	4
2026.08.28	17:00:00	4524.58	4529.50	4464.33	4479.55	30069	0	4
2026.08.28	18:00:00	4479.57	4486.68	4460.60	4469.36	24179	0	4
2026.08.28	19:00:00	4469.45	4471.69	4445.49	4457.00	23746	0	4
2026.08.28	20:00:00	4456.94	4467.06	4453.15	4458.31	18705	0	4
2026.08.28	21:00:00	4458.37	4462.86	4452.89	4455.88	7781	0	4
2026.08.30	23:00:00	4445.76	4465.96	4445.51	4461.51	8073	0	4
2026.08.31	00:00:00	4461.42	4466.91	4436.06	4458.59	11552	0	4
2026.08.31	01:00:00	4458.50	4472.03	4452.31	4456.34	15147	0	4
2026.08.31	02:00:00	4456.37	4463.36	4436.09	4440.40	23550	0	4
2026.08.31	03:00:00	4440.18	4441.50	4396.56	4422.95	20571	0	4
2026.08.31	04:00:00	4422.94	4433.91	4419.93	4422.60	12940	0	4
2026.08.31	05:00:00	4422.69	4424.98	4413.08	4424.61	9668	0	4
2026.08.31	06:00:00	4424.62	4443.87	4419.31	4442.87	14875	0	4
2026.08.31	07:00:00	4442.91	4443.11	4429.42	4439.51	14353	0	4
2026.08.31	08:00:00	4439.46	4448.36	4435.17	4443.29	10848	0	4
2026.08.31	09:00:00	4443.32	4449.57	4433.88	4435.65	10518	0	4
2026.08.31	10:00:00	4435.78	4445.55	4435.62	4445.24	8017	0	4
2026.08.31	11:00:00	4445.37	4455.66	4444.91	4453.94	10064	0	4
2026.08.31	12:00:00	4453.92	4464.04	4452.57	4455.37	10711	0	4
2026.08.31	13:00:00	4455.33	4461.00	4435.49	4435.80	16044	0	4
2026.08.31	14:00:00	4435.84	4448.31	4415.71	4418.47	22222	0	4
2026.08.31	15:00:00	4418.46	4436.27	4416.24	4431.62	23147	0	4
2026.08.31	16:00:00	4431.77	4437.95	4424.67	4426.23	19754	0	4
2026.08.31	17:00:00	4426.33	4440.29	4423.84	4433.35	15549	0	4
2026.08.31	18:00:00	4433.31	4440.17	4428.82	4436.62	13637	0	4
2026.08.31	19:00:00	4436.64	4436.88	4426.36	4430.97	11626	0	4
2026.08.31	20:00:00	4430.99	4453.79	4429.22	4453.42	14106	0	4
2026.08.31	21:00:00	4453.36	4455.92	4446.49	4448.32	5939	0	4
2026.08.31	23:00:00	4449.24	4455.79	4445.66	4447.16	4381	0	4
2026.09.01	00:00:00	4447.04	4452.58	4441.89	4452.44	6312	0	4
2026.09.01	01:00:00	4452.39	4461.47	4446.65	4453.73	14327	0	4
2026.09.01	02:00:00	4453.76	4456.95	4436.53	4444.42	17970	0	4
2026.09.01	03:00:00	4444.33	4449.18	4427.76	4443.20	15155	0	4
2026.09.01	04:00:00	4443.12	4444.16	4431.84	4436.78	11348	0	4
2026.09.01	05:00:00	4436.87	4437.78	4425.55	4426.71	9101	0	4
2026.09.01	06:00:00	4426.72	4446.09	4424.20	4440.19	13253	0	4
2026.09.01	07:00:00	4440.22	4440.63	4427.74	4429.63	13064	0	4
2026.09.01	08:00:00	4429.64	4435.02	4412.06	4420.20	15598	0	4
2026.09.01	09:00:00	4420.00	4420.00	4369.44	4370.87	21817	0	4
2026.09.01	10:00:00	4370.85	4378.20	4364.73	4364.74	17245	0	4
2026.09.01	11:00:00	4364.73	4385.97	4364.29	4378.26	14342	0	4
2026.09.01	12:00:00	4378.25	4387.27	4372.06	4374.81	14904	0	4
2026.09.01	13:00:00	4374.54	4376.10	4352.08	4356.45	20336	0	4
2026.09.01	14:00:00	4356.36	4367.50	4326.29	4365.48	26999	0	4
2026.09.01	15:00:00	4365.12	4375.57	4353.34	4360.33	24668	0	4
2026.09.01	16:00:00	4360.48	4373.94	4355.32	4372.96	19798	0	4
2026.09.01	17:00:00	4372.95	4374.81	4347.15	4351.24	21434	0	4
2026.09.01	18:00:00	4351.28	4352.03	4341.06	4343.01	18316	0	4
2026.09.01	19:00:00	4343.00	4344.67	4328.34	4331.79	16388	0	4
2026.09.01	20:00:00	4331.75	4337.70	4322.98	4327.17	15635	0	4
2026.09.01	21:00:00	4327.22	4330.81	4323.74	4328.76	6847	0	4
2026.09.01	23:00:00	4331.90	4333.96	4326.39	4329.47	4533	0	4
2026.09.02	00:00:00	4329.41	4335.84	4323.24	4324.34	6493	0	4
2026.09.02	01:00:00	4324.39	4334.48	4314.78	4315.88	17888	0	4
2026.09.02	02:00:00	4315.84	4326.75	4288.51	4291.00	22365	0	4
2026.09.02	03:00:00	4291.12	4314.78	4287.28	4302.94	16569	0	4
2026.09.02	04:00:00	4302.90	4304.39	4282.64	4303.35	13994	0	4
2026.09.02	05:00:00	4303.36	4307.78	4301.43	4307.33	8902	0	4
2026.09.02	06:00:00	4307.27	4326.61	4303.66	4320.11	14948	0	4
2026.09.02	07:00:00	4320.12	4329.33	4314.64	4321.75	17541	0	4
2026.09.02	08:00:00	4321.76	4331.39	4319.30	4323.21	15833	0	4
2026.09.02	09:00:00	4323.30	4331.66	4312.64	4312.94	14122	0	4
2026.09.02	10:00:00	4312.98	4322.45	4304.92	4308.61	14043	0	4
2026.09.02	11:00:00	4308.63	4312.29	4301.76	4309.29	11382	0	4
2026.09.02	12:00:00	4309.34	4333.01	4307.62	4332.35	16267	0	4
2026.09.02	13:00:00	4332.39	4344.37	4327.56	4331.56	18588	0	4
2026.09.02	14:00:00	4331.51	4385.55	4330.91	4385.46	25050	0	4
2026.09.02	15:00:00	4385.43	4397.57	4374.31	4376.94	25424	0	4
2026.09.02	16:00:00	4376.91	4380.93	4364.62	4373.13	21169	0	4
2026.09.02	17:00:00	4373.14	4374.92	4364.59	4368.33	14977	0	4
2026.09.02	18:00:00	4368.32	4380.81	4364.61	4376.97	13937	0	4
2026.09.02	19:00:00	4377.00	4379.76	4369.31	4374.24	12718	0	4
2026.09.02	20:00:00	4374.38	4391.29	4371.83	4391.15	12939	0	4
2026.09.02	21:00:00	4391.13	4391.59	4383.98	4387.33	5856	0	4
2026.09.02	23:00:00	4391.25	4392.98	4383.63	4384.71	4317	0	4
2026.09.03	00:00:00	4384.74	4388.90	4381.30	4385.73	5379	0	4
2026.09.03	01:00:00	4385.63	4397.35	4382.67	4395.56	11653	0	4
2026.09.03	02:00:00	4395.59	4412.64	4387.36	4410.44	18906	0	4
2026.09.03	03:00:00	4410.51	4420.58	4406.85	4420.45	16134	0	4
2026.09.03	04:00:00	4420.41	4432.64	4419.44	4431.59	12303	0	4
2026.09.03	05:00:00	4431.50	4438.60	4425.73	4437.45	8205	0	4
2026.09.03	06:00:00	4437.46	4440.27	4422.78	4431.12	16403	0	4
2026.09.03	07:00:00	4431.17	4436.28	4418.74	4420.71	16010	0	4
2026.09.03	08:00:00	4420.70	4431.68	4419.11	4428.81	15723	0	4
2026.09.03	09:00:00	4428.84	4443.60	4428.11	4435.03	15908	0	4
2026.09.03	10:00:00	4435.09	4442.01	4425.64	4427.56	13123	0	4
2026.09.03	11:00:00	4427.59	4429.93	4419.11	4427.61	12164	0	4
2026.09.03	12:00:00	4427.46	4445.00	4425.08	4444.24	13729	0	4
2026.09.03	13:00:00	4444.28	4495.22	4437.92	4493.46	21371	0	4
2026.09.03	14:00:00	4493.56	4495.98	4456.93	4470.83	25316	0	4
2026.09.03	15:00:00	4470.85	4485.37	4459.87	4485.36	25284	0	4
2026.09.03	16:00:00	4485.38	4510.81	4484.28	4493.32	23017	0	4
2026.09.03	17:00:00	4493.29	4495.61	4485.51	4486.19	15754	0	4
2026.09.03	18:00:00	4486.22	4494.74	4483.30	4486.68	12490	0	4
2026.09.03	19:00:00	4486.66	4489.84	4474.04	4475.24	14480	0	4
2026.09.03	20:00:00	4475.25	4480.82	4472.74	4474.53	13766	0	4
2026.09.03	21:00:00	4474.89	4475.75	4470.62	4473.24	5024	0	4
2026.09.03	23:00:00	4475.52	4478.79	4471.52	4474.64	5767	0	4
2026.09.04	00:00:00	4474.62	4480.31	4471.65	4480.14	5545	0	4
2026.09.04	01:00:00	4480.12	4487.27	4472.77	4486.42	10596	0	4
2026.09.04	02:00:00	4486.37	4487.23	4467.24	4479.08	16610	0	4
2026.09.04	03:00:00	4479.06	4482.68	4470.30	4477.31	12078	0	4
2026.09.04	04:00:00	4477.32	4478.63	4467.10	4467.10	8797	0	4
2026.09.04	05:00:00	4467.09	4474.93	4465.54	4473.73	6879	0	4
2026.09.04	06:00:00	4473.81	4477.68	4466.88	4472.13	11274	0	4
2026.09.04	07:00:00	4472.16	4473.52	4460.22	4463.05	13526	0	4
2026.09.04	08:00:00	4463.08	4490.86	4461.70	4483.51	12399	0	4
2026.09.04	09:00:00	4483.43	4486.51	4474.50	4477.83	11079	0	4
2026.09.04	10:00:00	4477.80	4479.27	4463.95	4465.63	9795	0	4
2026.09.04	11:00:00	4465.54	4476.51	4465.51	4472.94	8795	0	4
2026.09.04	12:00:00	4472.93	4473.41	4465.30	4467.08	10124	0	4
2026.09.04	13:00:00	4467.23	4475.93	4379.49	4393.84	24083	0	4
2026.09.04	14:00:00	4393.92	4434.83	4365.61	4413.48	28091	0	4
2026.09.04	15:00:00	4413.36	4442.36	4412.16	4427.52	25415	0	4
2026.09.04	16:00:00	4427.62	4449.00	4422.80	4436.71	20849	0	4
2026.09.04	17:00:00	4436.69	4443.46	4432.30	4436.36	15734	0	4
2026.09.04	18:00:00	4436.40	4440.50	4415.68	4416.66	15036	0	4
2026.09.04	19:00:00	4416.65	4426.74	4412.21	4424.02	11821	0	4
2026.09.04	20:00:00	4424.05	4438.45	4422.61	4435.01	10745	0	4
2026.09.04	21:00:00	4434.97	4435.20	4428.78	4429.91	4400	0	4
2026.09.06	23:00:00	4422.13	4435.30	4421.53	4429.45	3796	0	4
2026.09.07	00:00:00	4429.44	4434.12	4421.22	4423.37	5329	0	4
2026.09.07	01:00:00	4423.44	4429.63	4410.31	4412.63	11410	0	4
2026.09.07	02:00:00	4412.68	4416.85	4389.75	4409.25	19147	0	4
2026.09.07	03:00:00	4409.32	4419.10	4403.06	4408.90	13551	0	4
2026.09.07	04:00:00	4408.86	4410.43	4401.33	4404.17	8798	0	4
2026.09.07	05:00:00	4404.16	4407.26	4394.43	4398.05	6443	0	4
2026.09.07	06:00:00	4398.02	4413.34	4393.25	4394.08	11233	0	4
2026.09.07	07:00:00	4394.14	4399.90	4385.34	4392.85	13259	0	4
2026.09.07	08:00:00	4393.03	4406.79	4391.98	4406.42	13525	0	4
2026.09.07	09:00:00	4406.35	4423.98	4405.22	4411.02	14406	0	4
2026.09.07	10:00:00	4411.00	4413.88	4403.74	4405.78	8345	0	4
2026.09.07	11:00:00	4405.70	4406.34	4388.19	4391.73	8299	0	4
2026.09.07	12:00:00	4391.72	4395.04	4381.16	4385.28	9884	0	4
2026.09.07	13:00:00	4385.39	4398.18	4385.39	4396.85	8129	0	4
2026.09.07	14:00:00	4396.90	4407.92	4395.49	4402.68	11350	0	4
2026.09.07	15:00:00	4402.78	4419.67	4401.13	4416.14	11582	0	4
2026.09.07	16:00:00	4416.12	4416.70	4408.88	4414.55	8130	0	4
2026.09.07	17:00:00	4414.57	4417.39	4411.86	4414.50	4357	0	4
2026.09.07	18:00:00	4414.51	4415.12	4407.14	4407.16	3587	0	4
2026.09.07	19:00:00	4407.19	4409.19	4403.73	4405.54	1973	0	4
2026.09.07	23:00:00	4412.22	4413.50	4406.30	4407.71	3230	0	4
2026.09.08	00:00:00	4407.52	4428.05	4407.31	4423.00	8069	0	4
2026.09.08	01:00:00	4423.36	4430.22	4415.23	4426.39	15770	0	4
2026.09.08	02:00:00	4426.38	4440.87	4417.16	4437.08	18130	0	4
2026.09.08	03:00:00	4437.14	4438.73	4421.29	4424.52	13485	0	4
2026.09.08	04:00:00	4424.42	4440.10	4422.64	4437.84	10434	0	4
2026.09.08	05:00:00	4437.98	4443.03	4431.64	4436.07	9226	0	4
2026.09.08	06:00:00	4436.04	4437.77	4417.45	4419.11	13427	0	4
2026.09.08	07:00:00	4419.20	4420.25	4398.26	4403.81	17576	0	4
2026.09.08	08:00:00	4403.87	4409.49	4390.21	4392.48	14995	0	4
2026.09.08	09:00:00	4392.51	4398.66	4387.96	4394.40	16000	0	4
2026.09.08	10:00:00	4394.30	4405.75	4390.88	4403.03	12335	0	4
2026.09.08	11:00:00	4403.05	4406.84	4393.78	4395.38	11275	0	4
2026.09.08	12:00:00	4395.35	4407.97	4391.24	4406.46	12824	0	4
2026.09.08	13:00:00	4406.52	4411.84	4385.46	4411.63	18440	0	4
2026.09.08	14:00:00	4411.61	4412.99	4390.49	4395.61	23423	0	4
2026.09.08	15:00:00	4395.65	4403.74	4389.19	4398.73	21741	0	4
2026.09.08	16:00:00	4398.93	4409.39	4394.76	4394.76	17688	0	4
2026.09.08	17:00:00	4394.75	4398.44	4380.79	4393.77	16652	0	4
2026.09.08	18:00:00	4393.69	4403.80	4385.33	4390.04	13399	0	4
2026.09.08	19:00:00	4390.03	4390.40	4358.34	4375.70	16070	0	4
2026.09.08	20:00:00	4375.67	4377.26	4356.89	4359.49	16754	0	4
2026.09.08	21:00:00	4359.51	4364.42	4345.50	4355.36	7847	0	4
2026.09.08	23:00:00	4357.59	4358.81	4350.57	4354.22	4780	0	4
2026.09.09	00:00:00	4354.10	4359.96	4349.32	4350.02	6332	0	4
2026.09.09	01:00:00	4350.03	4365.67	4341.38	4364.81	13353	0	4
2026.09.09	02:00:00	4364.82	4378.18	4354.18	4373.74	16491	0	4
2026.09.09	03:00:00	4373.78	4384.50	4367.23	4382.35	13465	0	4
2026.09.09	04:00:00	4382.29	4382.88	4375.18	4375.29	9269	0	4
2026.09.09	05:00:00	4375.19	4382.62	4370.70	4381.71	8354	0	4
2026.09.09	06:00:00	4381.64	4400.97	4380.51	4398.85	12029	0	4
2026.09.09	07:00:00	4398.79	4406.11	4395.32	4400.63	12699	0	4
2026.09.09	08:00:00	4400.67	4412.87	4399.38	4409.28	12959	0	4
2026.09.09	09:00:00	4409.20	4412.03	4399.04	4400.69	12530	0	4
2026.09.09	10:00:00	4400.68	4402.30	4388.66	4390.79	11884	0	4
2026.09.09	11:00:00	4390.77	4403.16	4386.31	4399.73	12068	0	4
2026.09.09	12:00:00	4399.69	4415.35	4399.69	4407.42	13449	0	4
2026.09.09	13:00:00	4407.44	4409.44	4390.95	4400.15	16987	0	4
2026.09.09	14:00:00	4400.17	4434.15	4398.81	4415.15	23572	0	4
2026.09.09	15:00:00	4415.14	4428.66	4409.99	4418.73	23461	0	4
2026.09.09	16:00:00	4418.77	4432.28	4375.17	4398.52	26603	0	4
2026.09.09	17:00:00	4398.55	4410.43	4391.64	4409.73	17160	0	4
2026.09.09	18:00:00	4409.59	4420.61	4409.03	4416.13	14651	0	4
2026.09.09	19:00:00	4416.14	4421.56	4401.80	4403.22	12475	0	4
2026.09.09	20:00:00	4403.21	4404.89	4395.69	4399.19	13939	0	4
2026.09.09	21:00:00	4399.21	4401.00	4393.55	4400.59	4968	0	4
2026.09.09	23:00:00	4404.83	4406.15	4397.78	4399.73	5596	0	4
2026.09.10	00:00:00	4399.68	4403.15	4393.25	4394.23	6834	0	4
2026.09.10	01:00:00	4394.24	4404.89	4389.69	4401.14	12636	0	4
2026.09.10	02:00:00	4401.10	4419.14	4400.44	4412.27	19477	0	4
2026.09.10	03:00:00	4412.41	4420.93	4408.24	4419.51	15453	0	4
2026.09.10	04:00:00	4419.56	4421.12	4406.93	4409.17	11084	0	4
2026.09.10	05:00:00	4409.18	4415.60	4405.72	4408.60	7638	0	4
2026.09.10	06:00:00	4408.61	4431.34	4408.32	4431.14	13488	0	4
2026.09.10	07:00:00	4431.11	4434.55	4410.95	4425.31	15615	0	4
2026.09.10	08:00:00	4425.32	4425.46	4404.15	4411.83	14898	0	4
2026.09.10	09:00:00	4411.87	4412.87	4392.52	4394.96	14770	0	4
2026.09.10	10:00:00	4394.93	4396.95	4388.41	4394.10	13546	0	4
2026.09.10	11:00:00	4394.11	4400.24	4375.41	4379.04	17778	0	4
2026.09.10	12:00:00	4379.00	4390.80	4374.52	4374.79	18701	0	4
2026.09.10	13:00:00	4374.72	4377.92	4324.11	4340.08	25439	0	4
2026.09.10	14:00:00	4340.41	4375.97	4339.68	4365.91	28593	0	4
2026.09.10	15:00:00	4366.04	4376.49	4354.01	4358.14	27346	0	4
2026.09.10	16:00:00	4358.21	4372.31	4352.69	4365.87	22362	0	4
2026.09.10	17:00:00	4365.85	4370.03	4354.13	4364.08	21006	0	4
2026.09.10	18:00:00	4364.11	4368.00	4351.27	4352.71	18630	0	4
2026.09.10	19:00:00	4352.87	4356.16	4329.99	4333.06	20835	0	4
2026.09.10	20:00:00	4333.01	4333.01	4313.78	4324.43	17845	0	4
2026.09.10	21:00:00	4324.41	4324.50	4314.61	4316.50	7960	0	4
2026.09.10	23:00:00	4321.61	4324.72	4313.85	4318.68	5665	0	4
2026.09.11	00:00:00	4318.59	4320.57	4311.29	4315.23	7481	0	4
2026.09.11	01:00:00	4315.22	4333.87	4312.84	4332.20	15691	0	4
2026.09.11	02:00:00	4332.23	4340.57	4320.94	4329.44	19774	0	4
2026.09.11	03:00:00	4329.43	4334.72	4316.04	4322.89	15994	0	4
2026.09.11	04:00:00	4322.85	4326.57	4300.91	4303.94	15689	0	4
2026.09.11	05:00:00	4304.11	4335.36	4302.11	4331.85	14325	0	4
2026.09.11	06:00:00	4331.95	4352.12	4328.29	4346.12	16445	0	4
2026.09.11	07:00:00	4346.16	4360.97	4346.03	4353.36	17606	0	4
2026.09.11	08:00:00	4353.08	4356.35	4340.63	4344.99	13793	0	4
2026.09.11	09:00:00	4345.04	4357.51	4342.37	4347.08	16503	0	4
2026.09.11	10:00:00	4347.09	4354.02	4340.85	4346.41	12664	0	4
2026.09.11	11:00:00	4346.39	4350.01	4336.77	4337.64	12386	0	4
2026.09.11	12:00:00	4337.67	4342.68	4330.19	4333.46	14736	0	4
2026.09.11	13:00:00	4333.45	4390.19	4291.77	4388.59	26421	0	4
2026.09.11	14:00:00	4388.60	4402.46	4380.61	4401.68	28474	0	4
2026.09.11	15:00:00	4401.72	4402.56	4364.81	4370.89	26854	0	4
2026.09.11	16:00:00	4370.90	4377.31	4359.25	4367.10	21253	0	4
2026.09.11	17:00:00	4367.07	4372.76	4352.05	4361.70	19430	0	4
2026.09.11	18:00:00	4361.69	4370.42	4357.92	4358.27	15359	0	4
2026.09.11	19:00:00	4358.36	4360.14	4344.18	4347.06	15535	0	4
2026.09.11	20:00:00	4347.30	4353.79	4342.85	4348.39	13741	0	4
2026.09.11	21:00:00	4348.70	4351.49	4345.67	4348.87	5997	0	4
2026.09.13	23:00:00	4338.35	4342.46	4328.21	4338.01	7720	0	4
2026.09.14	00:00:00	4338.00	4342.55	4331.87	4332.92	8245	0	4
2026.09.14	01:00:00	4332.87	4347.54	4329.95	4338.59	16839	0	4
2026.09.14	02:00:00	4338.56	4355.34	4326.24	4353.42	22324	0	4
2026.09.14	03:00:00	4353.36	4355.42	4330.25	4330.96	14478	0	4
2026.09.14	04:00:00	4330.95	4336.62	4327.21	4330.60	11643	0	4
2026.09.14	05:00:00	4330.53	4331.84	4322.27	4329.58	9556	0	4
2026.09.14	06:00:00	4329.60	4337.60	4323.47	4337.48	14039	0	4
2026.09.14	07:00:00	4337.54	4338.78	4320.73	4322.23	16410	0	4
2026.09.14	08:00:00	4322.15	4324.30	4308.01	4310.95	15990	0	4
2026.09.14	09:00:00	4311.21	4318.36	4303.32	4306.73	16129	0	4
2026.09.14	10:00:00	4306.74	4311.79	4278.83	4285.70	18529	0	4
2026.09.14	11:00:00	4285.60	4296.67	4278.45	4294.73	13711	0	4
2026.09.14	12:00:00	4294.67	4296.98	4284.35	4287.11	13197	0	4
2026.09.14	13:00:00	4287.14	4297.65	4265.91	4271.12	21314	0	4
2026.09.14	14:00:00	4271.14	4274.81	4253.64	4273.54	8847	0	4
2026.09.14	15:00:00	4268.95	4283.04	4264.14	4279.55	18759	0	4
2026.09.14	16:00:00	4279.56	4298.38	4272.69	4288.26	17943	0	4
2026.09.14	17:00:00	4288.28	4317.67	4286.35	4315.77	18711	0	4
2026.09.14	18:00:00	4315.78	4316.53	4309.32	4311.40	7732	0	4
2026.09.14	19:00:00	4312.00	4313.33	4304.93	4307.40	9822	0	4
2026.09.14	20:00:00	4307.45	4307.91	4282.85	4283.96	12932	0	4
2026.09.14	21:00:00	4283.63	4299.71	4282.41	4298.55	7513	0	4
2026.09.14	23:00:00	4300.02	4300.36	4292.96	4295.61	6853	0	4
2026.09.15	00:00:00	4295.59	4297.58	4287.23	4288.32	7642	0	4
2026.09.15	01:00:00	4288.27	4296.76	4283.46	4293.16	12431	0	4
2026.09.15	02:00:00	4293.12	4306.57	4288.00	4304.59	17684	0	4
2026.09.15	03:00:00	4304.76	4317.42	4304.76	4314.21	13461	0	4
2026.09.15	04:00:00	4314.24	4314.55	4303.39	4303.63	10777	0	4
2026.09.15	05:00:00	4303.62	4309.73	4300.81	4304.93	9709	0	4
2026.09.15	06:00:00	4304.91	4307.69	4290.82	4291.10	13101	0	4
2026.09.15	07:00:00	4291.11	4295.40	4286.10	4293.51	14759	0	4
2026.09.15	08:00:00	4293.49	4295.63	4276.32	4280.68	15431	0	4
2026.09.15	09:00:00	4280.73	4280.88	4261.42	4262.53	16927	0	4
2026.09.15	10:00:00	4262.50	4272.33	4261.63	4268.43	14533	0	4
2026.09.15	11:00:00	4268.42	4283.94	4268.42	4281.59	12580	0	4
2026.09.15	12:00:00	4281.60	4286.80	4278.76	4284.71	12231	0	4
2026.09.15	13:00:00	4284.57	4295.83	4271.44	4290.65	18362	0	4
2026.09.15	14:00:00	4290.35	4298.44	4283.75	4294.76	22383	0	4
2026.09.15	15:00:00	4294.78	4300.49	4274.20	4277.15	22282	0	4
2026.09.15	16:00:00	4277.00	4294.66	4276.68	4289.38	19017	0	4
2026.09.15	17:00:00	4289.41	4298.40	4285.60	4295.65	15499	0	4
2026.09.15	18:00:00	4295.67	4299.16	4290.39	4295.02	13285	0	4
2026.09.15	19:00:00	4295.05	4310.45	4293.04	4308.79	14606	0	4
2026.09.15	20:00:00	4308.87	4310.76	4294.31	4297.83	12452	0	4
2026.09.15	21:00:00	4297.80	4299.15	4291.97	4293.44	5581	0	4
2026.09.15	23:00:00	4294.07	4299.04	4288.96	4289.09	6458	0	4
2026.09.16	00:00:00	4288.99	4289.59	4281.18	4283.55	7340	0	4
2026.09.16	01:00:00	4283.62	4286.32	4275.56	4277.58	11069	0	4
2026.09.16	02:00:00	4277.53	4293.70	4276.80	4282.64	16632	0	4
2026.09.16	03:00:00	4282.62	4323.49	4282.08	4321.78	18565	0	4
2026.09.16	04:00:00	4321.75	4341.14	4321.62	4327.21	16826	0	4
2026.09.16	05:00:00	4327.14	4328.55	4320.66	4321.91	8624	0	4
2026.09.16	06:00:00	4321.97	4333.81	4320.80	4326.66	13456	0	4
2026.09.16	07:00:00	4326.64	4333.21	4321.53	4333.04	15154	0	4
2026.09.16	08:00:00	4333.03	4339.17	4328.59	4329.42	13911	0	4
2026.09.16	09:00:00	4329.39	4337.75	4323.12	4330.35	15250	0	4
2026.09.16	10:00:00	4330.40	4339.35	4327.54	4338.21	13272	0	4
2026.09.16	11:00:00	4338.22	4349.78	4337.67	4348.55	12611	0	4
2026.09.16	12:00:00	4348.80	4353.58	4341.68	4341.83	12198	0	4
2026.09.16	13:00:00	4341.73	4348.93	4335.55	4347.75	15465	0	4
2026.09.16	14:00:00	4347.69	4360.36	4335.12	4338.65	19312	0	4
2026.09.16	15:00:00	4338.70	4356.11	4324.16	4355.06	21427	0	4
2026.09.16	16:00:00	4355.12	4361.20	4342.95	4352.72	19523	0	4
2026.09.16	17:00:00	4352.77	4352.95	4343.87	4346.60	11709	0	4
2026.09.16	18:00:00	4346.62	4364.78	4341.75	4359.88	12837	0	4
2026.09.16	19:00:00	4359.86	4367.18	4257.40	4261.12	33275	0	4
2026.09.16	20:00:00	4261.21	4287.29	4235.02	4272.33	30912	0	4
2026.09.16	21:00:00	4272.23	4273.86	4257.41	4264.12	12003	0	4
2026.09.16	23:00:00	4260.14	4276.36	4257.59	4266.66	7653	0	4
2026.09.17	00:00:00	4266.67	4275.73	4258.94	4271.68	10871	0	4
2026.09.17	01:00:00	4271.74	4292.40	4266.41	4280.31	17715	0	4
2026.09.17	02:00:00	4280.27	4318.34	4280.27	4300.32	20944	0	4
2026.09.17	03:00:00	4300.38	4301.03	4274.07	4277.27	17662	0	4
2026.09.17	04:00:00	4277.24	4297.50	4277.15	4296.00	13152	0	4
2026.09.17	05:00:00	4296.06	4298.99	4290.39	4297.47	9896	0	4
2026.09.17	06:00:00	4297.48	4305.46	4285.60	4304.57	13984	0	4
2026.09.17	07:00:00	4304.58	4315.33	4304.41	4310.84	16942	0	4
2026.09.17	08:00:00	4310.95	4335.41	4309.40	4327.22	15860	0	4
2026.09.17	09:00:00	4327.23	4328.26	4310.28	4311.71	14679	0	4
2026.09.17	10:00:00	4311.72	4319.38	4305.14	4306.26	13459	0	4
2026.09.17	11:00:00	4306.34	4325.15	4305.16	4324.30	11847	0	4
2026.09.17	12:00:00	4324.29	4353.14	4323.40	4349.98	16986	0	4
2026.09.17	13:00:00	4349.99	4381.33	4343.75	4373.36	24362	0	4
2026.09.17	14:00:00	4373.33	4375.16	4355.49	4366.78	25667	0	4
2026.09.17	15:00:00	4366.83	4380.01	4352.22	4354.05	24212	0	4
2026.09.17	16:00:00	4354.06	4370.22	4351.48	4370.05	18760	0	4
2026.09.17	17:00:00	4370.03	4372.60	4356.00	4362.43	15005	0	4
2026.09.17	18:00:00	4362.45	4365.86	4357.89	4361.32	13914	0	4
2026.09.17	19:00:00	4361.50	4365.68	4348.50	4351.59	13390	0	4
2026.09.17	20:00:00	4351.55	4356.11	4342.79	4346.24	12680	0	4
2026.09.17	21:00:00	4346.28	4347.00	4340.57	4341.76	5489	0	4
2026.09.17	23:00:00	4343.10	4349.66	4341.57	4344.49	6756	0	4
2026.09.18	00:00:00	4344.46	4348.33	4339.95	4346.44	6783	0	4
2026.09.18	01:00:00	4346.34	4360.22	4342.22	4356.45	12476	0	4
2026.09.18	02:00:00	4356.46	4365.71	4344.02	4348.47	17181	0	4
2026.09.18	03:00:00	4348.38	4356.65	4343.37	4346.92	13800	0	4
2026.09.18	04:00:00	4346.86	4360.98	4334.45	4359.34	14129	0	4
2026.09.18	05:00:00	4359.15	4367.15	4352.82	4366.99	9380	0	4
2026.09.18	06:00:00	4366.92	4378.27	4360.25	4377.39	14846	0	4
2026.09.18	07:00:00	4377.40	4397.38	4377.32	4393.48	16525	0	4
2026.09.18	08:00:00	4393.53	4399.62	4388.99	4393.40	14509	0	4
2026.09.18	09:00:00	4393.38	4398.49	4385.19	4392.37	14758	0	4
2026.09.18	10:00:00	4392.36	4398.18	4373.47	4376.63	13613	0	4
2026.09.18	11:00:00	4376.66	4382.13	4375.82	4381.75	12902	0	4
2026.09.18	12:00:00	4381.79	4388.54	4372.68	4381.40	17068	0	4
2026.09.18	13:00:00	4381.57	4382.86	4353.92	4368.91	20379	0	4
2026.09.18	14:00:00	4368.96	4375.62	4347.40	4349.44	23172	0	4
2026.09.18	15:00:00	4349.40	4361.81	4342.77	4353.12	23444	0	4
2026.09.18	16:00:00	4353.09	4358.10	4348.11	4356.73	18153	0	4
2026.09.18	17:00:00	4356.74	4383.75	4354.88	4382.93	17502	0	4
2026.09.18	18:00:00	4382.91	4397.09	4381.80	4393.21	15064	0	4
2026.09.18	19:00:00	4393.18	4394.38	4379.74	4382.26	13821	0	4
2026.09.18	20:00:00	4382.27	4386.15	4374.99	4376.76	12385	0	4
2026.09.18	21:00:00	4376.63	4383.46	4375.71	4377.63	6856	0	4
2026.09.20	23:00:00	4379.49	4382.03	4373.78	4373.80	7122	0	4
2026.09.21	00:00:00	4373.81	4376.24	4369.01	4372.72	7037	0	4
2026.09.21	01:00:00	4372.71	4376.09	4358.59	4366.75	13862	0	4
2026.09.21	02:00:00	4366.76	4383.42	4366.69	4377.56	17737	0	4
2026.09.21	03:00:00	4377.54	4377.85	4361.25	4363.93	14075	0	4
2026.09.21	04:00:00	4363.95	4368.28	4357.93	4359.16	10773	0	4
2026.09.21	05:00:00	4359.14	4365.53	4355.23	4355.97	9020	0	4
2026.09.21	06:00:00	4355.96	4362.07	4349.29	4351.11	12523	0	4
2026.09.21	07:00:00	4351.09	4355.91	4346.34	4353.22	14150	0	4
2026.09.21	08:00:00	4353.25	4356.20	4341.99	4344.46	15277	0	4
2026.09.21	09:00:00	4344.38	4357.72	4343.51	4353.21	12703	0	4
2026.09.21	10:00:00	4353.30	4354.93	4340.08	4345.67	12373	0	4
2026.09.21	11:00:00	4345.68	4356.83	4342.62	4342.79	10523	0	4
2026.09.21	12:00:00	4342.62	4371.11	4341.98	4369.19	12313	0	4
2026.09.21	13:00:00	4369.03	4374.83	4351.37	4359.75	17143	0	4
2026.09.21	14:00:00	4359.61	4369.59	4346.04	4346.13	20687	0	4
2026.09.21	15:00:00	4346.18	4347.24	4322.81	4338.88	23278	0	4
2026.09.21	16:00:00	4338.90	4355.97	4338.89	4348.17	16472	0	4
2026.09.21	17:00:00	4348.28	4356.96	4343.07	4343.36	14807	0	4
2026.09.21	18:00:00	4343.35	4346.88	4337.54	4344.57	12623	0	4
2026.09.21	19:00:00	4344.55	4352.53	4344.09	4346.14	10685	0	4
2026.09.21	20:00:00	4346.10	4353.90	4342.23	4345.13	11227	0	4
2026.09.21	21:00:00	4345.06	4345.30	4339.28	4343.28	5338	0	4
2026.09.21	23:00:00	4347.40	4365.21	4346.49	4361.10	6960	0	4
2026.09.22	00:00:00	4361.21	4370.69	4358.19	4368.64	9802	0	4
2026.09.22	01:00:00	4368.82	4376.23	4348.50	4360.20	14995	0	4
2026.09.22	02:00:00	4360.22	4365.22	4343.64	4348.45	19683	0	4
2026.09.22	03:00:00	4348.63	4355.93	4339.90	4344.78	13728	0	4
2026.09.22	04:00:00	4344.79	4349.39	4339.71	4341.74	10766	0	4
2026.09.22	05:00:00	4341.68	4343.16	4335.08	4342.92	8281	0	4
2026.09.22	06:00:00	4342.90	4347.37	4316.39	4323.69	16620	0	4
2026.09.22	07:00:00	4323.72	4324.38	4315.20	4318.75	15668	0	4
2026.09.22	08:00:00	4318.44	4324.35	4299.67	4301.22	15960	0	4
2026.09.22	09:00:00	4301.15	4335.54	4291.60	4330.23	21420	0	4
2026.09.22	10:00:00	4330.22	4337.97	4312.13	4336.66	19597	0	4
2026.09.22	11:00:00	4336.70	4338.15	4321.75	4321.82	16380	0	4
2026.09.22	12:00:00	4321.75	4323.47	4309.13	4322.67	16992	0	4
2026.09.22	13:00:00	4322.76	4343.96	4320.60	4333.93	18752	0	4
2026.09.22	14:00:00	4333.90	4344.06	4327.75	4333.45	24872	0	4
2026.09.22	15:00:00	4333.53	4338.02	4315.10	4328.10	23571	0	4
2026.09.22	16:00:00	4328.09	4340.75	4325.44	4331.22	18363	0	4
2026.09.22	17:00:00	4331.20	4341.92	4322.58	4336.33	14381	0	4
2026.09.22	18:00:00	4336.32	4352.89	4334.77	4350.88	14073	0	4
2026.09.22	19:00:00	4350.85	4360.68	4347.63	4353.48	17122	0	4
2026.09.22	20:00:00	4353.49	4371.24	4353.39	4364.16	15642	0	4
2026.09.22	21:00:00	4364.11	4364.62	4357.59	4358.10	6499	0	4
2026.09.22	23:00:00	4363.02	4365.31	4360.54	4362.31	5448	0	4
2026.09.23	00:00:00	4362.34	4365.42	4358.36	4363.98	6361	0	4
2026.09.23	01:00:00	4363.96	4369.43	4355.39	4357.59	12912	0	4
2026.09.23	02:00:00	4357.79	4359.27	4339.04	4341.43	15938	0	4
2026.09.23	03:00:00	4341.30	4341.38	4333.41	4334.06	11785	0	4
2026.09.23	04:00:00	4334.07	4345.44	4333.36	4342.76	9384	0	4
2026.09.23	05:00:00	4342.80	4347.41	4342.60	4344.22	6927	0	4
2026.09.23	06:00:00	4344.02	4345.85	4328.11	4334.63	10021	0	4
2026.09.23	07:00:00	4334.62	4337.09	4326.27	4331.44	13490	0	4
2026.09.23	08:00:00	4331.43	4332.88	4319.04	4319.66	14924	0	4
2026.09.23	09:00:00	4319.64	4322.79	4315.54	4318.18	12720	0	4
2026.09.23	10:00:00	4318.19	4320.42	4308.43	4314.20	11049	0	4
2026.09.23	11:00:00	4314.25	4319.05	4312.37	4315.62	10721	0	4
2026.09.23	12:00:00	4315.59	4317.11	4294.75	4309.59	15458	0	4
2026.09.23	13:00:00	4309.56	4319.20	4300.92	4309.87	16447	0	4
2026.09.23	14:00:00	4309.84	4313.54	4280.89	4283.91	24200	0	4
2026.09.23	15:00:00	4283.89	4298.68	4277.93	4294.44	25703	0	4
2026.09.23	16:00:00	4294.47	4297.51	4277.69	4282.28	19624	0	4
2026.09.23	17:00:00	4282.29	4289.74	4278.54	4285.03	15873	0	4
2026.09.23	18:00:00	4285.15	4293.36	4274.94	4293.00	19526	0	4
2026.09.23	19:00:00	4293.01	4294.91	4282.97	4290.41	13506	0	4
2026.09.23	20:00:00	4290.36	4293.39	4281.18	4284.26	13575	0	4
2026.09.23	21:00:00	4284.06	4290.07	4282.61	4286.59	5700	0	4
2026.09.23	23:00:00	4290.36	4294.44	4286.99	4289.51	7164	0	4
2026.09.24	00:00:00	4289.50	4293.34	4285.07	4288.65	6225	0	4
2026.09.24	01:00:00	4288.74	4299.17	4283.98	4298.56	14318	0	4
2026.09.24	02:00:00	4298.53	4303.32	4278.06	4279.18	18719	0	4
2026.09.24	03:00:00	4279.02	4297.10	4273.84	4290.84	15548	0	4
2026.09.24	04:00:00	4290.90	4293.92	4280.63	4285.10	11044	0	4
2026.09.24	05:00:00	4285.11	4290.36	4281.66	4289.58	8901	0	4
2026.09.24	06:00:00	4289.61	4296.35	4277.55	4279.28	13170	0	4
2026.09.24	07:00:00	4279.21	4286.77	4274.42	4276.37	17065	0	4
2026.09.24	08:00:00	4276.41	4288.03	4274.40	4278.69	16792	0	4
2026.09.24	09:00:00	4278.66	4285.65	4260.71	4261.41	21403	0	4
2026.09.24	10:00:00	4261.22	4267.37	4250.91	4255.49	16982	0	4
2026.09.24	11:00:00	4255.51	4264.08	4244.41	4258.35	17323	0	4
2026.09.24	12:00:00	4258.26	4267.96	4252.10	4266.00	15279	0	4
2026.09.24	13:00:00	4265.94	4283.38	4260.58	4281.14	19427	0	4
2026.09.24	14:00:00	4281.11	4285.05	4264.91	4267.63	22188	0	4
2026.09.24	15:00:00	4267.66	4273.20	4252.55	4253.21	22726	0	4
2026.09.24	16:00:00	4253.15	4260.64	4244.81	4256.73	20897	0	4
2026.09.24	17:00:00	4256.75	4288.57	4252.73	4273.18	23580	0	4
2026.09.24	18:00:00	4273.17	4278.02	4257.98	4264.86	20500	0	4
2026.09.24	19:00:00	4264.84	4281.67	4256.28	4271.93	20644	0	4
2026.09.24	20:00:00	4272.01	4275.96	4267.02	4273.86	15065	0	4
2026.09.24	21:00:00	4273.93	4275.11	4264.39	4274.67	8678	0	4
2026.09.24	23:00:00	4274.73	4275.67	4267.86	4272.41	6273	0	4
2026.09.25	00:00:00	4272.42	4275.88	4264.89	4264.98	7754	0	4
2026.09.25	01:00:00	4265.03	4281.11	4264.37	4278.51	14492	0	4
2026.09.25	02:00:00	4278.48	4295.91	4276.90	4287.90	14638	0	4
2026.09.25	03:00:00	4287.92	4295.32	4277.71	4283.81	12708	0	4
2026.09.25	04:00:00	4283.84	4286.28	4269.62	4270.05	11814	0	4
2026.09.25	05:00:00	4270.08	4273.67	4262.78	4263.09	10621	0	4
2026.09.25	06:00:00	4263.08	4275.90	4256.55	4266.91	13396	0	4
2026.09.25	07:00:00	4266.86	4281.61	4266.39	4275.85	14479	0	4
2026.09.25	08:00:00	4275.82	4281.95	4271.21	4279.76	16743	0	4
2026.09.25	09:00:00	4279.67	4297.40	4274.96	4293.44	15449	0	4
2026.09.25	10:00:00	4293.41	4297.95	4289.66	4295.21	16447	0	4
2026.09.25	11:00:00	4295.19	4311.70	4293.92	4311.01	13325	0	4
2026.09.25	12:00:00	4311.06	4315.75	4299.85	4303.08	15857	0	4
2026.09.25	13:00:00	4303.10	4309.49	4296.82	4298.18	19414	0	4
2026.09.25	14:00:00	4298.17	4299.02	4273.55	4275.70	23330	0	4
2026.09.25	15:00:00	4275.78	4280.78	4254.71	4279.21	25412	0	4
2026.09.25	16:00:00	4279.22	4290.85	4270.09	4290.78	22177	0	4
2026.09.25	17:00:00	4290.90	4300.26	4279.47	4286.55	23250	0	4
2026.09.25	18:00:00	4286.51	4293.18	4279.63	4283.24	16783	0	4
2026.09.25	19:00:00	4283.33	4296.17	4282.84	4294.93	15005	0	4
2026.09.25	20:00:00	4294.92	4297.28	4287.91	4291.24	14910	0	4
2026.09.25	21:00:00	4291.22	4292.13	4284.38	4285.55	6567	0	4
2026.09.27	23:00:00	4272.22	4274.84	4257.98	4260.10	7293	0	4
2026.09.28	00:00:00	4258.26	4266.27	4257.56	4260.60	9216	0	4
2026.09.28	01:00:00	4260.46	4261.12	4224.88	4230.95	19438	0	4
2026.09.28	02:00:00	4230.96	4231.71	4205.99	4216.04	23825	0	4
2026.09.28	03:00:00	4216.02	4217.41	4194.32	4196.79	18495	0	4
2026.09.28	04:00:00	4196.80	4203.11	4191.33	4196.83	14109	0	4
2026.09.28	05:00:00	4196.81	4200.23	4194.19	4194.74	8975	0	4
2026.09.28	06:00:00	4194.73	4198.12	4179.04	4179.42	15895	0	4
2026.09.28	07:00:00	4179.20	4181.50	4161.98	4164.29	17927	0	4
2026.09.28	08:00:00	4164.25	4166.37	4151.08	4155.55	18962	0	4
2026.09.28	09:00:00	4155.72	4159.16	4154.02	4158.88	2194	0	4
